++ date -u
+ echo 'I107_START Tue Jul 14 06:28:52 UTC 2026'
I107_START Tue Jul 14 06:28:52 UTC 2026
+ HUGSIM=/opt/sentinel-stack/HUGSIM
+ UNIAD_SIM=/opt/sentinel-stack/UniAD_SIM
+ SCEN_DIR=/datasets/nuscenes-full/hugsim/extracted/scenarios/nuscenes
+ ZIP_DIR=/datasets/nuscenes-full/hugsim/scenes/nuscenes
+ SCENES_DIR=/datasets/nuscenes-full/hugsim/extracted/scenes/nuscenes
+ OUT_BASE=/datasets/nuscenes-full/hugsim/outputs/nusc_uniad
+ RUNS=/datasets/nuscenes-full/hugsim/iter107_runs
+ RUNS46=/datasets/nuscenes-full/hugsim/iter46_runs
+ MAPS_EXPANSION=/datasets/nuscenes-full/maps/expansion
+ REALCAR=/datasets/nuscenes-full/hugsim/3DRealCar
+ HUGSIM_PATCH=/tmp/iter107_hugsim_provenance.patch
+ MONITOR_PATCH=/tmp/iter107_client_patch.py
+ MANIFEST=/tmp/iter107_timing_aware_batch_launch_manifest.json
+ SHIM=/opt/sentinel-stack/hugsim-shim/sitecustomize.py
+ CKPT=/opt/sentinel-stack/UniAD/ckpts/uniad_base_e2e.pth
+ FROZEN_MANIFEST_SHA=19d336364ab46f9e2e6bc881ffe4c7bad354471a851195b8609797d42e735f5a
+ FROZEN_HUGSIM_SHA=62c690d39fd90020e68a196bd8bcc1c4d4191f2e
+ FROZEN_UNIADSIM_SHA=5fb279e39912a5ac7f58e00d56b065cadcd0a749
+ FROZEN_CKPT_SHA=0ad0c2f5dc9788a41c313305779ea49346aeb742d1f6bb5ad25c46f9beffc990
+ FROZEN_SHIM_SHA=5bf69a1187478c52d49792d5871bd5732c6dd431ecd1f44b5e391f7adb80682c
+ FROZEN_IMAGE_ID=f73ef3884063
+ FROZEN_MONITOR_PATCH_SHA=6b39fd79d00c7bdb937c6d240fbc4648661b235f1a3024912d62874937146c5c
+ FROZEN_HUGSIM_PATCH_SHA=49eee7611e4b881d2bb6233e8767913019c6a097c6883762414005d5b2284ecd
+ EPISODE_TIMEOUT=1200
+ DISK_MIN_GIB=20
+ export PIXI_HOME=/datasets/nuscenes-full/hugsim-envs/pixi-home
+ PIXI_HOME=/datasets/nuscenes-full/hugsim-envs/pixi-home
+ export PIXI_CACHE_DIR=/datasets/nuscenes-full/hugsim-envs/pixi-cache
+ PIXI_CACHE_DIR=/datasets/nuscenes-full/hugsim-envs/pixi-cache
+ export PATH=/datasets/nuscenes-full/hugsim-envs/pixi-home/bin:/usr/local/sbin:/usr/local/bin:/usr/sbin:/usr/bin:/sbin:/bin:/snap/bin
+ PATH=/datasets/nuscenes-full/hugsim-envs/pixi-home/bin:/usr/local/sbin:/usr/local/bin:/usr/sbin:/usr/bin:/sbin:/bin:/snap/bin
+ mkdir -p /datasets/nuscenes-full/hugsim/iter107_runs
++ git -C /opt/sentinel-stack/HUGSIM rev-parse HEAD
+ '[' 62c690d39fd90020e68a196bd8bcc1c4d4191f2e = 62c690d39fd90020e68a196bd8bcc1c4d4191f2e ']'
++ git -C /opt/sentinel-stack/UniAD_SIM rev-parse HEAD
+ '[' 5fb279e39912a5ac7f58e00d56b065cadcd0a749 = 5fb279e39912a5ac7f58e00d56b065cadcd0a749 ']'
++ sha256sum /opt/sentinel-stack/UniAD/ckpts/uniad_base_e2e.pth
++ cut '-d ' -f1
+ '[' 0ad0c2f5dc9788a41c313305779ea49346aeb742d1f6bb5ad25c46f9beffc990 = 0ad0c2f5dc9788a41c313305779ea49346aeb742d1f6bb5ad25c46f9beffc990 ']'
++ sha256sum /opt/sentinel-stack/hugsim-shim/sitecustomize.py
++ cut '-d ' -f1
+ '[' 5bf69a1187478c52d49792d5871bd5732c6dd431ecd1f44b5e391f7adb80682c = 5bf69a1187478c52d49792d5871bd5732c6dd431ecd1f44b5e391f7adb80682c ']'
++ sha256sum /tmp/iter107_client_patch.py
++ cut '-d ' -f1
+ '[' 6b39fd79d00c7bdb937c6d240fbc4648661b235f1a3024912d62874937146c5c = 6b39fd79d00c7bdb937c6d240fbc4648661b235f1a3024912d62874937146c5c ']'
+ docker images --format '{{.ID}}' uniad:latest
+ grep -q f73ef3884063
+ write_manifest_files
++ sha256sum /tmp/iter107_timing_aware_batch_launch_manifest.json
++ cut '-d ' -f1
+ '[' 19d336364ab46f9e2e6bc881ffe4c7bad354471a851195b8609797d42e735f5a = 19d336364ab46f9e2e6bc881ffe4c7bad354471a851195b8609797d42e735f5a ']'
+ echo '19d336364ab46f9e2e6bc881ffe4c7bad354471a851195b8609797d42e735f5a  iter107_timing_aware_batch_launch_manifest.json'
+ python3 - /tmp/iter107_timing_aware_batch_launch_manifest.json /datasets/nuscenes-full/hugsim/iter107_runs/frozen_scenarios_iter107.sha256 /datasets/nuscenes-full/hugsim/iter107_runs/slot_schedule_iter107.tsv
+ cd /datasets/nuscenes-full/hugsim/extracted/scenarios/nuscenes
+ sha256sum -c /datasets/nuscenes-full/hugsim/iter107_runs/frozen_scenarios_iter107.sha256
scene-0138-medium-01.yaml: OK
scene-0064-hard-00.yaml: OK
scene-0166-easy-00.yaml: OK
scene-0138-medium-01.yaml: OK
scene-0064-easy-00.yaml: OK
scene-0166-medium-01.yaml: OK
scene-0064-hard-00.yaml: OK
scene-0411-extreme-00.yaml: OK
scene-0071-easy-00.yaml: OK
scene-0411-hard-00.yaml: OK
scene-0138-hard-00.yaml: OK
scene-0071-extreme-00.yaml: OK
scene-0064-medium-01.yaml: OK
+ for loc in singapore-onenorth singapore-hollandvillage singapore-queenstown boston-seaport
+ '[' -s /datasets/nuscenes-full/maps/expansion/singapore-onenorth.json ']'
+ for loc in singapore-onenorth singapore-hollandvillage singapore-queenstown boston-seaport
+ '[' -s /datasets/nuscenes-full/maps/expansion/singapore-hollandvillage.json ']'
+ for loc in singapore-onenorth singapore-hollandvillage singapore-queenstown boston-seaport
+ '[' -s /datasets/nuscenes-full/maps/expansion/singapore-queenstown.json ']'
+ for loc in singapore-onenorth singapore-hollandvillage singapore-queenstown boston-seaport
+ '[' -s /datasets/nuscenes-full/maps/expansion/boston-seaport.json ']'
++ cat /datasets/nuscenes-full/hugsim/iter46_runs/d0_verdict.txt
+ '[' stochastic = stochastic ']'
++ docker ps -q
++ wc -l
+ '[' 0 '!=' 0 ']'
+ apply_hugsim_patch
++ sha256sum /tmp/iter107_hugsim_provenance.patch
++ cut '-d ' -f1
+ '[' 49eee7611e4b881d2bb6233e8767913019c6a097c6883762414005d5b2284ecd = 49eee7611e4b881d2bb6233e8767913019c6a097c6883762414005d5b2284ecd ']'
+ git -C /opt/sentinel-stack/HUGSIM apply --check /tmp/iter107_hugsim_provenance.patch
error: patch failed: sim/utils/score_calculator.py:121
error: sim/utils/score_calculator.py: patch does not apply
+ git -C /opt/sentinel-stack/HUGSIM apply --reverse --check /tmp/iter107_hugsim_provenance.patch
+ echo I107_HUGSIM_PATCH_ALREADY_APPLIED
I107_HUGSIM_PATCH_ALREADY_APPLIED
+ python3 -m py_compile /opt/sentinel-stack/HUGSIM/sim/utils/score_calculator.py
++ python3 /tmp/iter107_client_patch.py
+ PATCH_OUT='ITER48_UNION_PATCHED
ITER48_E2E_PY_SHA256=23cce8a2a559b60dc3de394ba890a28adc13b5b24d222936478dad6f83f9aea3
ITER48_E2E_SH_SHA256=8b404adcbc7fea328a5fbbd10c5256656444739b3af79ca26676a45464471aa7'
+ echo 'ITER48_UNION_PATCHED
ITER48_E2E_PY_SHA256=23cce8a2a559b60dc3de394ba890a28adc13b5b24d222936478dad6f83f9aea3
ITER48_E2E_SH_SHA256=8b404adcbc7fea328a5fbbd10c5256656444739b3af79ca26676a45464471aa7'
ITER48_UNION_PATCHED
ITER48_E2E_PY_SHA256=23cce8a2a559b60dc3de394ba890a28adc13b5b24d222936478dad6f83f9aea3
ITER48_E2E_SH_SHA256=8b404adcbc7fea328a5fbbd10c5256656444739b3af79ca26676a45464471aa7
+ echo 'ITER48_UNION_PATCHED
ITER48_E2E_PY_SHA256=23cce8a2a559b60dc3de394ba890a28adc13b5b24d222936478dad6f83f9aea3
ITER48_E2E_SH_SHA256=8b404adcbc7fea328a5fbbd10c5256656444739b3af79ca26676a45464471aa7'
+ grep -q ITER48_UNION_PATCHED
++ echo 'ITER48_UNION_PATCHED
ITER48_E2E_PY_SHA256=23cce8a2a559b60dc3de394ba890a28adc13b5b24d222936478dad6f83f9aea3
ITER48_E2E_SH_SHA256=8b404adcbc7fea328a5fbbd10c5256656444739b3af79ca26676a45464471aa7'
++ grep ITER48_E2E_PY_SHA256=
++ cut -d= -f2
+ E2E_PY_SHA=23cce8a2a559b60dc3de394ba890a28adc13b5b24d222936478dad6f83f9aea3
++ echo 'ITER48_UNION_PATCHED
ITER48_E2E_PY_SHA256=23cce8a2a559b60dc3de394ba890a28adc13b5b24d222936478dad6f83f9aea3
ITER48_E2E_SH_SHA256=8b404adcbc7fea328a5fbbd10c5256656444739b3af79ca26676a45464471aa7'
++ grep ITER48_E2E_SH_SHA256=
++ cut -d= -f2
+ E2E_SH_SHA=8b404adcbc7fea328a5fbbd10c5256656444739b3af79ca26676a45464471aa7
+ LINKED=0
+ for car in "$REALCAR"/*/
+ '[' -f /datasets/nuscenes-full/hugsim/3DRealCar/2024_04_22_10_35_34//gs.pth ']'
+ '[' '!' -e /datasets/nuscenes-full/hugsim/3DRealCar/2024_04_22_10_35_34//postprocess/shadow.pth ']'
+ for car in "$REALCAR"/*/
+ '[' -f /datasets/nuscenes-full/hugsim/3DRealCar/2024_06_04_13_44_39//gs.pth ']'
+ '[' '!' -e /datasets/nuscenes-full/hugsim/3DRealCar/2024_06_04_13_44_39//postprocess/shadow.pth ']'
+ for car in "$REALCAR"/*/
+ '[' -f /datasets/nuscenes-full/hugsim/3DRealCar/2024_06_04_15_34_51//gs.pth ']'
+ '[' '!' -e /datasets/nuscenes-full/hugsim/3DRealCar/2024_06_04_15_34_51//postprocess/shadow.pth ']'
+ for car in "$REALCAR"/*/
+ '[' -f /datasets/nuscenes-full/hugsim/3DRealCar/2024_06_04_15_45_41//gs.pth ']'
+ '[' '!' -e /datasets/nuscenes-full/hugsim/3DRealCar/2024_06_04_15_45_41//postprocess/shadow.pth ']'
+ for car in "$REALCAR"/*/
+ '[' -f /datasets/nuscenes-full/hugsim/3DRealCar/2024_06_04_16_00_28//gs.pth ']'
+ '[' '!' -e /datasets/nuscenes-full/hugsim/3DRealCar/2024_06_04_16_00_28//postprocess/shadow.pth ']'
+ for car in "$REALCAR"/*/
+ '[' -f /datasets/nuscenes-full/hugsim/3DRealCar/2024_07_01_14_01_13//gs.pth ']'
+ '[' '!' -e /datasets/nuscenes-full/hugsim/3DRealCar/2024_07_01_14_01_13//postprocess/shadow.pth ']'
+ for car in "$REALCAR"/*/
+ '[' -f /datasets/nuscenes-full/hugsim/3DRealCar/2024_07_01_14_05_04//gs.pth ']'
+ '[' '!' -e /datasets/nuscenes-full/hugsim/3DRealCar/2024_07_01_14_05_04//postprocess/shadow.pth ']'
+ for car in "$REALCAR"/*/
+ '[' -f /datasets/nuscenes-full/hugsim/3DRealCar/2024_07_01_14_11_39//gs.pth ']'
+ '[' '!' -e /datasets/nuscenes-full/hugsim/3DRealCar/2024_07_01_14_11_39//postprocess/shadow.pth ']'
+ for car in "$REALCAR"/*/
+ '[' -f /datasets/nuscenes-full/hugsim/3DRealCar/2024_07_01_15_27_18//gs.pth ']'
+ '[' '!' -e /datasets/nuscenes-full/hugsim/3DRealCar/2024_07_01_15_27_18//postprocess/shadow.pth ']'
+ for car in "$REALCAR"/*/
+ '[' -f /datasets/nuscenes-full/hugsim/3DRealCar/2024_07_01_15_30_39//gs.pth ']'
+ '[' '!' -e /datasets/nuscenes-full/hugsim/3DRealCar/2024_07_01_15_30_39//postprocess/shadow.pth ']'
+ for car in "$REALCAR"/*/
+ '[' -f /datasets/nuscenes-full/hugsim/3DRealCar/2024_07_01_15_33_04//gs.pth ']'
+ '[' '!' -e /datasets/nuscenes-full/hugsim/3DRealCar/2024_07_01_15_33_04//postprocess/shadow.pth ']'
+ for car in "$REALCAR"/*/
+ '[' -f /datasets/nuscenes-full/hugsim/3DRealCar/2024_07_01_15_35_44//gs.pth ']'
+ '[' '!' -e /datasets/nuscenes-full/hugsim/3DRealCar/2024_07_01_15_35_44//postprocess/shadow.pth ']'
+ for car in "$REALCAR"/*/
+ '[' -f /datasets/nuscenes-full/hugsim/3DRealCar/2024_07_01_15_39_05//gs.pth ']'
+ '[' '!' -e /datasets/nuscenes-full/hugsim/3DRealCar/2024_07_01_15_39_05//postprocess/shadow.pth ']'
+ for car in "$REALCAR"/*/
+ '[' -f /datasets/nuscenes-full/hugsim/3DRealCar/2024_07_01_15_42_20//gs.pth ']'
+ '[' '!' -e /datasets/nuscenes-full/hugsim/3DRealCar/2024_07_01_15_42_20//postprocess/shadow.pth ']'
+ for car in "$REALCAR"/*/
+ '[' -f /datasets/nuscenes-full/hugsim/3DRealCar/2024_07_01_15_57_03//gs.pth ']'
+ '[' '!' -e /datasets/nuscenes-full/hugsim/3DRealCar/2024_07_01_15_57_03//postprocess/shadow.pth ']'
+ for car in "$REALCAR"/*/
+ '[' -f /datasets/nuscenes-full/hugsim/3DRealCar/2024_07_01_15_59_33//gs.pth ']'
+ '[' '!' -e /datasets/nuscenes-full/hugsim/3DRealCar/2024_07_01_15_59_33//postprocess/shadow.pth ']'
+ for car in "$REALCAR"/*/
+ '[' -f /datasets/nuscenes-full/hugsim/3DRealCar/2024_07_01_16_07_37//gs.pth ']'
+ '[' '!' -e /datasets/nuscenes-full/hugsim/3DRealCar/2024_07_01_16_07_37//postprocess/shadow.pth ']'
+ for car in "$REALCAR"/*/
+ '[' -f /datasets/nuscenes-full/hugsim/3DRealCar/2024_07_01_16_10_59//gs.pth ']'
+ '[' '!' -e /datasets/nuscenes-full/hugsim/3DRealCar/2024_07_01_16_10_59//postprocess/shadow.pth ']'
+ for car in "$REALCAR"/*/
+ '[' -f /datasets/nuscenes-full/hugsim/3DRealCar/2024_07_01_16_20_24//gs.pth ']'
+ '[' '!' -e /datasets/nuscenes-full/hugsim/3DRealCar/2024_07_01_16_20_24//postprocess/shadow.pth ']'
+ for car in "$REALCAR"/*/
+ '[' -f /datasets/nuscenes-full/hugsim/3DRealCar/2024_07_01_17_18_50//gs.pth ']'
+ '[' '!' -e /datasets/nuscenes-full/hugsim/3DRealCar/2024_07_01_17_18_50//postprocess/shadow.pth ']'
+ for car in "$REALCAR"/*/
+ '[' -f /datasets/nuscenes-full/hugsim/3DRealCar/2024_07_01_17_26_25//gs.pth ']'
+ '[' '!' -e /datasets/nuscenes-full/hugsim/3DRealCar/2024_07_01_17_26_25//postprocess/shadow.pth ']'
+ for car in "$REALCAR"/*/
+ '[' -f /datasets/nuscenes-full/hugsim/3DRealCar/2024_07_01_17_29_14//gs.pth ']'
+ '[' '!' -e /datasets/nuscenes-full/hugsim/3DRealCar/2024_07_01_17_29_14//postprocess/shadow.pth ']'
+ for car in "$REALCAR"/*/
+ '[' -f /datasets/nuscenes-full/hugsim/3DRealCar/2024_07_01_17_52_36//gs.pth ']'
+ '[' '!' -e /datasets/nuscenes-full/hugsim/3DRealCar/2024_07_01_17_52_36//postprocess/shadow.pth ']'
+ for car in "$REALCAR"/*/
+ '[' -f /datasets/nuscenes-full/hugsim/3DRealCar/2024_07_02_13_39_21//gs.pth ']'
+ '[' '!' -e /datasets/nuscenes-full/hugsim/3DRealCar/2024_07_02_13_39_21//postprocess/shadow.pth ']'
+ for car in "$REALCAR"/*/
+ '[' -f /datasets/nuscenes-full/hugsim/3DRealCar/2024_07_02_13_41_48//gs.pth ']'
+ '[' '!' -e /datasets/nuscenes-full/hugsim/3DRealCar/2024_07_02_13_41_48//postprocess/shadow.pth ']'
+ for car in "$REALCAR"/*/
+ '[' -f /datasets/nuscenes-full/hugsim/3DRealCar/2024_07_02_13_45_45//gs.pth ']'
+ '[' '!' -e /datasets/nuscenes-full/hugsim/3DRealCar/2024_07_02_13_45_45//postprocess/shadow.pth ']'
+ for car in "$REALCAR"/*/
+ '[' -f /datasets/nuscenes-full/hugsim/3DRealCar/2024_07_02_13_48_48//gs.pth ']'
+ '[' '!' -e /datasets/nuscenes-full/hugsim/3DRealCar/2024_07_02_13_48_48//postprocess/shadow.pth ']'
+ for car in "$REALCAR"/*/
+ '[' -f /datasets/nuscenes-full/hugsim/3DRealCar/2024_07_02_13_51_10//gs.pth ']'
+ '[' '!' -e /datasets/nuscenes-full/hugsim/3DRealCar/2024_07_02_13_51_10//postprocess/shadow.pth ']'
+ for car in "$REALCAR"/*/
+ '[' -f /datasets/nuscenes-full/hugsim/3DRealCar/2024_07_02_13_53_41//gs.pth ']'
+ '[' '!' -e /datasets/nuscenes-full/hugsim/3DRealCar/2024_07_02_13_53_41//postprocess/shadow.pth ']'
+ for car in "$REALCAR"/*/
+ '[' -f /datasets/nuscenes-full/hugsim/3DRealCar/2024_07_02_14_02_40//gs.pth ']'
+ '[' '!' -e /datasets/nuscenes-full/hugsim/3DRealCar/2024_07_02_14_02_40//postprocess/shadow.pth ']'
+ for car in "$REALCAR"/*/
+ '[' -f /datasets/nuscenes-full/hugsim/3DRealCar/2024_07_02_14_12_08//gs.pth ']'
+ '[' '!' -e /datasets/nuscenes-full/hugsim/3DRealCar/2024_07_02_14_12_08//postprocess/shadow.pth ']'
+ for car in "$REALCAR"/*/
+ '[' -f /datasets/nuscenes-full/hugsim/3DRealCar/2024_07_02_14_14_52//gs.pth ']'
+ '[' '!' -e /datasets/nuscenes-full/hugsim/3DRealCar/2024_07_02_14_14_52//postprocess/shadow.pth ']'
+ for car in "$REALCAR"/*/
+ '[' -f /datasets/nuscenes-full/hugsim/3DRealCar/2024_07_02_14_20_29//gs.pth ']'
+ '[' '!' -e /datasets/nuscenes-full/hugsim/3DRealCar/2024_07_02_14_20_29//postprocess/shadow.pth ']'
+ for car in "$REALCAR"/*/
+ '[' -f /datasets/nuscenes-full/hugsim/3DRealCar/2024_07_02_14_23_13//gs.pth ']'
+ '[' '!' -e /datasets/nuscenes-full/hugsim/3DRealCar/2024_07_02_14_23_13//postprocess/shadow.pth ']'
+ for car in "$REALCAR"/*/
+ '[' -f /datasets/nuscenes-full/hugsim/3DRealCar/2024_07_02_14_25_45//gs.pth ']'
+ '[' '!' -e /datasets/nuscenes-full/hugsim/3DRealCar/2024_07_02_14_25_45//postprocess/shadow.pth ']'
+ for car in "$REALCAR"/*/
+ '[' -f /datasets/nuscenes-full/hugsim/3DRealCar/2024_07_02_14_29_47//gs.pth ']'
+ '[' '!' -e /datasets/nuscenes-full/hugsim/3DRealCar/2024_07_02_14_29_47//postprocess/shadow.pth ']'
+ for car in "$REALCAR"/*/
+ '[' -f /datasets/nuscenes-full/hugsim/3DRealCar/2024_07_02_14_32_17//gs.pth ']'
+ '[' '!' -e /datasets/nuscenes-full/hugsim/3DRealCar/2024_07_02_14_32_17//postprocess/shadow.pth ']'
+ for car in "$REALCAR"/*/
+ '[' -f /datasets/nuscenes-full/hugsim/3DRealCar/2024_07_02_14_35_19//gs.pth ']'
+ '[' '!' -e /datasets/nuscenes-full/hugsim/3DRealCar/2024_07_02_14_35_19//postprocess/shadow.pth ']'
+ for car in "$REALCAR"/*/
+ '[' -f /datasets/nuscenes-full/hugsim/3DRealCar/2024_07_02_14_38_58//gs.pth ']'
+ '[' '!' -e /datasets/nuscenes-full/hugsim/3DRealCar/2024_07_02_14_38_58//postprocess/shadow.pth ']'
+ for car in "$REALCAR"/*/
+ '[' -f /datasets/nuscenes-full/hugsim/3DRealCar/2024_07_02_14_41_28//gs.pth ']'
+ '[' '!' -e /datasets/nuscenes-full/hugsim/3DRealCar/2024_07_02_14_41_28//postprocess/shadow.pth ']'
+ for car in "$REALCAR"/*/
+ '[' -f /datasets/nuscenes-full/hugsim/3DRealCar/2024_07_02_14_44_26//gs.pth ']'
+ '[' '!' -e /datasets/nuscenes-full/hugsim/3DRealCar/2024_07_02_14_44_26//postprocess/shadow.pth ']'
+ for car in "$REALCAR"/*/
+ '[' -f /datasets/nuscenes-full/hugsim/3DRealCar/2024_07_02_14_47_09//gs.pth ']'
+ '[' '!' -e /datasets/nuscenes-full/hugsim/3DRealCar/2024_07_02_14_47_09//postprocess/shadow.pth ']'
+ for car in "$REALCAR"/*/
+ '[' -f /datasets/nuscenes-full/hugsim/3DRealCar/2024_07_02_14_50_36//gs.pth ']'
+ '[' '!' -e /datasets/nuscenes-full/hugsim/3DRealCar/2024_07_02_14_50_36//postprocess/shadow.pth ']'
+ for car in "$REALCAR"/*/
+ '[' -f /datasets/nuscenes-full/hugsim/3DRealCar/2024_07_02_14_58_12//gs.pth ']'
+ '[' '!' -e /datasets/nuscenes-full/hugsim/3DRealCar/2024_07_02_14_58_12//postprocess/shadow.pth ']'
+ for car in "$REALCAR"/*/
+ '[' -f /datasets/nuscenes-full/hugsim/3DRealCar/2024_07_02_15_03_37//gs.pth ']'
+ '[' '!' -e /datasets/nuscenes-full/hugsim/3DRealCar/2024_07_02_15_03_37//postprocess/shadow.pth ']'
+ for car in "$REALCAR"/*/
+ '[' -f /datasets/nuscenes-full/hugsim/3DRealCar/2024_07_02_15_16_48//gs.pth ']'
+ '[' '!' -e /datasets/nuscenes-full/hugsim/3DRealCar/2024_07_02_15_16_48//postprocess/shadow.pth ']'
+ for car in "$REALCAR"/*/
+ '[' -f /datasets/nuscenes-full/hugsim/3DRealCar/2024_07_02_15_18_44//gs.pth ']'
+ '[' '!' -e /datasets/nuscenes-full/hugsim/3DRealCar/2024_07_02_15_18_44//postprocess/shadow.pth ']'
+ for car in "$REALCAR"/*/
+ '[' -f /datasets/nuscenes-full/hugsim/3DRealCar/2024_07_02_15_21_00//gs.pth ']'
+ '[' '!' -e /datasets/nuscenes-full/hugsim/3DRealCar/2024_07_02_15_21_00//postprocess/shadow.pth ']'
+ for car in "$REALCAR"/*/
+ '[' -f /datasets/nuscenes-full/hugsim/3DRealCar/2024_07_02_15_23_11//gs.pth ']'
+ '[' '!' -e /datasets/nuscenes-full/hugsim/3DRealCar/2024_07_02_15_23_11//postprocess/shadow.pth ']'
+ for car in "$REALCAR"/*/
+ '[' -f /datasets/nuscenes-full/hugsim/3DRealCar/2024_07_02_15_25_20//gs.pth ']'
+ '[' '!' -e /datasets/nuscenes-full/hugsim/3DRealCar/2024_07_02_15_25_20//postprocess/shadow.pth ']'
+ for car in "$REALCAR"/*/
+ '[' -f /datasets/nuscenes-full/hugsim/3DRealCar/2024_07_02_15_27_44//gs.pth ']'
+ '[' '!' -e /datasets/nuscenes-full/hugsim/3DRealCar/2024_07_02_15_27_44//postprocess/shadow.pth ']'
+ for car in "$REALCAR"/*/
+ '[' -f /datasets/nuscenes-full/hugsim/3DRealCar/2024_07_02_15_30_07//gs.pth ']'
+ '[' '!' -e /datasets/nuscenes-full/hugsim/3DRealCar/2024_07_02_15_30_07//postprocess/shadow.pth ']'
+ for car in "$REALCAR"/*/
+ '[' -f /datasets/nuscenes-full/hugsim/3DRealCar/2024_07_02_15_33_12//gs.pth ']'
+ '[' '!' -e /datasets/nuscenes-full/hugsim/3DRealCar/2024_07_02_15_33_12//postprocess/shadow.pth ']'
+ for car in "$REALCAR"/*/
+ '[' -f /datasets/nuscenes-full/hugsim/3DRealCar/2024_07_02_15_36_05//gs.pth ']'
+ '[' '!' -e /datasets/nuscenes-full/hugsim/3DRealCar/2024_07_02_15_36_05//postprocess/shadow.pth ']'
+ for car in "$REALCAR"/*/
+ '[' -f /datasets/nuscenes-full/hugsim/3DRealCar/2024_07_02_15_39_20//gs.pth ']'
+ '[' '!' -e /datasets/nuscenes-full/hugsim/3DRealCar/2024_07_02_15_39_20//postprocess/shadow.pth ']'
+ for car in "$REALCAR"/*/
+ '[' -f /datasets/nuscenes-full/hugsim/3DRealCar/2024_07_02_15_41_49//gs.pth ']'
+ '[' '!' -e /datasets/nuscenes-full/hugsim/3DRealCar/2024_07_02_15_41_49//postprocess/shadow.pth ']'
+ for car in "$REALCAR"/*/
+ '[' -f /datasets/nuscenes-full/hugsim/3DRealCar/2024_07_02_15_50_01//gs.pth ']'
+ '[' '!' -e /datasets/nuscenes-full/hugsim/3DRealCar/2024_07_02_15_50_01//postprocess/shadow.pth ']'
+ for car in "$REALCAR"/*/
+ '[' -f /datasets/nuscenes-full/hugsim/3DRealCar/2024_07_02_15_52_22//gs.pth ']'
+ '[' '!' -e /datasets/nuscenes-full/hugsim/3DRealCar/2024_07_02_15_52_22//postprocess/shadow.pth ']'
+ for car in "$REALCAR"/*/
+ '[' -f /datasets/nuscenes-full/hugsim/3DRealCar/2024_07_02_15_54_50//gs.pth ']'
+ '[' '!' -e /datasets/nuscenes-full/hugsim/3DRealCar/2024_07_02_15_54_50//postprocess/shadow.pth ']'
+ for car in "$REALCAR"/*/
+ '[' -f /datasets/nuscenes-full/hugsim/3DRealCar/2024_07_05_10_00_42//gs.pth ']'
+ '[' '!' -e /datasets/nuscenes-full/hugsim/3DRealCar/2024_07_05_10_00_42//postprocess/shadow.pth ']'
+ for car in "$REALCAR"/*/
+ '[' -f /datasets/nuscenes-full/hugsim/3DRealCar/2024_07_05_10_02_27//gs.pth ']'
+ '[' '!' -e /datasets/nuscenes-full/hugsim/3DRealCar/2024_07_05_10_02_27//postprocess/shadow.pth ']'
+ for car in "$REALCAR"/*/
+ '[' -f /datasets/nuscenes-full/hugsim/3DRealCar/2024_07_05_10_06_01//gs.pth ']'
+ '[' '!' -e /datasets/nuscenes-full/hugsim/3DRealCar/2024_07_05_10_06_01//postprocess/shadow.pth ']'
+ for car in "$REALCAR"/*/
+ '[' -f /datasets/nuscenes-full/hugsim/3DRealCar/2024_07_05_10_17_38//gs.pth ']'
+ '[' '!' -e /datasets/nuscenes-full/hugsim/3DRealCar/2024_07_05_10_17_38//postprocess/shadow.pth ']'
+ for car in "$REALCAR"/*/
+ '[' -f /datasets/nuscenes-full/hugsim/3DRealCar/2024_07_05_10_31_52//gs.pth ']'
+ '[' '!' -e /datasets/nuscenes-full/hugsim/3DRealCar/2024_07_05_10_31_52//postprocess/shadow.pth ']'
+ for car in "$REALCAR"/*/
+ '[' -f /datasets/nuscenes-full/hugsim/3DRealCar/2024_07_05_10_40_08//gs.pth ']'
+ '[' '!' -e /datasets/nuscenes-full/hugsim/3DRealCar/2024_07_05_10_40_08//postprocess/shadow.pth ']'
+ for car in "$REALCAR"/*/
+ '[' -f /datasets/nuscenes-full/hugsim/3DRealCar/2024_07_05_10_41_03//gs.pth ']'
+ '[' '!' -e /datasets/nuscenes-full/hugsim/3DRealCar/2024_07_05_10_41_03//postprocess/shadow.pth ']'
+ for car in "$REALCAR"/*/
+ '[' -f /datasets/nuscenes-full/hugsim/3DRealCar/2024_07_05_10_56_50//gs.pth ']'
+ '[' '!' -e /datasets/nuscenes-full/hugsim/3DRealCar/2024_07_05_10_56_50//postprocess/shadow.pth ']'
+ for car in "$REALCAR"/*/
+ '[' -f /datasets/nuscenes-full/hugsim/3DRealCar/2024_07_05_10_58_02//gs.pth ']'
+ '[' '!' -e /datasets/nuscenes-full/hugsim/3DRealCar/2024_07_05_10_58_02//postprocess/shadow.pth ']'
+ for car in "$REALCAR"/*/
+ '[' -f /datasets/nuscenes-full/hugsim/3DRealCar/2024_07_05_11_02_48//gs.pth ']'
+ '[' '!' -e /datasets/nuscenes-full/hugsim/3DRealCar/2024_07_05_11_02_48//postprocess/shadow.pth ']'
+ for car in "$REALCAR"/*/
+ '[' -f /datasets/nuscenes-full/hugsim/3DRealCar/2024_07_05_11_21_58//gs.pth ']'
+ '[' '!' -e /datasets/nuscenes-full/hugsim/3DRealCar/2024_07_05_11_21_58//postprocess/shadow.pth ']'
+ for car in "$REALCAR"/*/
+ '[' -f /datasets/nuscenes-full/hugsim/3DRealCar/2024_07_05_11_22_03//gs.pth ']'
+ '[' '!' -e /datasets/nuscenes-full/hugsim/3DRealCar/2024_07_05_11_22_03//postprocess/shadow.pth ']'
+ for car in "$REALCAR"/*/
+ '[' -f /datasets/nuscenes-full/hugsim/3DRealCar/2024_07_05_11_25_32//gs.pth ']'
+ '[' '!' -e /datasets/nuscenes-full/hugsim/3DRealCar/2024_07_05_11_25_32//postprocess/shadow.pth ']'
+ for car in "$REALCAR"/*/
+ '[' -f /datasets/nuscenes-full/hugsim/3DRealCar/2024_07_05_11_42_30//gs.pth ']'
+ '[' '!' -e /datasets/nuscenes-full/hugsim/3DRealCar/2024_07_05_11_42_30//postprocess/shadow.pth ']'
+ for car in "$REALCAR"/*/
+ '[' -f /datasets/nuscenes-full/hugsim/3DRealCar/2024_07_05_11_42_31//gs.pth ']'
+ '[' '!' -e /datasets/nuscenes-full/hugsim/3DRealCar/2024_07_05_11_42_31//postprocess/shadow.pth ']'
+ for car in "$REALCAR"/*/
+ '[' -f /datasets/nuscenes-full/hugsim/3DRealCar/2024_07_05_11_45_27//gs.pth ']'
+ '[' '!' -e /datasets/nuscenes-full/hugsim/3DRealCar/2024_07_05_11_45_27//postprocess/shadow.pth ']'
+ for car in "$REALCAR"/*/
+ '[' -f /datasets/nuscenes-full/hugsim/3DRealCar/2024_07_05_12_10_02//gs.pth ']'
+ '[' '!' -e /datasets/nuscenes-full/hugsim/3DRealCar/2024_07_05_12_10_02//postprocess/shadow.pth ']'
+ for car in "$REALCAR"/*/
+ '[' -f /datasets/nuscenes-full/hugsim/3DRealCar/2024_07_05_12_10_06//gs.pth ']'
+ '[' '!' -e /datasets/nuscenes-full/hugsim/3DRealCar/2024_07_05_12_10_06//postprocess/shadow.pth ']'
+ for car in "$REALCAR"/*/
+ '[' -f /datasets/nuscenes-full/hugsim/3DRealCar/2024_07_05_14_07_43//gs.pth ']'
+ '[' '!' -e /datasets/nuscenes-full/hugsim/3DRealCar/2024_07_05_14_07_43//postprocess/shadow.pth ']'
+ for car in "$REALCAR"/*/
+ '[' -f /datasets/nuscenes-full/hugsim/3DRealCar/2024_07_05_14_11_17//gs.pth ']'
+ '[' '!' -e /datasets/nuscenes-full/hugsim/3DRealCar/2024_07_05_14_11_17//postprocess/shadow.pth ']'
+ for car in "$REALCAR"/*/
+ '[' -f /datasets/nuscenes-full/hugsim/3DRealCar/2024_07_05_14_11_47//gs.pth ']'
+ '[' '!' -e /datasets/nuscenes-full/hugsim/3DRealCar/2024_07_05_14_11_47//postprocess/shadow.pth ']'
+ for car in "$REALCAR"/*/
+ '[' -f /datasets/nuscenes-full/hugsim/3DRealCar/2024_07_05_14_14_58//gs.pth ']'
+ '[' '!' -e /datasets/nuscenes-full/hugsim/3DRealCar/2024_07_05_14_14_58//postprocess/shadow.pth ']'
+ for car in "$REALCAR"/*/
+ '[' -f /datasets/nuscenes-full/hugsim/3DRealCar/2024_07_05_14_18_38//gs.pth ']'
+ '[' '!' -e /datasets/nuscenes-full/hugsim/3DRealCar/2024_07_05_14_18_38//postprocess/shadow.pth ']'
+ for car in "$REALCAR"/*/
+ '[' -f /datasets/nuscenes-full/hugsim/3DRealCar/2024_07_05_14_20_15//gs.pth ']'
+ '[' '!' -e /datasets/nuscenes-full/hugsim/3DRealCar/2024_07_05_14_20_15//postprocess/shadow.pth ']'
+ for car in "$REALCAR"/*/
+ '[' -f /datasets/nuscenes-full/hugsim/3DRealCar/2024_07_05_14_25_58//gs.pth ']'
+ '[' '!' -e /datasets/nuscenes-full/hugsim/3DRealCar/2024_07_05_14_25_58//postprocess/shadow.pth ']'
+ for car in "$REALCAR"/*/
+ '[' -f /datasets/nuscenes-full/hugsim/3DRealCar/2024_07_05_14_30_09//gs.pth ']'
+ '[' '!' -e /datasets/nuscenes-full/hugsim/3DRealCar/2024_07_05_14_30_09//postprocess/shadow.pth ']'
+ for car in "$REALCAR"/*/
+ '[' -f /datasets/nuscenes-full/hugsim/3DRealCar/2024_07_05_15_31_37//gs.pth ']'
+ '[' '!' -e /datasets/nuscenes-full/hugsim/3DRealCar/2024_07_05_15_31_37//postprocess/shadow.pth ']'
+ for car in "$REALCAR"/*/
+ '[' -f /datasets/nuscenes-full/hugsim/3DRealCar/2024_07_05_15_42_29//gs.pth ']'
+ '[' '!' -e /datasets/nuscenes-full/hugsim/3DRealCar/2024_07_05_15_42_29//postprocess/shadow.pth ']'
+ for car in "$REALCAR"/*/
+ '[' -f /datasets/nuscenes-full/hugsim/3DRealCar/2024_07_05_15_57_10//gs.pth ']'
+ '[' '!' -e /datasets/nuscenes-full/hugsim/3DRealCar/2024_07_05_15_57_10//postprocess/shadow.pth ']'
+ for car in "$REALCAR"/*/
+ '[' -f /datasets/nuscenes-full/hugsim/3DRealCar/2024_07_05_15_58_29//gs.pth ']'
+ '[' '!' -e /datasets/nuscenes-full/hugsim/3DRealCar/2024_07_05_15_58_29//postprocess/shadow.pth ']'
+ for car in "$REALCAR"/*/
+ '[' -f /datasets/nuscenes-full/hugsim/3DRealCar/2024_07_05_16_03_36//gs.pth ']'
+ '[' '!' -e /datasets/nuscenes-full/hugsim/3DRealCar/2024_07_05_16_03_36//postprocess/shadow.pth ']'
+ for car in "$REALCAR"/*/
+ '[' -f /datasets/nuscenes-full/hugsim/3DRealCar/2024_07_05_16_08_40//gs.pth ']'
+ '[' '!' -e /datasets/nuscenes-full/hugsim/3DRealCar/2024_07_05_16_08_40//postprocess/shadow.pth ']'
+ for car in "$REALCAR"/*/
+ '[' -f /datasets/nuscenes-full/hugsim/3DRealCar/2024_07_05_16_10_02//gs.pth ']'
+ '[' '!' -e /datasets/nuscenes-full/hugsim/3DRealCar/2024_07_05_16_10_02//postprocess/shadow.pth ']'
+ for car in "$REALCAR"/*/
+ '[' -f /datasets/nuscenes-full/hugsim/3DRealCar/2024_07_05_16_13_36//gs.pth ']'
+ '[' '!' -e /datasets/nuscenes-full/hugsim/3DRealCar/2024_07_05_16_13_36//postprocess/shadow.pth ']'
+ for car in "$REALCAR"/*/
+ '[' -f /datasets/nuscenes-full/hugsim/3DRealCar/2024_07_05_16_13_43//gs.pth ']'
+ '[' '!' -e /datasets/nuscenes-full/hugsim/3DRealCar/2024_07_05_16_13_43//postprocess/shadow.pth ']'
+ for car in "$REALCAR"/*/
+ '[' -f /datasets/nuscenes-full/hugsim/3DRealCar/2024_07_05_16_16_38//gs.pth ']'
+ '[' '!' -e /datasets/nuscenes-full/hugsim/3DRealCar/2024_07_05_16_16_38//postprocess/shadow.pth ']'
+ for car in "$REALCAR"/*/
+ '[' -f /datasets/nuscenes-full/hugsim/3DRealCar/2024_07_05_16_24_36//gs.pth ']'
+ '[' '!' -e /datasets/nuscenes-full/hugsim/3DRealCar/2024_07_05_16_24_36//postprocess/shadow.pth ']'
+ for car in "$REALCAR"/*/
+ '[' -f /datasets/nuscenes-full/hugsim/3DRealCar/2024_07_05_16_40_16//gs.pth ']'
+ '[' '!' -e /datasets/nuscenes-full/hugsim/3DRealCar/2024_07_05_16_40_16//postprocess/shadow.pth ']'
+ for car in "$REALCAR"/*/
+ '[' -f /datasets/nuscenes-full/hugsim/3DRealCar/2024_07_05_16_40_36//gs.pth ']'
+ '[' '!' -e /datasets/nuscenes-full/hugsim/3DRealCar/2024_07_05_16_40_36//postprocess/shadow.pth ']'
+ for car in "$REALCAR"/*/
+ '[' -f /datasets/nuscenes-full/hugsim/3DRealCar/2024_07_05_16_48_24//gs.pth ']'
+ '[' '!' -e /datasets/nuscenes-full/hugsim/3DRealCar/2024_07_05_16_48_24//postprocess/shadow.pth ']'
+ for car in "$REALCAR"/*/
+ '[' -f /datasets/nuscenes-full/hugsim/3DRealCar/2024_07_07_05_43_00//gs.pth ']'
+ '[' '!' -e /datasets/nuscenes-full/hugsim/3DRealCar/2024_07_07_05_43_00//postprocess/shadow.pth ']'
+ for car in "$REALCAR"/*/
+ '[' -f /datasets/nuscenes-full/hugsim/3DRealCar/2024_07_07_05_48_00//gs.pth ']'
+ '[' '!' -e /datasets/nuscenes-full/hugsim/3DRealCar/2024_07_07_05_48_00//postprocess/shadow.pth ']'
+ for car in "$REALCAR"/*/
+ '[' -f /datasets/nuscenes-full/hugsim/3DRealCar/2024_07_07_06_00_52//gs.pth ']'
+ '[' '!' -e /datasets/nuscenes-full/hugsim/3DRealCar/2024_07_07_06_00_52//postprocess/shadow.pth ']'
+ for car in "$REALCAR"/*/
+ '[' -f /datasets/nuscenes-full/hugsim/3DRealCar/2024_07_07_06_04_22//gs.pth ']'
+ '[' '!' -e /datasets/nuscenes-full/hugsim/3DRealCar/2024_07_07_06_04_22//postprocess/shadow.pth ']'
+ for car in "$REALCAR"/*/
+ '[' -f /datasets/nuscenes-full/hugsim/3DRealCar/2024_07_07_06_06_31//gs.pth ']'
+ '[' '!' -e /datasets/nuscenes-full/hugsim/3DRealCar/2024_07_07_06_06_31//postprocess/shadow.pth ']'
+ for car in "$REALCAR"/*/
+ '[' -f /datasets/nuscenes-full/hugsim/3DRealCar/2024_07_08_18_02_27//gs.pth ']'
+ '[' '!' -e /datasets/nuscenes-full/hugsim/3DRealCar/2024_07_08_18_02_27//postprocess/shadow.pth ']'
+ for car in "$REALCAR"/*/
+ '[' -f /datasets/nuscenes-full/hugsim/3DRealCar/2024_07_09_04_20_54//gs.pth ']'
+ '[' '!' -e /datasets/nuscenes-full/hugsim/3DRealCar/2024_07_09_04_20_54//postprocess/shadow.pth ']'
+ for car in "$REALCAR"/*/
+ '[' -f /datasets/nuscenes-full/hugsim/3DRealCar/2024_07_09_04_28_04//gs.pth ']'
+ '[' '!' -e /datasets/nuscenes-full/hugsim/3DRealCar/2024_07_09_04_28_04//postprocess/shadow.pth ']'
+ for car in "$REALCAR"/*/
+ '[' -f /datasets/nuscenes-full/hugsim/3DRealCar/2024_07_09_04_33_58//gs.pth ']'
+ '[' '!' -e /datasets/nuscenes-full/hugsim/3DRealCar/2024_07_09_04_33_58//postprocess/shadow.pth ']'
+ for car in "$REALCAR"/*/
+ '[' -f /datasets/nuscenes-full/hugsim/3DRealCar/2024_07_09_04_38_08//gs.pth ']'
+ '[' '!' -e /datasets/nuscenes-full/hugsim/3DRealCar/2024_07_09_04_38_08//postprocess/shadow.pth ']'
+ for car in "$REALCAR"/*/
+ '[' -f /datasets/nuscenes-full/hugsim/3DRealCar/2024_07_09_04_42_06//gs.pth ']'
+ '[' '!' -e /datasets/nuscenes-full/hugsim/3DRealCar/2024_07_09_04_42_06//postprocess/shadow.pth ']'
+ echo 'I107_REALCAR_COMPAT_LINKS linked=0'
I107_REALCAR_COMPAT_LINKS linked=0
+ echo '{'
++ sha256sum /tmp/iter107_timing_aware_batch_launch_manifest.json
++ cut '-d ' -f1
+ echo '  "manifest_sha": "19d336364ab46f9e2e6bc881ffe4c7bad354471a851195b8609797d42e735f5a",'
++ git -C /opt/sentinel-stack/HUGSIM rev-parse HEAD
+ echo '  "hugsim_sha": "62c690d39fd90020e68a196bd8bcc1c4d4191f2e",'
++ git -C /opt/sentinel-stack/UniAD_SIM rev-parse HEAD
+ echo '  "uniad_sim_sha": "5fb279e39912a5ac7f58e00d56b065cadcd0a749",'
++ sha256sum /opt/sentinel-stack/UniAD/ckpts/uniad_base_e2e.pth
++ cut '-d ' -f1
+ echo '  "ckpt_sha": "0ad0c2f5dc9788a41c313305779ea49346aeb742d1f6bb5ad25c46f9beffc990",'
++ sha256sum /opt/sentinel-stack/hugsim-shim/sitecustomize.py
++ cut '-d ' -f1
+ echo '  "shim_sha": "5bf69a1187478c52d49792d5871bd5732c6dd431ecd1f44b5e391f7adb80682c",'
++ docker images --format '{{.ID}}' uniad:latest
+ echo '  "image_id": "f73ef3884063",'
++ sha256sum /tmp/iter107_hugsim_provenance.patch
++ cut '-d ' -f1
+ echo '  "hugsim_patch_sha": "49eee7611e4b881d2bb6233e8767913019c6a097c6883762414005d5b2284ecd",'
++ sha256sum /opt/sentinel-stack/HUGSIM/sim/utils/score_calculator.py
++ cut '-d ' -f1
+ echo '  "score_calculator_sha_after_patch": "1588b5b912384dead87b521b828cf7a135e77eb79aad5d540074c7168f79e46f",'
++ sha256sum /tmp/iter107_client_patch.py
++ cut '-d ' -f1
+ echo '  "monitor_patch_sha": "6b39fd79d00c7bdb937c6d240fbc4648661b235f1a3024912d62874937146c5c",'
+ echo '  "e2e_py_patched_sha": "23cce8a2a559b60dc3de394ba890a28adc13b5b24d222936478dad6f83f9aea3",'
+ echo '  "e2e_sh_patched_sha": "8b404adcbc7fea328a5fbbd10c5256656444739b3af79ca26676a45464471aa7",'
+ echo '  "schedule": "thirteen ON slots from Iter106 timing-aware manifest",'
+ echo '  "slot_count": 13,'
++ date -u +%Y-%m-%dT%H:%M:%SZ
+ echo '  "start_utc": "2026-07-14T06:29:04Z"'
+ echo '}'
++ date -u
+ echo 'I107_TIMING_AWARE_OK Tue Jul 14 06:29:04 UTC 2026'
I107_TIMING_AWARE_OK Tue Jul 14 06:29:04 UTC 2026
+ IFS='	'
+ read -r slot_id scenario _scenario_sha
+ run_one i106_s01_iter48_easy_medium_long_lead_fire_ttc_only_scene_0138_medium_01_r1 scene-0138-medium-01
+ local slot_id=i106_s01_iter48_easy_medium_long_lead_fire_ttc_only_scene_0138_medium_01_r1 scenario=scene-0138-medium-01
+ local scene=scene-0138
+ local mode_dashed=medium-01
+ local mode=medium_01
+ local out_dir=/datasets/nuscenes-full/hugsim/outputs/nusc_uniad/scene-0138_medium_01
+ local dest=/datasets/nuscenes-full/hugsim/iter107_runs/i106_s01_iter48_easy_medium_long_lead_fire_ttc_only_scene_0138_medium_01_r1__scene-0138-medium-01__on
+ '[' -f /datasets/nuscenes-full/hugsim/iter107_runs/i106_s01_iter48_easy_medium_long_lead_fire_ttc_only_scene_0138_medium_01_r1__scene-0138-medium-01__on/episode_meta.json ']'
+ prep_scene scene-0138
+ local scene=scene-0138
+ '[' '!' -d /datasets/nuscenes-full/hugsim/extracted/scenes/nuscenes/scene-0138 ']'
+ local cfg=/datasets/nuscenes-full/hugsim/extracted/scenes/nuscenes/scene-0138/cfg.yaml
+ '[' '!' -f /datasets/nuscenes-full/hugsim/extracted/scenes/nuscenes/scene-0138/cfg.yaml ']'
+ '[' -f /datasets/nuscenes-full/hugsim/extracted/scenes/nuscenes/scene-0138/cfg.yaml.orig ']'
+ python3 - /datasets/nuscenes-full/hugsim/extracted/scenes/nuscenes/scene-0138/cfg.yaml /datasets/nuscenes-full/hugsim/extracted/scenes/nuscenes/scene-0138
+ local attempt rc steps hd marker decisions provenance
+ for attempt in 1 2
+ disk_guard
+ local avail
++ df --output=avail -BG /datasets/nuscenes-full
++ tail -1
++ tr -dc 0-9
+ avail=118
+ '[' 118 -lt 20 ']'
++ date -u
+ echo 'I107_SLOT_START i106_s01_iter48_easy_medium_long_lead_fire_ttc_only_scene_0138_medium_01_r1 scene-0138-medium-01 on a1 Tue Jul 14 06:29:04 UTC 2026'
I107_SLOT_START i106_s01_iter48_easy_medium_long_lead_fire_ttc_only_scene_0138_medium_01_r1 scene-0138-medium-01 on a1 Tue Jul 14 06:29:04 UTC 2026
+ local t0
++ date -u +%s
+ t0=1784010544
+ docker rm -f hugsim_uniad_client
+ rm -rf /datasets/nuscenes-full/hugsim/outputs/nusc_uniad/scene-0138_medium_01
+ cd /opt/sentinel-stack/HUGSIM
+ SENTINEL_ENABLED=1
+ timeout 1200 pixi run python -u closed_loop.py --scenario_path /datasets/nuscenes-full/hugsim/extracted/scenarios/nuscenes/scene-0138-medium-01.yaml --base_path configs/sim/nuscenes_base.yaml --camera_path configs/sim/nuscenes_camera.yaml --kinematic_path configs/sim/kinematic.yaml --ad uniad --ad_cuda 0
/datasets/nuscenes-full/hugsim/outputs/nusc_uniad/scene-0138_medium_01/output.txt
/opt/sentinel-stack/UniAD_SIM/tools/e2e.sh 0 /datasets/nuscenes-full/hugsim/outputs/nusc_uniad/scene-0138_medium_01
Loading data for matched scene tags: ['train-boston-nusc_trainval', 'train-nusc_trainval-singapore', 'boston-nusc_trainval-train_val', 'singapore-nusc_trainval-train_val', 'boston-nusc_trainval-val', 'nusc_trainval-singapore-val']
Getting Scenes from nusc_trainval:   0%|          | 0/6 [00:00<?, ?it/s]Getting Scenes from nusc_trainval: 100%|██████████| 6/6 [00:00<00:00, 748.47it/s]
Calculating Agent Data (Serially):   0%|          | 0/850 [00:00<?, ?it/s]Calculating Agent Data (Serially): 100%|██████████| 850/850 [00:00<00:00, 58414.58it/s]
850 scenes in the scene index.
Creating Agent Data Index (4 CPUs):   0%|          | 0/850 [00:00<?, ?it/s]Creating Agent Data Index (4 CPUs):  18%|█▊        | 153/850 [00:00<00:00, 1479.46it/s]Creating Agent Data Index (4 CPUs):  43%|████▎     | 366/850 [00:00<00:00, 1852.10it/s]Creating Agent Data Index (4 CPUs):  69%|██████▉   | 585/850 [00:00<00:00, 1999.70it/s]Creating Agent Data Index (4 CPUs):  95%|█████████▌| 810/850 [00:00<00:00, 2089.21it/s]Creating Agent Data Index (4 CPUs): 100%|██████████| 850/850 [00:00<00:00, 2024.35it/s]
Structuring Agent Data Index:   0%|          | 0/850 [00:00<?, ?it/s]Structuring Agent Data Index: 100%|██████████| 850/850 [00:00<00:00, 13446.98it/s]
/opt/sentinel-stack/HUGSIM/.pixi/envs/default/lib/python3.11/site-packages/pandas/io/feather_format.py:123: FutureWarning: pyarrow.feather.read_feather is deprecated as of 24.0.0. Use pyarrow.ipc.open_file() / RecordBatchFileReader instead. Feather V2 is the Arrow IPC file format.
  return feather.read_feather(
path not found at  {'agent_0': tensor([ 1.0000, 30.0000, -0.3000,  3.1416,  5.0000])}
Ready for simulation
ego pose [0.0, 3.2305941652567715e-34, 0.0]
ego pose [0.0, -0.004393328738689995, 0.4375]
ego pose [0.005410792917882397, -0.01178360200595878, 1.0593678441669572]
ego pose [0.028956071379925584, -0.027975682471841422, 1.7935422938954133]
ego pose [0.08359469518919486, -0.04016038966092754, 2.5745883476986497]
ego pose [0.17515371929420467, -0.04857705556394667, 3.3688276356359648]
ego pose [0.3087708915291701, -0.06416411086674827, 4.170828558700863]
ego pose [0.48141053267099654, -0.07300162517693112, 4.945284578132289]
ego pose [0.682749241593945, -0.08338957155075183, 5.682764145316281]
ego pose [0.8948333025754769, -0.09425919717830732, 6.411262785558706]
ego pose [1.1105237746385548, -0.11093537246478354, 7.163890522400259]
ego pose [1.3205267366911806, -0.11773159191961748, 7.925323322378521]
ego pose [1.5273977603105129, -0.126516382287715, 8.722832876756462]
ego pose [1.6940169856085765, -0.1385344705699697, 9.516334322673018]
ego pose [1.8326086404419366, -0.15214011489574533, 10.316030484175931]
ego pose [1.9543757325135311, -0.16808615766763396, 11.155195539418871]
ego pose [2.0296383411995986, -0.18336649928962415, 11.974394628187614]
ego pose [2.087604911928076, -0.2017959960950242, 12.782539819867512]
ego pose [2.1536378128409503, -0.22193402396516254, 13.586631925383585]
ego pose [2.2370772272391077, -0.2400195368308905, 14.3881954643358]
ego pose [2.340232389070612, -0.2572537277294099, 15.202228465589513]
ego pose [2.4721674325716188, -0.2737519736623627, 16.008123469366424]
ego pose [2.6399508043268245, -0.287526938063755, 16.819478989844708]
ego pose [2.8201337705694502, -0.2997015098697503, 17.643684472476004]
ego pose [2.985170782592715, -0.3109973225019157, 18.477235463685247]
ego pose [3.107699918757153, -0.3247563965663212, 19.324307815337256]
ego pose [3.1709494896679042, -0.33588039271198183, 20.17678058612004]
ego pose [3.166870717571511, -0.34805621771903844, 20.996975014654744]
ego pose [3.1043383480612663, -0.3544374069454318, 21.78000914217292]
ego pose [3.014302963809794, -0.370363391099442, 22.520241556122006]
ego pose [2.914227264087596, -0.38012914473237214, 23.27159946301478]
ego pose [2.8276129320023187, -0.40136264364240876, 24.015704972036186]
ego pose [2.774519769988882, -0.41513611514516474, 24.757658601840895]
ego pose [2.77564939231275, -0.43117810868231965, 25.50731510269768]
ego pose [2.8483147159798032, -0.445430903188067, 26.264994981539026]
ego pose [2.988552876507573, -0.45835528200107906, 26.973581102425786]
ego pose [3.16738057866955, -0.4717906965635464, 27.643372854896313]
ego pose [3.3154542879771425, -0.481481286808923, 28.126964339051053]
ego pose [3.421280340136257, -0.4875031548682852, 28.443645040666]
ego pose [3.494612090153695, -0.4910358557851085, 28.651514870524675]
ego pose [3.5445279797014284, -0.49310228542563717, 28.788215443682898]
ego pose [3.6610136666340374, -0.4977901592247045, 29.10020789835838]
ego pose [3.8409373394462607, -0.5051245698359276, 29.576134787883863]
ego pose [4.054278580595068, -0.5152081967778894, 30.16267442428219]
ego pose [4.2645262176498075, -0.5271786876336605, 30.819125491772382]
ego pose [4.437255769160785, -0.5366032588317581, 31.510352625967986]
ego pose [4.5507791841169505, -0.542727847059175, 32.22277551676271]
ego pose [4.592402992806639, -0.5458723401475212, 32.96258277860311]
ego pose [4.555931436940802, -0.553129052337696, 33.74459775497259]
ego pose [4.449583314145359, -0.5658948163794462, 34.547576603145416]
ego pose [4.271714546686746, -0.581061293219912, 35.3836552066892]
ego pose [4.041731417072125, -0.5950025111223499, 36.252304940305095]
ego pose [3.788974317649448, -0.6119401431662186, 37.129351509002774]
ego pose [3.5378314568928535, -0.6270301853946527, 38.01112878370234]
ego pose [3.3032998287795454, -0.6437572579617056, 38.895120222258306]
ego pose [3.095887226407534, -0.6609687306861349, 39.769860612332316]
ego pose [2.920967092300221, -0.6764989866385442, 40.653501712434014]
ego pose [2.7985209154549384, -0.6885137315450829, 41.54208091144798]
ego pose [2.7138892846003966, -0.7026700970378699, 42.4708502499502]
ego pose [2.7039345978925664, -0.7166628426773328, 43.386060035540865]
ego pose [2.7435807124784994, -0.729220232659089, 44.33758928730992]
ego pose [2.856221835435658, -0.736820569276284, 45.25629303677242]
ego pose [3.0092225670345774, -0.7595372124817946, 46.176691175032246]
ego pose [3.171183662675196, -0.772573158040325, 47.10340575936281]
ego pose [3.3101296685436172, -0.7894619169035424, 48.008319518060475]
ego pose [3.414884413741619, -0.8111382753951589, 48.898829366319]
ego pose [3.449284202937379, -0.8278915237199765, 49.60714460338728]
ego pose [3.4504797713726765, -0.839986582832894, 50.128793302464366]
ego pose [3.440098272658237, -0.8463048004029475, 50.472526882159904]
ego pose [3.428438449260983, -0.8507821078507565, 50.69891780119455]
ego pose [3.4013537830787053, -0.8594292408089966, 51.112222274280974]
ego pose [3.3577061106461352, -0.8702268907742907, 51.65402275102818]
ego pose [3.2977220410766184, -0.8808222381963275, 52.290976800085716]
ego pose [3.204668658131499, -0.8965496284742349, 53.00029926758212]
ego pose [3.076796085812704, -0.9113744577147018, 53.78044197422811]
ego pose [2.914273127190638, -0.9257127147289351, 54.60953481742795]
ego pose [2.735163739355061, -0.9433628005093828, 55.44490243162393]
ego pose [2.5592996945608126, -0.9619552597885986, 56.262602284905846]
ego pose [2.3974278987538034, -0.9791169627362519, 57.07992134289105]
ego pose [2.2539000825488436, -0.9954482416631415, 57.90051227431036]
ego pose [2.129327375626157, -1.0108553563155138, 58.735085914420125]
ego pose [2.0225862054614008, -1.0326456022628165, 59.579661577509135]
ego pose [1.9165969482149052, -1.0508298467567525, 60.417964269833696]
ego pose [1.8023874228348404, -1.0677175440433504, 61.25915964932441]
ego pose [1.6747818568577053, -1.0835907389941755, 62.10777724550587]
ego pose [1.5290004062593974, -1.100712865240543, 62.975443972400555]
ego pose [1.3761354649358872, -1.119637249272282, 63.850132063505754]
ego pose [1.2589562521146025, -1.1365681139996453, 64.54070626106063]
ego pose [1.174843924474769, -1.1465257280650998, 65.04670828657424]
ego pose [1.1199382873054535, -1.1529406309424053, 65.38189513648206]
ego pose [1.0839258415510076, -1.1573732695589811, 65.60390098221993]
ego pose [1.0602302702077206, -1.16031830957042, 65.75092955996726]
ego pose [1.0446056310996024, -1.1625386707737317, 65.84829867722563]
ego pose [0.9993999365558881, -1.1687165292151183, 66.13081966952393]
ego pose [0.9277632039288785, -1.1795660429385022, 66.59898538378799]
ego pose [0.8417962284206447, -1.1936177856992445, 67.23284377530985]
ego pose [0.7549324986035231, -1.2084792534206366, 67.9726628346681]
ego pose [0.6747485367334468, -1.2223471407571818, 68.77713692831891]
ego pose [0.6260669747261705, -1.2359450634220706, 69.39618602420857]
ego pose [0.598401179360726, -1.246054500599905, 69.828762519031]
ego pose [0.5829502535502358, -1.2530544004912385, 70.11519913750058]
ego pose [0.5739714020616828, -1.258938076712756, 70.30481755861052]
ego pose [0.5577604801572407, -1.2696579204569354, 70.68180005658166]
ego pose [0.5409804500528436, -1.2832286146788467, 71.2041069134133]
ego pose [0.5325473392871667, -1.298853901089845, 71.8302690773591]
ego pose [0.5400226945594016, -1.3178550415107309, 72.52732839803927]
ego pose [0.5660937687024308, -1.3394276548051514, 73.2852523237269]
ego pose [0.6138197374328187, -1.3627705696099237, 74.11645825545538]
ego pose [0.6999418519536666, -1.3854324617357388, 74.98575642869118]
ego pose [0.8324378011969991, -1.4075536605135321, 75.88350874219333]
ego pose [1.0129526533825925, -1.4340500918040537, 76.7879196481553]
ego pose [1.237723884834694, -1.4621493743431937, 77.67536219429437]
ego pose [1.4891502500902032, -1.4821197477744195, 78.50774604978854]
ego pose [1.7579482233315924, -1.4984935857872272, 79.29452211665298]
ego pose [2.04056352388172, -1.521710805547987, 80.04459404999098]
ego pose [2.3284859039226737, -1.587628970868795, 80.7666476784897]
ego pose [2.620596132699581, -1.616016512964219, 81.4627054892602]
ego pose [2.9364675935958506, -1.6305606669540103, 82.12834604665214]
ego pose [3.2732704628291205, -1.645956922796552, 82.75944203320442]
ego pose [3.6566492739715377, -1.66138464960148, 83.40172242719697]
ego pose [4.099527692950255, -1.6761598262448776, 84.03316214493906]
ego pose [4.568943681223246, -1.712032440047691, 84.58944340290687]
ego pose [5.089904087809579, -1.7218897487605938, 85.14157146052938]
ego pose [5.6527048401399, -1.7293831117111242, 85.65633652871293]
ego pose [6.275294532254088, -1.7299679661135683, 86.1318982401655]
ego pose [6.956179307066672, -1.731655315891424, 86.55884349267829]
Far from preset trajectory
MoviePy - Building video /datasets/nuscenes-full/hugsim/outputs/nusc_uniad/scene-0138_medium_01/video.mp4.
MoviePy - Writing video /datasets/nuscenes-full/hugsim/outputs/nusc_uniad/scene-0138_medium_01/video.mp4

frame_index:   0%|          | 0/126 [00:00<?, ?it/s, now=None]frame_index:   8%|▊         | 10/126 [00:00<00:01, 93.27it/s, now=None]frame_index:  17%|█▋        | 22/126 [00:00<00:00, 108.17it/s, now=None]frame_index:  28%|██▊       | 35/126 [00:00<00:00, 117.84it/s, now=None]frame_index:  40%|███▉      | 50/126 [00:00<00:00, 122.92it/s, now=None]frame_index:  50%|█████     | 63/126 [00:00<00:00, 117.01it/s, now=None]frame_index:  60%|█████▉    | 75/126 [00:01<00:01, 46.55it/s, now=None] frame_index:  67%|██████▋   | 84/126 [00:01<00:01, 36.79it/s, now=None]frame_index:  72%|███████▏  | 91/126 [00:02<00:01, 23.41it/s, now=None]frame_index:  76%|███████▌  | 96/126 [00:02<00:01, 16.14it/s, now=None]frame_index:  79%|███████▉  | 100/126 [00:03<00:01, 15.69it/s, now=None]frame_index:  82%|████████▏ | 103/126 [00:03<00:01, 16.51it/s, now=None]frame_index:  84%|████████▍ | 106/126 [00:03<00:01, 11.63it/s, now=None]frame_index:  86%|████████▌ | 108/126 [00:04<00:01, 12.12it/s, now=None]frame_index:  87%|████████▋ | 110/126 [00:04<00:01, 12.90it/s, now=None]frame_index:  90%|████████▉ | 113/126 [00:04<00:00, 14.74it/s, now=None]frame_index:  92%|█████████▏| 116/126 [00:04<00:00, 12.66it/s, now=None]frame_index:  94%|█████████▎| 118/126 [00:04<00:00, 11.79it/s, now=None]frame_index:  95%|█████████▌| 120/126 [00:05<00:00, 11.32it/s, now=None]frame_index:  97%|█████████▋| 122/126 [00:05<00:00, 10.27it/s, now=None]frame_index:  99%|█████████▉| 125/126 [00:05<00:00, 11.61it/s, now=None]                                                                        MoviePy - Done !
MoviePy - video ready /datasets/nuscenes-full/hugsim/outputs/nusc_uniad/scene-0138_medium_01/video.mp4
this pkl file contains 1 experiment records.
current exp has 126 frames
frame 0 / 126
comfortable: [True, True, True, True, True, True]
frame 1 / 126
comfortable: [True, True, True, True, True, True]
frame 2 / 126
comfortable: [True, True, True, True, True, True]
frame 3 / 126
comfortable: [True, True, True, True, True, True]
frame 4 / 126
comfortable: [True, True, True, True, True, True]
frame 5 / 126
comfortable: [True, True, True, True, True, True]
frame 6 / 126
comfortable: [True, True, True, True, True, True]
frame 7 / 126
comfortable: [True, True, True, True, True, True]
frame 8 / 126
comfortable: [True, True, True, True, True, True]
frame 9 / 126
comfortable: [True, True, True, True, True, True]
frame 10 / 126
comfortable: [True, True, True, True, True, True]
frame 11 / 126
comfortable: [True, True, True, True, True, True]
frame 12 / 126
comfortable: [True, True, True, True, True, True]
frame 13 / 126
comfortable: [True, True, True, True, True, True]
frame 14 / 126
comfortable: [True, True, True, True, True, True]
frame 15 / 126
comfortable: [True, True, True, True, True, True]
frame 16 / 126
comfortable: [True, True, True, True, True, True]
frame 17 / 126
comfortable: [True, True, True, True, True, True]
frame 18 / 126
comfortable: [True, True, True, True, True, True]
frame 19 / 126
comfortable: [True, True, True, True, False, True]
frame 20 / 126
comfortable: [True, True, True, True, True, True]
frame 21 / 126
comfortable: [True, True, True, True, True, True]
frame 22 / 126
comfortable: [True, True, True, True, True, True]
frame 23 / 126
comfortable: [True, True, True, True, True, True]
frame 24 / 126
comfortable: [True, True, True, True, True, True]
frame 25 / 126
collision with obstacle detected! @ timestep5
ego_poly: (28.171295848762078, -2.7863792056286045, 0.0944714174185751, 1.7105411916971207, 3.8563567280769346), obs_poly: (30.0, -1.0, 3.377661812464794e-07, 1.7105411916971207, 3.8563567280769346)
collision with obstacle detected! @ timestep4
ego_poly: (28.160240497384898, -2.7872934394348574, 0.10045751128792452, 1.7105411916971207, 3.8563567280769346), obs_poly: (30.0, -1.0, 3.377661812464794e-07, 1.7105411916971207, 3.8563567280769346)
 failed to pass ttc collision check, t=0.5
comfortable: [True, True, True, True, False, True]
frame 26 / 126
collision with obstacle detected! @ timestep4
ego_poly: (26.878299990667283, -2.747814388188559, 0.06931010230578044, 1.7105411916971207, 3.8563567280769346), obs_poly: (30.0, -1.0, 3.377661812464794e-07, 1.7105411916971207, 3.8563567280769346)
collision with obstacle detected! @ timestep3
ego_poly: (26.875368906953415, -2.7586178181689482, 0.08982352528200231, 1.7105411916971207, 3.8563567280769346), obs_poly: (30.0, -1.0, 3.377661812464794e-07, 1.7105411916971207, 3.8563567280769346)
 failed to pass ttc collision check, t=0.5
comfortable: [True, True, True, True, False, True]
frame 27 / 126
collision with obstacle detected! @ timestep4
ego_poly: (27.076646590937944, -2.579881654982674, 0.03858788085412821, 1.7105411916971207, 3.8563567280769346), obs_poly: (30.0, -1.0, 3.377661812464794e-07, 1.7105411916971207, 3.8563567280769346)
collision with obstacle detected! @ timestep3
ego_poly: (27.155014901592285, -2.480567542646155, 0.0355949559768281, 1.7105411916971207, 3.8563567280769346), obs_poly: (30.0, -1.0, 3.377661812464794e-07, 1.7105411916971207, 3.8563567280769346)
 failed to pass ttc collision check, t=0.5
comfortable: [True, True, True, True, False, True]
frame 28 / 126
collision with obstacle detected! @ timestep4
ego_poly: (27.31974380826988, -2.580435147722799, 0.011255629847511658, 1.7105411916971207, 3.8563567280769346), obs_poly: (30.0, -1.0, 3.377661812464794e-07, 1.7105411916971207, 3.8563567280769346)
collision with obstacle detected! @ timestep3
ego_poly: (27.411895988633482, -2.4667540976186797, 0.0011930405115634934, 1.7105411916971207, 3.8563567280769346), obs_poly: (30.0, -1.0, 3.377661812464794e-07, 1.7105411916971207, 3.8563567280769346)
 failed to pass ttc collision check, t=0.5
comfortable: [True, True, True, True, False, True]
frame 29 / 126
collision with obstacle detected! @ timestep3
ego_poly: (27.274336341319717, -2.527417246444165, 0.0019114485199109431, 1.7105411916971207, 3.8563567280769346), obs_poly: (30.0, -1.0, 3.377661812464794e-07, 1.7105411916971207, 3.8563567280769346)
collision with obstacle detected! @ timestep2
ego_poly: (27.132130608970613, -2.5007545141316334, 0.06322113575510253, 1.7105411916971207, 3.8563567280769346), obs_poly: (30.0, -1.0, 3.377661812464794e-07, 1.7105411916971207, 3.8563567280769346)
 failed to pass ttc collision check, t=0.5
comfortable: [True, True, True, True, True, True]
frame 30 / 126
collision with obstacle detected! @ timestep2
ego_poly: (27.55865763498299, -2.6328263490390293, -0.017730404453016775, 1.7105411916971207, 3.8563567280769346), obs_poly: (30.0, -1.0, 3.377661812464794e-07, 1.7105411916971207, 3.8563567280769346)
 failed to pass ttc collision check, t=0.5
comfortable: [True, True, True, True, True, True]
frame 31 / 126
comfortable: [True, True, True, True, True, True]
frame 32 / 126
comfortable: [True, True, True, True, True, True]
frame 33 / 126
comfortable: [True, True, True, True, True, True]
frame 34 / 126
comfortable: [True, True, True, True, True, True]
frame 35 / 126
comfortable: [True, True, True, True, False, False]
frame 36 / 126
comfortable: [True, True, True, True, True, True]
frame 37 / 126
comfortable: [True, True, True, True, True, True]
frame 38 / 126
comfortable: [True, True, True, True, True, True]
frame 39 / 126
comfortable: [True, True, True, True, True, True]
frame 40 / 126
comfortable: [True, True, True, True, True, True]
frame 41 / 126
comfortable: [True, True, True, True, True, True]
frame 42 / 126
comfortable: [True, True, True, True, True, True]
frame 43 / 126
comfortable: [True, True, True, True, False, True]
frame 44 / 126
comfortable: [True, True, True, True, False, True]
frame 45 / 126
comfortable: [True, True, True, True, False, True]
frame 46 / 126
comfortable: [True, True, True, True, False, True]
frame 47 / 126
comfortable: [True, True, True, True, False, True]
frame 48 / 126
comfortable: [True, True, True, True, False, True]
frame 49 / 126
comfortable: [True, True, True, True, True, True]
frame 50 / 126
comfortable: [True, True, True, True, True, True]
frame 51 / 126
comfortable: [True, True, True, True, False, True]
frame 52 / 126
comfortable: [True, True, True, True, False, True]
frame 53 / 126
comfortable: [True, True, True, True, False, True]
frame 54 / 126
comfortable: [True, True, True, True, False, False]
frame 55 / 126
comfortable: [True, False, True, True, False, False]
frame 56 / 126
comfortable: [True, True, True, True, False, False]
frame 57 / 126
comfortable: [True, False, False, False, False, False]
frame 58 / 126
comfortable: [True, False, False, False, False, False]
frame 59 / 126
comfortable: [True, False, False, False, False, False]
frame 60 / 126
comfortable: [True, False, True, False, False, False]
frame 61 / 126
comfortable: [True, False, False, False, False, True]
frame 62 / 126
comfortable: [True, False, False, False, False, False]
frame 63 / 126
comfortable: [True, True, True, True, False, False]
frame 64 / 126
comfortable: [True, True, True, True, True, True]
frame 65 / 126
comfortable: [True, True, True, True, True, True]
frame 66 / 126
comfortable: [True, True, True, True, True, True]
frame 67 / 126
comfortable: [True, True, True, True, True, True]
frame 68 / 126
comfortable: [True, True, True, True, True, True]
frame 69 / 126
comfortable: [True, True, True, True, True, True]
frame 70 / 126
comfortable: [True, True, True, True, True, True]
frame 71 / 126
comfortable: [True, True, True, True, True, True]
frame 72 / 126
comfortable: [True, True, True, True, True, True]
frame 73 / 126
comfortable: [True, True, True, True, True, True]
frame 74 / 126
comfortable: [True, True, True, True, True, True]
frame 75 / 126
comfortable: [True, True, True, True, True, True]
frame 76 / 126
comfortable: [True, True, True, True, True, True]
frame 77 / 126
comfortable: [True, True, True, True, True, True]
frame 78 / 126
comfortable: [True, True, True, True, True, True]
frame 79 / 126
comfortable: [True, True, True, True, True, True]
frame 80 / 126
comfortable: [True, True, True, True, True, True]
frame 81 / 126
comfortable: [True, True, True, True, True, True]
frame 82 / 126
comfortable: [True, True, True, True, True, True]
frame 83 / 126
comfortable: [True, True, True, True, True, True]
frame 84 / 126
comfortable: [True, True, True, True, True, True]
frame 85 / 126
comfortable: [True, True, True, True, False, True]
frame 86 / 126
comfortable: [True, True, True, True, True, True]
frame 87 / 126
comfortable: [True, True, True, True, True, True]
frame 88 / 126
comfortable: [True, True, True, True, True, True]
frame 89 / 126
comfortable: [True, True, True, True, True, True]
frame 90 / 126
comfortable: [True, True, True, True, True, True]
frame 91 / 126
comfortable: [True, True, True, True, True, True]
frame 92 / 126
comfortable: [True, True, True, True, True, True]
frame 93 / 126
comfortable: [True, True, True, True, True, True]
frame 94 / 126
comfortable: [True, True, True, True, True, True]
frame 95 / 126
comfortable: [True, True, True, True, True, True]
frame 96 / 126
comfortable: [True, True, True, True, True, True]
frame 97 / 126
comfortable: [True, True, True, True, True, True]
frame 98 / 126
comfortable: [True, True, True, True, True, True]
frame 99 / 126
comfortable: [True, True, True, True, True, True]
frame 100 / 126
comfortable: [True, True, True, True, True, True]
frame 101 / 126
comfortable: [True, True, True, True, True, True]
frame 102 / 126
comfortable: [True, True, True, True, True, True]
frame 103 / 126
comfortable: [True, True, True, True, True, True]
frame 104 / 126
comfortable: [True, True, True, True, True, True]
frame 105 / 126
comfortable: [True, True, True, True, True, True]
frame 106 / 126
comfortable: [True, True, True, True, True, True]
frame 107 / 126
comfortable: [True, True, True, True, True, True]
frame 108 / 126
comfortable: [True, True, True, True, True, True]
frame 109 / 126
comfortable: [True, True, True, True, True, True]
frame 110 / 126
comfortable: [True, True, True, True, True, True]
frame 111 / 126
comfortable: [True, True, True, True, True, True]
frame 112 / 126
comfortable: [True, True, True, True, True, True]
frame 113 / 126
comfortable: [True, True, True, True, True, True]
frame 114 / 126
comfortable: [True, True, True, True, True, True]
frame 115 / 126
comfortable: [True, True, True, True, True, True]
frame 116 / 126
comfortable: [True, True, True, True, True, True]
frame 117 / 126
comfortable: [True, True, True, True, False, False]
frame 118 / 126
collision with background detected! @ timestep5
 failed to pass ttc collision check, t=0.5
comfortable: [True, True, True, True, False, False]
frame 119 / 126
collision with background detected! @ timestep5
collision with background detected! @ timestep4
 failed to pass ttc collision check, t=0.5
comfortable: [True, True, True, True, False, True]
frame 120 / 126
collision with background detected! @ timestep5
collision with background detected! @ timestep3
 failed to pass ttc collision check, t=0.5
comfortable: [True, True, True, True, True, True]
frame 121 / 126
collision with background detected! @ timestep3
collision with background detected! @ timestep2
 failed to pass ttc collision check, t=0.5
comfortable: [True, True, True, True, False, False]
frame 122 / 126
collision with background detected! @ timestep3
collision with background detected! @ timestep2
 failed to pass ttc collision check, t=0.5
comfortable: [True, True, True, True, False, False]
frame 123 / 126
collision with background detected! @ timestep2
collision with background detected! @ timestep1
 failed to pass ttc collision check, t=0.5
comfortable: [True, True, True, True, False, False]
frame 124 / 126
collision with background detected! @ timestep2
collision with background detected! @ timestep1
 failed to pass ttc collision check, t=0.5
comfortable: [True, True, True, True, False, False]
frame 125 / 126
collision with background detected! @ timestep1
collision with background detected! @ timestep0
 failed to pass ttc collision check, t=0.5
comfortable: [True, True, True, True, True, True]
The score of experiment is (0.8390022675736962, 0.9168148587235725, 0.7692097454143353, {'nc': 0.9047619047619048, 'dac': 1.0, 'ttc': 0.8888888888888888, 'c': 0.7380952380952381, 'pdms': 0.8390022675736962}, {0.25: {'nc': 1.0, 'dac': 1.0, 'ttc': 1.0, 'c': 1.0, 'pdms': 1.0}, 0.5: {'nc': 1.0, 'dac': 1.0, 'ttc': 1.0, 'c': 1.0, 'pdms': 1.0}, 0.75: {'nc': 1.0, 'dac': 1.0, 'ttc': 1.0, 'c': 1.0, 'pdms': 1.0}, 1.0: {'nc': 1.0, 'dac': 1.0, 'ttc': 1.0, 'c': 1.0, 'pdms': 1.0}, 1.25: {'nc': 1.0, 'dac': 1.0, 'ttc': 1.0, 'c': 1.0, 'pdms': 1.0}, 1.5: {'nc': 1.0, 'dac': 1.0, 'ttc': 1.0, 'c': 1.0, 'pdms': 1.0}, 1.75: {'nc': 1.0, 'dac': 1.0, 'ttc': 1.0, 'c': 1.0, 'pdms': 1.0}, 2.0: {'nc': 1.0, 'dac': 1.0, 'ttc': 1.0, 'c': 1.0, 'pdms': 1.0}, 2.25: {'nc': 1.0, 'dac': 1.0, 'ttc': 1.0, 'c': 1.0, 'pdms': 1.0}, 2.5: {'nc': 1.0, 'dac': 1.0, 'ttc': 1.0, 'c': 1.0, 'pdms': 1.0}, 2.75: {'nc': 1.0, 'dac': 1.0, 'ttc': 1.0, 'c': 1.0, 'pdms': 1.0}, 3.0: {'nc': 1.0, 'dac': 1.0, 'ttc': 1.0, 'c': 1.0, 'pdms': 1.0}, 3.25: {'nc': 1.0, 'dac': 1.0, 'ttc': 1.0, 'c': 1.0, 'pdms': 1.0}, 3.5: {'nc': 1.0, 'dac': 1.0, 'ttc': 1.0, 'c': 1.0, 'pdms': 1.0}, 3.75: {'nc': 1.0, 'dac': 1.0, 'ttc': 1.0, 'c': 1.0, 'pdms': 1.0}, 4.0: {'nc': 1.0, 'dac': 1.0, 'ttc': 1.0, 'c': 1.0, 'pdms': 1.0}, 4.25: {'nc': 1.0, 'dac': 1.0, 'ttc': 1.0, 'c': 1.0, 'pdms': 1.0}, 4.5: {'nc': 1.0, 'dac': 1.0, 'ttc': 1.0, 'c': 1.0, 'pdms': 1.0}, 4.75: {'nc': 1.0, 'dac': 1.0, 'ttc': 1.0, 'c': 1.0, 'pdms': 1.0}, 5.0: {'nc': 1.0, 'dac': 1.0, 'ttc': 1.0, 'c': 0.0, 'pdms': 0.7142857142857143}, 5.25: {'nc': 1.0, 'dac': 1.0, 'ttc': 1.0, 'c': 1.0, 'pdms': 1.0}, 5.5: {'nc': 1.0, 'dac': 1.0, 'ttc': 1.0, 'c': 1.0, 'pdms': 1.0}, 5.75: {'nc': 1.0, 'dac': 1.0, 'ttc': 1.0, 'c': 1.0, 'pdms': 1.0}, 6.0: {'nc': 1.0, 'dac': 1.0, 'ttc': 1.0, 'c': 1.0, 'pdms': 1.0}, 6.25: {'nc': 1.0, 'dac': 1.0, 'ttc': 1.0, 'c': 1.0, 'pdms': 1.0}, 6.5: {'nc': 0.0, 'dac': 1.0, 'ttc': 0.0, 'c': 0.0, 'pdms': 0.0}, 6.75: {'nc': 0.0, 'dac': 1.0, 'ttc': 0.0, 'c': 0.0, 'pdms': 0.0}, 7.0: {'nc': 0.0, 'dac': 1.0, 'ttc': 0.0, 'c': 0.0, 'pdms': 0.0}, 7.25: {'nc': 0.0, 'dac': 1.0, 'ttc': 0.0, 'c': 0.0, 'pdms': 0.0}, 7.5: {'nc': 0.0, 'dac': 1.0, 'ttc': 0.0, 'c': 1.0, 'pdms': 0.0}, 7.75: {'nc': 1.0, 'dac': 1.0, 'ttc': 0.0, 'c': 1.0, 'pdms': 0.2857142857142857}, 8.0: {'nc': 1.0, 'dac': 1.0, 'ttc': 1.0, 'c': 1.0, 'pdms': 1.0}, 8.25: {'nc': 1.0, 'dac': 1.0, 'ttc': 1.0, 'c': 1.0, 'pdms': 1.0}, 8.5: {'nc': 1.0, 'dac': 1.0, 'ttc': 1.0, 'c': 1.0, 'pdms': 1.0}, 8.75: {'nc': 1.0, 'dac': 1.0, 'ttc': 1.0, 'c': 1.0, 'pdms': 1.0}, 9.0: {'nc': 1.0, 'dac': 1.0, 'ttc': 1.0, 'c': 0.0, 'pdms': 0.7142857142857143}, 9.25: {'nc': 1.0, 'dac': 1.0, 'ttc': 1.0, 'c': 1.0, 'pdms': 1.0}, 9.5: {'nc': 1.0, 'dac': 1.0, 'ttc': 1.0, 'c': 1.0, 'pdms': 1.0}, 9.75: {'nc': 1.0, 'dac': 1.0, 'ttc': 1.0, 'c': 1.0, 'pdms': 1.0}, 10.0: {'nc': 1.0, 'dac': 1.0, 'ttc': 1.0, 'c': 1.0, 'pdms': 1.0}, 10.25: {'nc': 1.0, 'dac': 1.0, 'ttc': 1.0, 'c': 1.0, 'pdms': 1.0}, 10.5: {'nc': 1.0, 'dac': 1.0, 'ttc': 1.0, 'c': 1.0, 'pdms': 1.0}, 10.75: {'nc': 1.0, 'dac': 1.0, 'ttc': 1.0, 'c': 1.0, 'pdms': 1.0}, 11.0: {'nc': 1.0, 'dac': 1.0, 'ttc': 1.0, 'c': 0.0, 'pdms': 0.7142857142857143}, 11.25: {'nc': 1.0, 'dac': 1.0, 'ttc': 1.0, 'c': 0.0, 'pdms': 0.7142857142857143}, 11.5: {'nc': 1.0, 'dac': 1.0, 'ttc': 1.0, 'c': 0.0, 'pdms': 0.7142857142857143}, 11.75: {'nc': 1.0, 'dac': 1.0, 'ttc': 1.0, 'c': 0.0, 'pdms': 0.7142857142857143}, 12.0: {'nc': 1.0, 'dac': 1.0, 'ttc': 1.0, 'c': 0.0, 'pdms': 0.7142857142857143}, 12.25: {'nc': 1.0, 'dac': 1.0, 'ttc': 1.0, 'c': 0.0, 'pdms': 0.7142857142857143}, 12.5: {'nc': 1.0, 'dac': 1.0, 'ttc': 1.0, 'c': 1.0, 'pdms': 1.0}, 12.75: {'nc': 1.0, 'dac': 1.0, 'ttc': 1.0, 'c': 1.0, 'pdms': 1.0}, 13.0: {'nc': 1.0, 'dac': 1.0, 'ttc': 1.0, 'c': 0.0, 'pdms': 0.7142857142857143}, 13.25: {'nc': 1.0, 'dac': 1.0, 'ttc': 1.0, 'c': 0.0, 'pdms': 0.7142857142857143}, 13.5: {'nc': 1.0, 'dac': 1.0, 'ttc': 1.0, 'c': 0.0, 'pdms': 0.7142857142857143}, 13.75: {'nc': 1.0, 'dac': 1.0, 'ttc': 1.0, 'c': 0.0, 'pdms': 0.7142857142857143}, 14.0: {'nc': 1.0, 'dac': 1.0, 'ttc': 1.0, 'c': 0.0, 'pdms': 0.7142857142857143}, 14.25: {'nc': 1.0, 'dac': 1.0, 'ttc': 1.0, 'c': 0.0, 'pdms': 0.7142857142857143}, 14.5: {'nc': 1.0, 'dac': 1.0, 'ttc': 1.0, 'c': 0.0, 'pdms': 0.7142857142857143}, 14.75: {'nc': 1.0, 'dac': 1.0, 'ttc': 1.0, 'c': 0.0, 'pdms': 0.7142857142857143}, 15.0: {'nc': 1.0, 'dac': 1.0, 'ttc': 1.0, 'c': 0.0, 'pdms': 0.7142857142857143}, 15.25: {'nc': 1.0, 'dac': 1.0, 'ttc': 1.0, 'c': 0.0, 'pdms': 0.7142857142857143}, 15.5: {'nc': 1.0, 'dac': 1.0, 'ttc': 1.0, 'c': 0.0, 'pdms': 0.7142857142857143}, 15.75: {'nc': 1.0, 'dac': 1.0, 'ttc': 1.0, 'c': 0.0, 'pdms': 0.7142857142857143}, 16.0: {'nc': 1.0, 'dac': 1.0, 'ttc': 1.0, 'c': 0.0, 'pdms': 0.7142857142857143}, 16.25: {'nc': 1.0, 'dac': 1.0, 'ttc': 1.0, 'c': 1.0, 'pdms': 1.0}, 16.5: {'nc': 1.0, 'dac': 1.0, 'ttc': 1.0, 'c': 1.0, 'pdms': 1.0}, 16.75: {'nc': 1.0, 'dac': 1.0, 'ttc': 1.0, 'c': 1.0, 'pdms': 1.0}, 17.0: {'nc': 1.0, 'dac': 1.0, 'ttc': 1.0, 'c': 1.0, 'pdms': 1.0}, 17.25: {'nc': 1.0, 'dac': 1.0, 'ttc': 1.0, 'c': 1.0, 'pdms': 1.0}, 17.5: {'nc': 1.0, 'dac': 1.0, 'ttc': 1.0, 'c': 1.0, 'pdms': 1.0}, 17.75: {'nc': 1.0, 'dac': 1.0, 'ttc': 1.0, 'c': 1.0, 'pdms': 1.0}, 18.0: {'nc': 1.0, 'dac': 1.0, 'ttc': 1.0, 'c': 1.0, 'pdms': 1.0}, 18.25: {'nc': 1.0, 'dac': 1.0, 'ttc': 1.0, 'c': 1.0, 'pdms': 1.0}, 18.5: {'nc': 1.0, 'dac': 1.0, 'ttc': 1.0, 'c': 1.0, 'pdms': 1.0}, 18.75: {'nc': 1.0, 'dac': 1.0, 'ttc': 1.0, 'c': 1.0, 'pdms': 1.0}, 19.0: {'nc': 1.0, 'dac': 1.0, 'ttc': 1.0, 'c': 1.0, 'pdms': 1.0}, 19.25: {'nc': 1.0, 'dac': 1.0, 'ttc': 1.0, 'c': 1.0, 'pdms': 1.0}, 19.5: {'nc': 1.0, 'dac': 1.0, 'ttc': 1.0, 'c': 1.0, 'pdms': 1.0}, 19.75: {'nc': 1.0, 'dac': 1.0, 'ttc': 1.0, 'c': 1.0, 'pdms': 1.0}, 20.0: {'nc': 1.0, 'dac': 1.0, 'ttc': 1.0, 'c': 1.0, 'pdms': 1.0}, 20.25: {'nc': 1.0, 'dac': 1.0, 'ttc': 1.0, 'c': 1.0, 'pdms': 1.0}, 20.5: {'nc': 1.0, 'dac': 1.0, 'ttc': 1.0, 'c': 1.0, 'pdms': 1.0}, 20.75: {'nc': 1.0, 'dac': 1.0, 'ttc': 1.0, 'c': 1.0, 'pdms': 1.0}, 21.0: {'nc': 1.0, 'dac': 1.0, 'ttc': 1.0, 'c': 1.0, 'pdms': 1.0}, 21.25: {'nc': 1.0, 'dac': 1.0, 'ttc': 1.0, 'c': 1.0, 'pdms': 1.0}, 21.5: {'nc': 1.0, 'dac': 1.0, 'ttc': 1.0, 'c': 0.0, 'pdms': 0.7142857142857143}, 21.75: {'nc': 1.0, 'dac': 1.0, 'ttc': 1.0, 'c': 1.0, 'pdms': 1.0}, 22.0: {'nc': 1.0, 'dac': 1.0, 'ttc': 1.0, 'c': 1.0, 'pdms': 1.0}, 22.25: {'nc': 1.0, 'dac': 1.0, 'ttc': 1.0, 'c': 1.0, 'pdms': 1.0}, 22.5: {'nc': 1.0, 'dac': 1.0, 'ttc': 1.0, 'c': 1.0, 'pdms': 1.0}, 22.75: {'nc': 1.0, 'dac': 1.0, 'ttc': 1.0, 'c': 1.0, 'pdms': 1.0}, 23.0: {'nc': 1.0, 'dac': 1.0, 'ttc': 1.0, 'c': 1.0, 'pdms': 1.0}, 23.25: {'nc': 1.0, 'dac': 1.0, 'ttc': 1.0, 'c': 1.0, 'pdms': 1.0}, 23.5: {'nc': 1.0, 'dac': 1.0, 'ttc': 1.0, 'c': 1.0, 'pdms': 1.0}, 23.75: {'nc': 1.0, 'dac': 1.0, 'ttc': 1.0, 'c': 1.0, 'pdms': 1.0}, 24.0: {'nc': 1.0, 'dac': 1.0, 'ttc': 1.0, 'c': 1.0, 'pdms': 1.0}, 24.25: {'nc': 1.0, 'dac': 1.0, 'ttc': 1.0, 'c': 1.0, 'pdms': 1.0}, 24.5: {'nc': 1.0, 'dac': 1.0, 'ttc': 1.0, 'c': 1.0, 'pdms': 1.0}, 24.75: {'nc': 1.0, 'dac': 1.0, 'ttc': 1.0, 'c': 1.0, 'pdms': 1.0}, 25.0: {'nc': 1.0, 'dac': 1.0, 'ttc': 1.0, 'c': 1.0, 'pdms': 1.0}, 25.25: {'nc': 1.0, 'dac': 1.0, 'ttc': 1.0, 'c': 1.0, 'pdms': 1.0}, 25.5: {'nc': 1.0, 'dac': 1.0, 'ttc': 1.0, 'c': 1.0, 'pdms': 1.0}, 25.75: {'nc': 1.0, 'dac': 1.0, 'ttc': 1.0, 'c': 1.0, 'pdms': 1.0}, 26.0: {'nc': 1.0, 'dac': 1.0, 'ttc': 1.0, 'c': 1.0, 'pdms': 1.0}, 26.25: {'nc': 1.0, 'dac': 1.0, 'ttc': 1.0, 'c': 1.0, 'pdms': 1.0}, 26.5: {'nc': 1.0, 'dac': 1.0, 'ttc': 1.0, 'c': 1.0, 'pdms': 1.0}, 26.75: {'nc': 1.0, 'dac': 1.0, 'ttc': 1.0, 'c': 1.0, 'pdms': 1.0}, 27.0: {'nc': 1.0, 'dac': 1.0, 'ttc': 1.0, 'c': 1.0, 'pdms': 1.0}, 27.25: {'nc': 1.0, 'dac': 1.0, 'ttc': 1.0, 'c': 1.0, 'pdms': 1.0}, 27.5: {'nc': 1.0, 'dac': 1.0, 'ttc': 1.0, 'c': 1.0, 'pdms': 1.0}, 27.75: {'nc': 1.0, 'dac': 1.0, 'ttc': 1.0, 'c': 1.0, 'pdms': 1.0}, 28.0: {'nc': 1.0, 'dac': 1.0, 'ttc': 1.0, 'c': 1.0, 'pdms': 1.0}, 28.25: {'nc': 1.0, 'dac': 1.0, 'ttc': 1.0, 'c': 1.0, 'pdms': 1.0}, 28.5: {'nc': 1.0, 'dac': 1.0, 'ttc': 1.0, 'c': 1.0, 'pdms': 1.0}, 28.75: {'nc': 1.0, 'dac': 1.0, 'ttc': 1.0, 'c': 1.0, 'pdms': 1.0}, 29.0: {'nc': 1.0, 'dac': 1.0, 'ttc': 1.0, 'c': 1.0, 'pdms': 1.0}, 29.25: {'nc': 1.0, 'dac': 1.0, 'ttc': 1.0, 'c': 1.0, 'pdms': 1.0}, 29.5: {'nc': 1.0, 'dac': 1.0, 'ttc': 1.0, 'c': 0.0, 'pdms': 0.7142857142857143}, 29.75: {'nc': 1.0, 'dac': 1.0, 'ttc': 0.0, 'c': 0.0, 'pdms': 0.0}, 30.0: {'nc': 0.0, 'dac': 1.0, 'ttc': 0.0, 'c': 0.0, 'pdms': 0.0}, 30.25: {'nc': 0.0, 'dac': 1.0, 'ttc': 0.0, 'c': 1.0, 'pdms': 0.0}, 30.5: {'nc': 0.0, 'dac': 1.0, 'ttc': 0.0, 'c': 0.0, 'pdms': 0.0}, 30.75: {'nc': 0.0, 'dac': 1.0, 'ttc': 0.0, 'c': 0.0, 'pdms': 0.0}, 31.0: {'nc': 0.0, 'dac': 1.0, 'ttc': 0.0, 'c': 0.0, 'pdms': 0.0}, 31.25: {'nc': 0.0, 'dac': 1.0, 'ttc': 0.0, 'c': 0.0, 'pdms': 0.0}, 31.5: {'nc': 0.0, 'dac': 1.0, 'ttc': 0.0, 'c': 1.0, 'pdms': 0.0}}).
=============================Results=============================
'nc': 0.9047619047619048
'dac': 1.0
'ttc': 0.8888888888888888
'c': 0.7380952380952381
'pdms': 0.8390022675736962
'rc': 0.9168148587235725
'hdscore': 0.7692097454143353
The AD algorithm is still running, remaining tolerant 100.
The AD algorithm is still running, remaining tolerant 95.
The AD algorithm is still running, remaining tolerant 90.
The AD algorithm is still running, remaining tolerant 85.
The AD algorithm is still running, remaining tolerant 80.
The AD algorithm is still running, remaining tolerant 75.
The AD algorithm is still running, remaining tolerant 70.
The AD algorithm is still running, remaining tolerant 65.
The AD algorithm is still running, remaining tolerant 60.
The AD algorithm completed with return code 0.
+ rc=0
+ echo 'I107_SLOT_RC=0 i106_s01_iter48_easy_medium_long_lead_fire_ttc_only_scene_0138_medium_01_r1 scene-0138-medium-01 on a1'
I107_SLOT_RC=0 i106_s01_iter48_easy_medium_long_lead_fire_ttc_only_scene_0138_medium_01_r1 scene-0138-medium-01 on a1
+ docker rm -f hugsim_uniad_client
++ python3 -c '
import json, math
try:
    v = json.load(open('\''/datasets/nuscenes-full/hugsim/outputs/nusc_uniad/scene-0138_medium_01/eval.json'\'')).get('\''hdscore'\'')
    print(v if isinstance(v, (int, float)) and math.isfinite(v) else '\''INVALID'\'')
except Exception:
    print('\''MISSING'\'')
'
+ hd=0.7692097454143353
++ python3 -c '
import json
try:
    data = json.load(open('\''/datasets/nuscenes-full/hugsim/outputs/nusc_uniad/scene-0138_medium_01/eval.json'\''))
    print(1 if '\''collision_provenance'\'' in data else 0)
except Exception:
    print(0)
'
+ provenance=1
++ grep -c sent /datasets/nuscenes-full/hugsim/outputs/nusc_uniad/scene-0138_medium_01/output.txt
+ steps=126
+ '[' -n 126 ']'
++ grep -c 'SENTINEL_I48_UNION_PATCH_LOADED enabled=1' /datasets/nuscenes-full/hugsim/outputs/nusc_uniad/scene-0138_medium_01/output.txt
+ marker=1
+ '[' -n 1 ']'
+ decisions=0
+ '[' -s /datasets/nuscenes-full/hugsim/outputs/nusc_uniad/scene-0138_medium_01/sentinel_iter48_decisions.jsonl ']'
++ grep -c 'SENTINEL_I48_DECISION frame=' /datasets/nuscenes-full/hugsim/outputs/nusc_uniad/scene-0138_medium_01/output.txt
+ '[' 126 -gt 0 ']'
+ decisions=1
+ '[' 0 = 0 ']'
+ '[' 0.7692097454143353 '!=' MISSING ']'
+ '[' 0.7692097454143353 '!=' INVALID ']'
+ '[' 1 = 1 ']'
+ '[' 126 -gt 0 ']'
+ '[' 1 -gt 0 ']'
+ '[' 1 = 1 ']'
+ rm -rf /datasets/nuscenes-full/hugsim/iter107_runs/i106_s01_iter48_easy_medium_long_lead_fire_ttc_only_scene_0138_medium_01_r1__scene-0138-medium-01__on
+ mkdir -p /datasets/nuscenes-full/hugsim/iter107_runs/i106_s01_iter48_easy_medium_long_lead_fire_ttc_only_scene_0138_medium_01_r1__scene-0138-medium-01__on
+ find /datasets/nuscenes-full/hugsim/outputs/nusc_uniad/scene-0138_medium_01 -type p -delete
+ mv /datasets/nuscenes-full/hugsim/outputs/nusc_uniad/scene-0138_medium_01/data.pkl /datasets/nuscenes-full/hugsim/outputs/nusc_uniad/scene-0138_medium_01/eval.json /datasets/nuscenes-full/hugsim/outputs/nusc_uniad/scene-0138_medium_01/ground.ply /datasets/nuscenes-full/hugsim/outputs/nusc_uniad/scene-0138_medium_01/infos.pkl /datasets/nuscenes-full/hugsim/outputs/nusc_uniad/scene-0138_medium_01/output.txt /datasets/nuscenes-full/hugsim/outputs/nusc_uniad/scene-0138_medium_01/scene.ply /datasets/nuscenes-full/hugsim/outputs/nusc_uniad/scene-0138_medium_01/sentinel_iter48_decisions.jsonl /datasets/nuscenes-full/hugsim/outputs/nusc_uniad/scene-0138_medium_01/uniad /datasets/nuscenes-full/hugsim/outputs/nusc_uniad/scene-0138_medium_01/video.mp4 /datasets/nuscenes-full/hugsim/iter107_runs/i106_s01_iter48_easy_medium_long_lead_fire_ttc_only_scene_0138_medium_01_r1__scene-0138-medium-01__on/
+ rmdir /datasets/nuscenes-full/hugsim/outputs/nusc_uniad/scene-0138_medium_01
++ date -u +%s
+ printf '{"slot_id":"%s","scenario":"%s","arm":"on","attempt":%s,"rc":%s,"hdscore":%s,"steps":%s,"start_epoch":%s,"end_epoch":%s}\n' i106_s01_iter48_easy_medium_long_lead_fire_ttc_only_scene_0138_medium_01_r1 scene-0138-medium-01 1 0 0.7692097454143353 126 1784010544 1784010963
+ echo 'I107_SLOT_DONE i106_s01_iter48_easy_medium_long_lead_fire_ttc_only_scene_0138_medium_01_r1 scene-0138-medium-01 on ok hd=0.7692097454143353 steps=126'
I107_SLOT_DONE i106_s01_iter48_easy_medium_long_lead_fire_ttc_only_scene_0138_medium_01_r1 scene-0138-medium-01 on ok hd=0.7692097454143353 steps=126
+ return 0
+ IFS='	'
+ read -r slot_id scenario _scenario_sha
+ run_one i106_s02_iter49_hard_extreme_long_lead_fire_cpa_only_scene_0064_hard_00_r2 scene-0064-hard-00
+ local slot_id=i106_s02_iter49_hard_extreme_long_lead_fire_cpa_only_scene_0064_hard_00_r2 scenario=scene-0064-hard-00
+ local scene=scene-0064
+ local mode_dashed=hard-00
+ local mode=hard_00
+ local out_dir=/datasets/nuscenes-full/hugsim/outputs/nusc_uniad/scene-0064_hard_00
+ local dest=/datasets/nuscenes-full/hugsim/iter107_runs/i106_s02_iter49_hard_extreme_long_lead_fire_cpa_only_scene_0064_hard_00_r2__scene-0064-hard-00__on
+ '[' -f /datasets/nuscenes-full/hugsim/iter107_runs/i106_s02_iter49_hard_extreme_long_lead_fire_cpa_only_scene_0064_hard_00_r2__scene-0064-hard-00__on/episode_meta.json ']'
+ prep_scene scene-0064
+ local scene=scene-0064
+ '[' '!' -d /datasets/nuscenes-full/hugsim/extracted/scenes/nuscenes/scene-0064 ']'
+ local cfg=/datasets/nuscenes-full/hugsim/extracted/scenes/nuscenes/scene-0064/cfg.yaml
+ '[' '!' -f /datasets/nuscenes-full/hugsim/extracted/scenes/nuscenes/scene-0064/cfg.yaml ']'
+ '[' -f /datasets/nuscenes-full/hugsim/extracted/scenes/nuscenes/scene-0064/cfg.yaml.orig ']'
+ python3 - /datasets/nuscenes-full/hugsim/extracted/scenes/nuscenes/scene-0064/cfg.yaml /datasets/nuscenes-full/hugsim/extracted/scenes/nuscenes/scene-0064
+ local attempt rc steps hd marker decisions provenance
+ for attempt in 1 2
+ disk_guard
+ local avail
++ df --output=avail -BG /datasets/nuscenes-full
++ tail -1
++ tr -dc 0-9
+ avail=118
+ '[' 118 -lt 20 ']'
++ date -u
+ echo 'I107_SLOT_START i106_s02_iter49_hard_extreme_long_lead_fire_cpa_only_scene_0064_hard_00_r2 scene-0064-hard-00 on a1 Tue Jul 14 06:36:03 UTC 2026'
I107_SLOT_START i106_s02_iter49_hard_extreme_long_lead_fire_cpa_only_scene_0064_hard_00_r2 scene-0064-hard-00 on a1 Tue Jul 14 06:36:03 UTC 2026
+ local t0
++ date -u +%s
+ t0=1784010963
+ docker rm -f hugsim_uniad_client
+ rm -rf /datasets/nuscenes-full/hugsim/outputs/nusc_uniad/scene-0064_hard_00
+ cd /opt/sentinel-stack/HUGSIM
+ SENTINEL_ENABLED=1
+ timeout 1200 pixi run python -u closed_loop.py --scenario_path /datasets/nuscenes-full/hugsim/extracted/scenarios/nuscenes/scene-0064-hard-00.yaml --base_path configs/sim/nuscenes_base.yaml --camera_path configs/sim/nuscenes_camera.yaml --kinematic_path configs/sim/kinematic.yaml --ad uniad --ad_cuda 0
/datasets/nuscenes-full/hugsim/outputs/nusc_uniad/scene-0064_hard_00/output.txt
/opt/sentinel-stack/UniAD_SIM/tools/e2e.sh 0 /datasets/nuscenes-full/hugsim/outputs/nusc_uniad/scene-0064_hard_00
Ready for simulation
ego pose [0.0, 2.5479643102357533e-37, 0.0]
ego pose [0.0, 0.007530851154901892, 0.4119062925203921]
ego pose [0.005230848547050667, 0.02100303833211529, 0.9895707954638414]
ego pose [0.02939583098782756, 0.033527154094512915, 1.6618117476385974]
ego pose [0.07584788182932112, 0.04389469328353919, 2.2923612645463862]
ego pose [0.12875516387374003, 0.057886874371414224, 2.9117651325617513]
ego pose [0.1732511309034915, 0.07237884574926054, 3.5148791120409575]
ego pose [0.2000306743144043, 0.08354293716089589, 4.122332266136]
ego pose [0.20388562159912585, 0.09606547483438234, 4.71735293101352]
ego pose [0.1937083105134702, 0.11273456374539967, 5.309157994698028]
ego pose [0.18232784636687194, 0.13270581324659347, 5.916612093583386]
ego pose [0.18372560420419887, 0.1545417033239332, 6.537153258553039]
ego pose [0.21151297519128068, 0.17495781833873916, 7.142165168539569]
ego pose [0.26789867414875596, 0.197708194677353, 7.74105242893344]
ego pose [0.3477408413887199, 0.21761125329138442, 8.37010507768386]
ego pose [0.4390663973072362, 0.22567463554866712, 9.034199337665402]
ego pose [0.5248423273057682, 0.2485513207858756, 9.729070074876656]
ego pose [0.5833487077776162, 0.25566153568520794, 10.439938410334749]
ego pose [0.5918423645299171, 0.2818809426284717, 11.09033953585698]
ego pose [0.5736999716644777, 0.27846464806968574, 11.710740846472566]
ego pose [0.5393597073729384, 0.2863759741454498, 12.322525140801776]
ego pose [0.5045235267543857, 0.3016945851797399, 12.904819965494296]
ego pose [0.48113421733048245, 0.32108188803783017, 13.466577995601924]
ego pose [0.4795822754209596, 0.348586776856223, 14.00070044193915]
ego pose [0.49744206072320046, 0.3735302488267247, 14.512623488038283]
ego pose [0.5244830431763083, 0.3927988670454477, 15.013964652094032]
ego pose [0.5552035776974069, 0.4053137927164617, 15.508650880125142]
ego pose [0.588842219268904, 0.41532310483204427, 16.042623414551972]
ego pose [0.613467627278117, 0.42916415136189273, 16.60187854756612]
ego pose [0.6181957194303987, 0.4428057566053099, 17.189253049336127]
ego pose [0.5959788156835616, 0.46096352769778215, 17.778393897512395]
ego pose [0.5584838525592237, 0.4878678901919584, 18.360142601853656]
ego pose [0.5177830717317043, 0.510293371716166, 18.94894845733055]
ego pose [0.48791555024308997, 0.5269407299541632, 19.524713123571246]
ego pose [0.4735301831232571, 0.5443486594264422, 20.086952856754113]
ego pose [0.47701384838055866, 0.5510049580297149, 20.66307105925317]
ego pose [0.48891781685276925, 0.577802407665395, 21.05151743794976]
ego pose [0.5009869066931751, 0.5868072046600561, 21.308035699827506]
ego pose [0.5107893855922718, 0.5927932141607164, 21.477441429832286]
ego pose [0.518062300621858, 0.5974879762381701, 21.589320777429727]
ego pose [0.5232152554723409, 0.5983943181322251, 21.663222745563246]
ego pose [0.526771633008393, 0.5994745819245051, 21.71204279973609]
ego pose [0.5431354418960378, 0.6018335561250081, 21.930493193504834]
ego pose [0.5686736218183144, 0.6052028319919772, 22.265002662525163]
ego pose [0.5984596542360276, 0.6123723366738119, 22.698855046975307]
ego pose [0.6227583106297975, 0.6186766098614015, 23.175833363950975]
ego pose [0.633082451975071, 0.6284169736330635, 23.645383441577476]
ego pose [0.6314272741914231, 0.6381028858606691, 24.123778943158186]
ego pose [0.6193910950125008, 0.6423198325890851, 24.60845056682705]
ego pose [0.5969427534311268, 0.6489319966372137, 25.125030200657847]
ego pose [0.5662890357570597, 0.6574176221283518, 25.672096698083777]
ego pose [0.5303768027696111, 0.6697640789005382, 26.247996671263504]
ego pose [0.49216745038636217, 0.6887842578036839, 26.86083665334369]
ego pose [0.46726212736600187, 0.7030169806134718, 27.492010758006487]
ego pose [0.4693657276227875, 0.7199415209374173, 28.131907968883148]
ego pose [0.4934956217263524, 0.744484088265272, 28.77066242889895]
ego pose [0.5340469858027755, 0.766522442240339, 29.402651494188326]
ego pose [0.5759200147031495, 0.7873314723317101, 30.030543641027183]
ego pose [0.6057900864407326, 0.8099142740962629, 30.63939007961265]
ego pose [0.6158092109806033, 0.8238467704174415, 31.24953779487395]
ego pose [0.6013933490996849, 0.8287436457819395, 31.860077604046598]
ego pose [0.5609526601477586, 0.8381950050960388, 32.45197546942587]
ego pose [0.5010473894942774, 0.8478718262269519, 33.06688385172683]
ego pose [0.43278585139921105, 0.8594738606403862, 33.687626159459]
ego pose [0.3747010867413363, 0.8680805897726929, 34.27286813848477]
ego pose [0.347904533410581, 0.8731911270162842, 34.67258829495147]
ego pose [0.3358862626151843, 0.8791023596080728, 34.93669964486102]
ego pose [0.3304154603786267, 0.8827915410178265, 35.11108768494284]
ego pose [0.32787548851470844, 0.8849172286336862, 35.22619712903526]
ego pose [0.32357355028992524, 0.8907181526500184, 35.496237362667905]
ego pose [0.3264325862612372, 0.898791159313948, 35.81929075323057]
ego pose [0.33775385041794187, 0.9082019761759694, 36.1963999031202]
ego pose [0.3558732916197792, 0.9194224849630142, 36.6433364470921]
ego pose [0.3724217174855963, 0.9302047752612774, 37.097945478797755]
ego pose [0.3899366436400495, 0.9436535986554421, 37.5681860464347]
ego pose [0.41636136295745263, 0.9561308900081225, 38.04297223670036]
ego pose [0.460488382694548, 0.9669326279515463, 38.520115783068526]
ego pose [0.5303411782311546, 0.978822949156445, 38.98834049086453]
ego pose [0.6302454145728287, 0.9866563317713442, 39.44849819363379]
ego pose [0.7491666212303124, 1.0151532011509055, 39.88514332685597]
ego pose [0.8771605396088666, 1.0232239995860657, 40.301565087654474]
ego pose [1.0069775295577195, 1.0274588460497807, 40.702927625021566]
ego pose [1.140483008527156, 1.0363328416760171, 41.11387436992807]
ego pose [1.2717159923302837, 1.0469163976446023, 41.53901842885109]
ego pose [1.3923100081791588, 1.0573099105958912, 41.97917799591725]
ego pose [1.490225204198895, 1.0659677140523673, 42.424012171427215]
ego pose [1.5617288157554448, 1.0761923819893604, 42.906986620770304]
ego pose [1.5856761928534464, 1.089813299325192, 43.38426987034463]
ego pose [1.5529591275382941, 1.102450299469836, 43.85897164312516]
ego pose [1.46212500732124, 1.117160151441928, 44.34304964765234]
Collision with background
MoviePy - Building video /datasets/nuscenes-full/hugsim/outputs/nusc_uniad/scene-0064_hard_00/video.mp4.
MoviePy - Writing video /datasets/nuscenes-full/hugsim/outputs/nusc_uniad/scene-0064_hard_00/video.mp4

frame_index:   0%|          | 0/90 [00:00<?, ?it/s, now=None]frame_index:  12%|█▏        | 11/90 [00:00<00:00, 103.37it/s, now=None]frame_index:  29%|██▉       | 26/90 [00:00<00:00, 129.76it/s, now=None]frame_index:  47%|████▋     | 42/90 [00:00<00:00, 142.25it/s, now=None]frame_index:  63%|██████▎   | 57/90 [00:00<00:00, 136.59it/s, now=None]frame_index:  79%|███████▉  | 71/90 [00:00<00:00, 127.17it/s, now=None]frame_index:  93%|█████████▎| 84/90 [00:01<00:00, 45.87it/s, now=None]                                                                       MoviePy - Done !
MoviePy - video ready /datasets/nuscenes-full/hugsim/outputs/nusc_uniad/scene-0064_hard_00/video.mp4
this pkl file contains 1 experiment records.
current exp has 90 frames
frame 0 / 90
comfortable: [True, True, True, True, True, True]
frame 1 / 90
comfortable: [True, True, True, True, True, True]
frame 2 / 90
comfortable: [True, True, True, True, True, True]
frame 3 / 90
comfortable: [True, True, True, True, True, True]
frame 4 / 90
comfortable: [True, True, True, True, True, True]
frame 5 / 90
comfortable: [True, True, True, True, True, True]
frame 6 / 90
comfortable: [True, True, True, True, True, True]
frame 7 / 90
comfortable: [True, True, True, True, True, True]
frame 8 / 90
comfortable: [True, True, True, True, True, True]
frame 9 / 90
comfortable: [True, True, True, True, True, True]
frame 10 / 90
comfortable: [True, True, True, True, True, True]
frame 11 / 90
comfortable: [True, True, True, True, True, True]
frame 12 / 90
comfortable: [True, True, True, True, True, True]
frame 13 / 90
comfortable: [True, True, True, True, True, True]
frame 14 / 90
comfortable: [True, True, True, True, True, True]
frame 15 / 90
comfortable: [True, True, True, True, True, True]
frame 16 / 90
comfortable: [True, True, True, True, True, True]
frame 17 / 90
comfortable: [True, True, True, True, True, True]
frame 18 / 90
comfortable: [True, True, True, True, True, True]
frame 19 / 90
comfortable: [True, True, True, True, True, True]
frame 20 / 90
comfortable: [True, True, True, True, True, True]
frame 21 / 90
comfortable: [True, True, True, True, True, True]
frame 22 / 90
comfortable: [True, True, True, True, True, True]
frame 23 / 90
comfortable: [True, True, True, True, True, True]
frame 24 / 90
comfortable: [True, True, True, True, True, True]
frame 25 / 90
comfortable: [True, True, True, True, True, True]
frame 26 / 90
comfortable: [True, True, True, True, True, True]
frame 27 / 90
comfortable: [True, True, True, True, True, True]
frame 28 / 90
comfortable: [True, True, True, True, True, True]
frame 29 / 90
comfortable: [True, True, True, True, True, True]
frame 30 / 90
comfortable: [True, True, True, True, True, True]
frame 31 / 90
comfortable: [True, True, True, True, True, True]
frame 32 / 90
comfortable: [True, True, True, True, True, True]
frame 33 / 90
comfortable: [True, True, True, True, True, True]
frame 34 / 90
comfortable: [True, True, True, True, True, True]
frame 35 / 90
comfortable: [True, True, True, True, True, True]
frame 36 / 90
comfortable: [True, True, True, True, True, True]
frame 37 / 90
comfortable: [True, True, True, True, True, True]
frame 38 / 90
comfortable: [True, True, True, True, True, True]
frame 39 / 90
comfortable: [True, True, True, True, True, True]
frame 40 / 90
comfortable: [True, True, True, True, True, True]
frame 41 / 90
comfortable: [True, True, True, True, True, True]
frame 42 / 90
comfortable: [True, True, True, True, True, True]
frame 43 / 90
comfortable: [True, True, True, True, True, True]
frame 44 / 90
comfortable: [True, True, True, True, True, True]
frame 45 / 90
comfortable: [True, True, True, True, True, True]
frame 46 / 90
comfortable: [True, True, True, True, True, True]
frame 47 / 90
comfortable: [True, True, True, True, True, True]
frame 48 / 90
comfortable: [True, True, True, True, True, True]
frame 49 / 90
collision with background detected! @ timestep5
 failed to pass ttc collision check, t=1
comfortable: [True, True, True, True, True, True]
frame 50 / 90
collision with background detected! @ timestep5
 failed to pass ttc collision check, t=0.5
comfortable: [True, True, True, True, True, True]
frame 51 / 90
collision with background detected! @ timestep5
collision with background detected! @ timestep4
 failed to pass ttc collision check, t=0.5
comfortable: [True, True, True, True, True, True]
frame 52 / 90
collision with background detected! @ timestep4
collision with background detected! @ timestep3
 failed to pass ttc collision check, t=0.5
comfortable: [True, True, True, True, True, True]
frame 53 / 90
collision with background detected! @ timestep4
collision with background detected! @ timestep3
 failed to pass ttc collision check, t=0.5
comfortable: [True, True, True, True, True, True]
frame 54 / 90
collision with background detected! @ timestep3
collision with background detected! @ timestep2
 failed to pass ttc collision check, t=0.5
comfortable: [True, True, True, True, True, True]
frame 55 / 90
collision with background detected! @ timestep3
collision with background detected! @ timestep2
 failed to pass ttc collision check, t=0.5
comfortable: [True, True, True, True, True, True]
frame 56 / 90
collision with background detected! @ timestep2
collision with background detected! @ timestep1
 failed to pass ttc collision check, t=0.5
comfortable: [True, True, True, True, True, True]
frame 57 / 90
collision with background detected! @ timestep2
collision with background detected! @ timestep1
 failed to pass ttc collision check, t=0.5
comfortable: [True, True, True, True, True, True]
frame 58 / 90
collision with background detected! @ timestep2
collision with background detected! @ timestep1
 failed to pass ttc collision check, t=0.5
comfortable: [True, True, True, True, True, True]
frame 59 / 90
collision with background detected! @ timestep1
collision with background detected! @ timestep0
 failed to pass ttc collision check, t=0.5
comfortable: [True, True, True, True, True, True]
frame 60 / 90
collision with background detected! @ timestep1
collision with background detected! @ timestep0
 failed to pass ttc collision check, t=0.5
comfortable: [True, True, True, True, True, True]
frame 61 / 90
collision with background detected! @ timestep0
collision with background detected! @ timestep0
 failed to pass ttc collision check, t=0.5
comfortable: [True, True, True, True, True, True]
frame 62 / 90
collision with background detected! @ timestep0
collision with background detected! @ timestep0
 failed to pass ttc collision check, t=0.5
comfortable: [True, True, True, True, True, True]
frame 63 / 90
collision with background detected! @ timestep0
collision with background detected! @ timestep0
 failed to pass ttc collision check, t=0.5
comfortable: [True, True, True, True, True, True]
frame 64 / 90
collision with background detected! @ timestep0
collision with background detected! @ timestep0
 failed to pass ttc collision check, t=0.5
comfortable: [True, True, True, True, True, True]
frame 65 / 90
collision with background detected! @ timestep0
collision with background detected! @ timestep0
 failed to pass ttc collision check, t=0.5
comfortable: [True, True, True, True, True, True]
frame 66 / 90
collision with background detected! @ timestep0
collision with background detected! @ timestep0
 failed to pass ttc collision check, t=0.5
comfortable: [True, True, True, True, True, True]
frame 67 / 90
collision with background detected! @ timestep0
collision with background detected! @ timestep0
 failed to pass ttc collision check, t=0.5
comfortable: [True, True, True, True, True, True]
frame 68 / 90
collision with background detected! @ timestep0
collision with background detected! @ timestep5
 failed to pass ttc collision check, t=0.5
comfortable: [True, True, True, True, True, True]
frame 69 / 90
collision with background detected! @ timestep0
collision with background detected! @ timestep3
 failed to pass ttc collision check, t=0.5
comfortable: [True, True, True, True, True, True]
frame 70 / 90
collision with background detected! @ timestep0
collision with background detected! @ timestep3
 failed to pass ttc collision check, t=0.5
comfortable: [True, True, True, True, True, True]
frame 71 / 90
collision with background detected! @ timestep0
collision with background detected! @ timestep3
 failed to pass ttc collision check, t=0.5
comfortable: [True, True, True, True, True, True]
frame 72 / 90
collision with background detected! @ timestep0
collision with background detected! @ timestep2
 failed to pass ttc collision check, t=0.5
comfortable: [True, True, True, True, True, True]
frame 73 / 90
collision with background detected! @ timestep2
collision with background detected! @ timestep2
 failed to pass ttc collision check, t=0.5
comfortable: [True, True, True, True, True, True]
frame 74 / 90
collision with background detected! @ timestep2
collision with background detected! @ timestep2
 failed to pass ttc collision check, t=0.5
comfortable: [True, True, True, True, True, True]
frame 75 / 90
collision with background detected! @ timestep0
collision with background detected! @ timestep0
 failed to pass ttc collision check, t=0.5
comfortable: [True, True, True, True, True, True]
frame 76 / 90
collision with background detected! @ timestep0
collision with background detected! @ timestep0
 failed to pass ttc collision check, t=0.5
comfortable: [True, True, True, True, True, True]
frame 77 / 90
collision with background detected! @ timestep0
collision with background detected! @ timestep0
 failed to pass ttc collision check, t=0.5
comfortable: [True, True, True, True, True, True]
frame 78 / 90
collision with background detected! @ timestep0
collision with background detected! @ timestep0
 failed to pass ttc collision check, t=0.5
comfortable: [True, True, True, True, False, False]
frame 79 / 90
collision with background detected! @ timestep0
collision with background detected! @ timestep0
 failed to pass ttc collision check, t=0.5
comfortable: [True, True, True, True, True, True]
frame 80 / 90
collision with background detected! @ timestep0
collision with background detected! @ timestep0
 failed to pass ttc collision check, t=0.5
comfortable: [True, True, True, True, True, True]
frame 81 / 90
collision with background detected! @ timestep0
collision with background detected! @ timestep0
 failed to pass ttc collision check, t=0.5
comfortable: [True, True, True, True, True, True]
frame 82 / 90
collision with background detected! @ timestep0
collision with background detected! @ timestep0
 failed to pass ttc collision check, t=0.5
comfortable: [True, True, True, True, True, True]
frame 83 / 90
collision with background detected! @ timestep0
collision with background detected! @ timestep0
 failed to pass ttc collision check, t=0.5
comfortable: [True, True, True, True, False, False]
frame 84 / 90
collision with background detected! @ timestep0
collision with background detected! @ timestep0
 failed to pass ttc collision check, t=0.5
comfortable: [True, True, True, True, True, True]
frame 85 / 90
collision with background detected! @ timestep0
collision with background detected! @ timestep0
 failed to pass ttc collision check, t=0.5
comfortable: [True, True, True, True, True, True]
frame 86 / 90
collision with background detected! @ timestep0
collision with background detected! @ timestep0
 failed to pass ttc collision check, t=0.5
comfortable: [True, True, True, True, True, True]
frame 87 / 90
collision with background detected! @ timestep0
collision with background detected! @ timestep0
 failed to pass ttc collision check, t=0.5
comfortable: [True, True, True, True, False, True]
frame 88 / 90
collision with background detected! @ timestep0
collision with background detected! @ timestep0
 failed to pass ttc collision check, t=0.5
comfortable: [True, True, True, True, True, True]
frame 89 / 90
collision with background detected! @ timestep0
collision with background detected! @ timestep0
 failed to pass ttc collision check, t=0.5
comfortable: [True, False, True, True, True, True]
The score of experiment is (0.5507936507936507, 0.5499533146591971, 0.3029107939472085, {'nc': 0.5666666666666667, 'dac': 0.8888888888888888, 'ttc': 0.5444444444444444, 'c': 0.9555555555555556, 'pdms': 0.5507936507936507}, {0.25: {'nc': 1.0, 'dac': 1.0, 'ttc': 1.0, 'c': 1.0, 'pdms': 1.0}, 0.5: {'nc': 1.0, 'dac': 1.0, 'ttc': 1.0, 'c': 1.0, 'pdms': 1.0}, 0.75: {'nc': 1.0, 'dac': 1.0, 'ttc': 1.0, 'c': 1.0, 'pdms': 1.0}, 1.0: {'nc': 1.0, 'dac': 1.0, 'ttc': 1.0, 'c': 1.0, 'pdms': 1.0}, 1.25: {'nc': 1.0, 'dac': 1.0, 'ttc': 1.0, 'c': 1.0, 'pdms': 1.0}, 1.5: {'nc': 1.0, 'dac': 1.0, 'ttc': 1.0, 'c': 1.0, 'pdms': 1.0}, 1.75: {'nc': 1.0, 'dac': 1.0, 'ttc': 1.0, 'c': 1.0, 'pdms': 1.0}, 2.0: {'nc': 1.0, 'dac': 1.0, 'ttc': 1.0, 'c': 1.0, 'pdms': 1.0}, 2.25: {'nc': 1.0, 'dac': 1.0, 'ttc': 1.0, 'c': 1.0, 'pdms': 1.0}, 2.5: {'nc': 1.0, 'dac': 1.0, 'ttc': 1.0, 'c': 1.0, 'pdms': 1.0}, 2.75: {'nc': 1.0, 'dac': 1.0, 'ttc': 1.0, 'c': 1.0, 'pdms': 1.0}, 3.0: {'nc': 1.0, 'dac': 1.0, 'ttc': 1.0, 'c': 1.0, 'pdms': 1.0}, 3.25: {'nc': 1.0, 'dac': 1.0, 'ttc': 1.0, 'c': 1.0, 'pdms': 1.0}, 3.5: {'nc': 1.0, 'dac': 1.0, 'ttc': 1.0, 'c': 1.0, 'pdms': 1.0}, 3.75: {'nc': 1.0, 'dac': 1.0, 'ttc': 1.0, 'c': 1.0, 'pdms': 1.0}, 4.0: {'nc': 1.0, 'dac': 1.0, 'ttc': 1.0, 'c': 1.0, 'pdms': 1.0}, 4.25: {'nc': 1.0, 'dac': 1.0, 'ttc': 1.0, 'c': 1.0, 'pdms': 1.0}, 4.5: {'nc': 1.0, 'dac': 1.0, 'ttc': 1.0, 'c': 1.0, 'pdms': 1.0}, 4.75: {'nc': 1.0, 'dac': 1.0, 'ttc': 1.0, 'c': 1.0, 'pdms': 1.0}, 5.0: {'nc': 1.0, 'dac': 1.0, 'ttc': 1.0, 'c': 1.0, 'pdms': 1.0}, 5.25: {'nc': 1.0, 'dac': 1.0, 'ttc': 1.0, 'c': 1.0, 'pdms': 1.0}, 5.5: {'nc': 1.0, 'dac': 1.0, 'ttc': 1.0, 'c': 1.0, 'pdms': 1.0}, 5.75: {'nc': 1.0, 'dac': 1.0, 'ttc': 1.0, 'c': 1.0, 'pdms': 1.0}, 6.0: {'nc': 1.0, 'dac': 1.0, 'ttc': 1.0, 'c': 1.0, 'pdms': 1.0}, 6.25: {'nc': 1.0, 'dac': 1.0, 'ttc': 1.0, 'c': 1.0, 'pdms': 1.0}, 6.5: {'nc': 1.0, 'dac': 1.0, 'ttc': 1.0, 'c': 1.0, 'pdms': 1.0}, 6.75: {'nc': 1.0, 'dac': 1.0, 'ttc': 1.0, 'c': 1.0, 'pdms': 1.0}, 7.0: {'nc': 1.0, 'dac': 1.0, 'ttc': 1.0, 'c': 1.0, 'pdms': 1.0}, 7.25: {'nc': 1.0, 'dac': 1.0, 'ttc': 1.0, 'c': 1.0, 'pdms': 1.0}, 7.5: {'nc': 1.0, 'dac': 1.0, 'ttc': 1.0, 'c': 1.0, 'pdms': 1.0}, 7.75: {'nc': 1.0, 'dac': 1.0, 'ttc': 1.0, 'c': 1.0, 'pdms': 1.0}, 8.0: {'nc': 1.0, 'dac': 1.0, 'ttc': 1.0, 'c': 1.0, 'pdms': 1.0}, 8.25: {'nc': 1.0, 'dac': 1.0, 'ttc': 1.0, 'c': 1.0, 'pdms': 1.0}, 8.5: {'nc': 1.0, 'dac': 1.0, 'ttc': 1.0, 'c': 1.0, 'pdms': 1.0}, 8.75: {'nc': 1.0, 'dac': 1.0, 'ttc': 1.0, 'c': 1.0, 'pdms': 1.0}, 9.0: {'nc': 1.0, 'dac': 1.0, 'ttc': 1.0, 'c': 1.0, 'pdms': 1.0}, 9.25: {'nc': 1.0, 'dac': 1.0, 'ttc': 1.0, 'c': 1.0, 'pdms': 1.0}, 9.5: {'nc': 1.0, 'dac': 1.0, 'ttc': 1.0, 'c': 1.0, 'pdms': 1.0}, 9.75: {'nc': 1.0, 'dac': 1.0, 'ttc': 1.0, 'c': 1.0, 'pdms': 1.0}, 10.0: {'nc': 1.0, 'dac': 1.0, 'ttc': 1.0, 'c': 1.0, 'pdms': 1.0}, 10.25: {'nc': 1.0, 'dac': 1.0, 'ttc': 1.0, 'c': 1.0, 'pdms': 1.0}, 10.5: {'nc': 1.0, 'dac': 1.0, 'ttc': 1.0, 'c': 1.0, 'pdms': 1.0}, 10.75: {'nc': 1.0, 'dac': 1.0, 'ttc': 1.0, 'c': 1.0, 'pdms': 1.0}, 11.0: {'nc': 1.0, 'dac': 1.0, 'ttc': 1.0, 'c': 1.0, 'pdms': 1.0}, 11.25: {'nc': 1.0, 'dac': 1.0, 'ttc': 1.0, 'c': 1.0, 'pdms': 1.0}, 11.5: {'nc': 1.0, 'dac': 1.0, 'ttc': 1.0, 'c': 1.0, 'pdms': 1.0}, 11.75: {'nc': 1.0, 'dac': 1.0, 'ttc': 1.0, 'c': 1.0, 'pdms': 1.0}, 12.0: {'nc': 1.0, 'dac': 1.0, 'ttc': 1.0, 'c': 1.0, 'pdms': 1.0}, 12.25: {'nc': 1.0, 'dac': 1.0, 'ttc': 1.0, 'c': 1.0, 'pdms': 1.0}, 12.5: {'nc': 1.0, 'dac': 1.0, 'ttc': 0.0, 'c': 1.0, 'pdms': 0.2857142857142857}, 12.75: {'nc': 1.0, 'dac': 1.0, 'ttc': 0.0, 'c': 1.0, 'pdms': 0.2857142857142857}, 13.0: {'nc': 0.0, 'dac': 1.0, 'ttc': 0.0, 'c': 1.0, 'pdms': 0.0}, 13.25: {'nc': 0.0, 'dac': 1.0, 'ttc': 0.0, 'c': 1.0, 'pdms': 0.0}, 13.5: {'nc': 0.0, 'dac': 1.0, 'ttc': 0.0, 'c': 1.0, 'pdms': 0.0}, 13.75: {'nc': 0.0, 'dac': 1.0, 'ttc': 0.0, 'c': 1.0, 'pdms': 0.0}, 14.0: {'nc': 0.0, 'dac': 1.0, 'ttc': 0.0, 'c': 1.0, 'pdms': 0.0}, 14.25: {'nc': 0.0, 'dac': 1.0, 'ttc': 0.0, 'c': 1.0, 'pdms': 0.0}, 14.5: {'nc': 0.0, 'dac': 1.0, 'ttc': 0.0, 'c': 1.0, 'pdms': 0.0}, 14.75: {'nc': 0.0, 'dac': 1.0, 'ttc': 0.0, 'c': 1.0, 'pdms': 0.0}, 15.0: {'nc': 0.0, 'dac': 1.0, 'ttc': 0.0, 'c': 1.0, 'pdms': 0.0}, 15.25: {'nc': 0.0, 'dac': 1.0, 'ttc': 0.0, 'c': 1.0, 'pdms': 0.0}, 15.5: {'nc': 0.0, 'dac': 1.0, 'ttc': 0.0, 'c': 1.0, 'pdms': 0.0}, 15.75: {'nc': 0.0, 'dac': 1.0, 'ttc': 0.0, 'c': 1.0, 'pdms': 0.0}, 16.0: {'nc': 0.0, 'dac': 1.0, 'ttc': 0.0, 'c': 1.0, 'pdms': 0.0}, 16.25: {'nc': 0.0, 'dac': 1.0, 'ttc': 0.0, 'c': 1.0, 'pdms': 0.0}, 16.5: {'nc': 0.0, 'dac': 1.0, 'ttc': 0.0, 'c': 1.0, 'pdms': 0.0}, 16.75: {'nc': 0.0, 'dac': 1.0, 'ttc': 0.0, 'c': 1.0, 'pdms': 0.0}, 17.0: {'nc': 0.0, 'dac': 1.0, 'ttc': 0.0, 'c': 1.0, 'pdms': 0.0}, 17.25: {'nc': 0.0, 'dac': 1.0, 'ttc': 0.0, 'c': 1.0, 'pdms': 0.0}, 17.5: {'nc': 0.0, 'dac': 1.0, 'ttc': 0.0, 'c': 1.0, 'pdms': 0.0}, 17.75: {'nc': 0.0, 'dac': 1.0, 'ttc': 0.0, 'c': 1.0, 'pdms': 0.0}, 18.0: {'nc': 0.0, 'dac': 1.0, 'ttc': 0.0, 'c': 1.0, 'pdms': 0.0}, 18.25: {'nc': 0.0, 'dac': 1.0, 'ttc': 0.0, 'c': 1.0, 'pdms': 0.0}, 18.5: {'nc': 0.0, 'dac': 1.0, 'ttc': 0.0, 'c': 1.0, 'pdms': 0.0}, 18.75: {'nc': 0.0, 'dac': 1.0, 'ttc': 0.0, 'c': 1.0, 'pdms': 0.0}, 19.0: {'nc': 0.0, 'dac': 1.0, 'ttc': 0.0, 'c': 1.0, 'pdms': 0.0}, 19.25: {'nc': 0.0, 'dac': 1.0, 'ttc': 0.0, 'c': 1.0, 'pdms': 0.0}, 19.5: {'nc': 0.0, 'dac': 0.0, 'ttc': 0.0, 'c': 1.0, 'pdms': 0.0}, 19.75: {'nc': 0.0, 'dac': 0.0, 'ttc': 0.0, 'c': 0.0, 'pdms': 0.0}, 20.0: {'nc': 0.0, 'dac': 0.0, 'ttc': 0.0, 'c': 1.0, 'pdms': 0.0}, 20.25: {'nc': 0.0, 'dac': 0.0, 'ttc': 0.0, 'c': 1.0, 'pdms': 0.0}, 20.5: {'nc': 0.0, 'dac': 0.0, 'ttc': 0.0, 'c': 1.0, 'pdms': 0.0}, 20.75: {'nc': 0.0, 'dac': 0.0, 'ttc': 0.0, 'c': 1.0, 'pdms': 0.0}, 21.0: {'nc': 0.0, 'dac': 0.0, 'ttc': 0.0, 'c': 0.0, 'pdms': 0.0}, 21.25: {'nc': 0.0, 'dac': 0.0, 'ttc': 0.0, 'c': 1.0, 'pdms': 0.0}, 21.5: {'nc': 0.0, 'dac': 0.0, 'ttc': 0.0, 'c': 1.0, 'pdms': 0.0}, 21.75: {'nc': 0.0, 'dac': 0.0, 'ttc': 0.0, 'c': 1.0, 'pdms': 0.0}, 22.0: {'nc': 0.0, 'dac': 1.0, 'ttc': 0.0, 'c': 0.0, 'pdms': 0.0}, 22.25: {'nc': 0.0, 'dac': 1.0, 'ttc': 0.0, 'c': 1.0, 'pdms': 0.0}, 22.5: {'nc': 0.0, 'dac': 1.0, 'ttc': 0.0, 'c': 0.0, 'pdms': 0.0}}).
=============================Results=============================
'nc': 0.5666666666666667
'dac': 0.8888888888888888
'ttc': 0.5444444444444444
'c': 0.9555555555555556
'pdms': 0.5507936507936507
'rc': 0.5499533146591971
'hdscore': 0.3029107939472085
The AD algorithm is still running, remaining tolerant 100.
The AD algorithm is still running, remaining tolerant 95.
The AD algorithm is still running, remaining tolerant 90.
The AD algorithm is still running, remaining tolerant 85.
The AD algorithm is still running, remaining tolerant 80.
The AD algorithm is still running, remaining tolerant 75.
The AD algorithm is still running, remaining tolerant 70.
The AD algorithm completed with return code 0.
+ rc=0
+ echo 'I107_SLOT_RC=0 i106_s02_iter49_hard_extreme_long_lead_fire_cpa_only_scene_0064_hard_00_r2 scene-0064-hard-00 on a1'
I107_SLOT_RC=0 i106_s02_iter49_hard_extreme_long_lead_fire_cpa_only_scene_0064_hard_00_r2 scene-0064-hard-00 on a1
+ docker rm -f hugsim_uniad_client
++ python3 -c '
import json, math
try:
    v = json.load(open('\''/datasets/nuscenes-full/hugsim/outputs/nusc_uniad/scene-0064_hard_00/eval.json'\'')).get('\''hdscore'\'')
    print(v if isinstance(v, (int, float)) and math.isfinite(v) else '\''INVALID'\'')
except Exception:
    print('\''MISSING'\'')
'
+ hd=0.3029107939472085
++ python3 -c '
import json
try:
    data = json.load(open('\''/datasets/nuscenes-full/hugsim/outputs/nusc_uniad/scene-0064_hard_00/eval.json'\''))
    print(1 if '\''collision_provenance'\'' in data else 0)
except Exception:
    print(0)
'
+ provenance=1
++ grep -c sent /datasets/nuscenes-full/hugsim/outputs/nusc_uniad/scene-0064_hard_00/output.txt
+ steps=90
+ '[' -n 90 ']'
++ grep -c 'SENTINEL_I48_UNION_PATCH_LOADED enabled=1' /datasets/nuscenes-full/hugsim/outputs/nusc_uniad/scene-0064_hard_00/output.txt
+ marker=1
+ '[' -n 1 ']'
+ decisions=0
+ '[' -s /datasets/nuscenes-full/hugsim/outputs/nusc_uniad/scene-0064_hard_00/sentinel_iter48_decisions.jsonl ']'
++ grep -c 'SENTINEL_I48_DECISION frame=' /datasets/nuscenes-full/hugsim/outputs/nusc_uniad/scene-0064_hard_00/output.txt
+ '[' 90 -gt 0 ']'
+ decisions=1
+ '[' 0 = 0 ']'
+ '[' 0.3029107939472085 '!=' MISSING ']'
+ '[' 0.3029107939472085 '!=' INVALID ']'
+ '[' 1 = 1 ']'
+ '[' 90 -gt 0 ']'
+ '[' 1 -gt 0 ']'
+ '[' 1 = 1 ']'
+ rm -rf /datasets/nuscenes-full/hugsim/iter107_runs/i106_s02_iter49_hard_extreme_long_lead_fire_cpa_only_scene_0064_hard_00_r2__scene-0064-hard-00__on
+ mkdir -p /datasets/nuscenes-full/hugsim/iter107_runs/i106_s02_iter49_hard_extreme_long_lead_fire_cpa_only_scene_0064_hard_00_r2__scene-0064-hard-00__on
+ find /datasets/nuscenes-full/hugsim/outputs/nusc_uniad/scene-0064_hard_00 -type p -delete
+ mv /datasets/nuscenes-full/hugsim/outputs/nusc_uniad/scene-0064_hard_00/data.pkl /datasets/nuscenes-full/hugsim/outputs/nusc_uniad/scene-0064_hard_00/eval.json /datasets/nuscenes-full/hugsim/outputs/nusc_uniad/scene-0064_hard_00/ground.ply /datasets/nuscenes-full/hugsim/outputs/nusc_uniad/scene-0064_hard_00/infos.pkl /datasets/nuscenes-full/hugsim/outputs/nusc_uniad/scene-0064_hard_00/output.txt /datasets/nuscenes-full/hugsim/outputs/nusc_uniad/scene-0064_hard_00/scene.ply /datasets/nuscenes-full/hugsim/outputs/nusc_uniad/scene-0064_hard_00/sentinel_iter48_decisions.jsonl /datasets/nuscenes-full/hugsim/outputs/nusc_uniad/scene-0064_hard_00/uniad /datasets/nuscenes-full/hugsim/outputs/nusc_uniad/scene-0064_hard_00/video.mp4 /datasets/nuscenes-full/hugsim/iter107_runs/i106_s02_iter49_hard_extreme_long_lead_fire_cpa_only_scene_0064_hard_00_r2__scene-0064-hard-00__on/
+ rmdir /datasets/nuscenes-full/hugsim/outputs/nusc_uniad/scene-0064_hard_00
++ date -u +%s
+ printf '{"slot_id":"%s","scenario":"%s","arm":"on","attempt":%s,"rc":%s,"hdscore":%s,"steps":%s,"start_epoch":%s,"end_epoch":%s}\n' i106_s02_iter49_hard_extreme_long_lead_fire_cpa_only_scene_0064_hard_00_r2 scene-0064-hard-00 1 0 0.3029107939472085 90 1784010963 1784011316
+ echo 'I107_SLOT_DONE i106_s02_iter49_hard_extreme_long_lead_fire_cpa_only_scene_0064_hard_00_r2 scene-0064-hard-00 on ok hd=0.3029107939472085 steps=90'
I107_SLOT_DONE i106_s02_iter49_hard_extreme_long_lead_fire_cpa_only_scene_0064_hard_00_r2 scene-0064-hard-00 on ok hd=0.3029107939472085 steps=90
+ return 0
+ IFS='	'
+ read -r slot_id scenario _scenario_sha
+ run_one i106_s03_iter48_easy_medium_long_lead_fire_cpa_only_scene_0166_easy_00_r2 scene-0166-easy-00
+ local slot_id=i106_s03_iter48_easy_medium_long_lead_fire_cpa_only_scene_0166_easy_00_r2 scenario=scene-0166-easy-00
+ local scene=scene-0166
+ local mode_dashed=easy-00
+ local mode=easy_00
+ local out_dir=/datasets/nuscenes-full/hugsim/outputs/nusc_uniad/scene-0166_easy_00
+ local dest=/datasets/nuscenes-full/hugsim/iter107_runs/i106_s03_iter48_easy_medium_long_lead_fire_cpa_only_scene_0166_easy_00_r2__scene-0166-easy-00__on
+ '[' -f /datasets/nuscenes-full/hugsim/iter107_runs/i106_s03_iter48_easy_medium_long_lead_fire_cpa_only_scene_0166_easy_00_r2__scene-0166-easy-00__on/episode_meta.json ']'
+ prep_scene scene-0166
+ local scene=scene-0166
+ '[' '!' -d /datasets/nuscenes-full/hugsim/extracted/scenes/nuscenes/scene-0166 ']'
+ local cfg=/datasets/nuscenes-full/hugsim/extracted/scenes/nuscenes/scene-0166/cfg.yaml
+ '[' '!' -f /datasets/nuscenes-full/hugsim/extracted/scenes/nuscenes/scene-0166/cfg.yaml ']'
+ '[' -f /datasets/nuscenes-full/hugsim/extracted/scenes/nuscenes/scene-0166/cfg.yaml.orig ']'
+ python3 - /datasets/nuscenes-full/hugsim/extracted/scenes/nuscenes/scene-0166/cfg.yaml /datasets/nuscenes-full/hugsim/extracted/scenes/nuscenes/scene-0166
+ local attempt rc steps hd marker decisions provenance
+ for attempt in 1 2
+ disk_guard
+ local avail
++ df --output=avail -BG /datasets/nuscenes-full
++ tail -1
++ tr -dc 0-9
+ avail=117
+ '[' 117 -lt 20 ']'
++ date -u
+ echo 'I107_SLOT_START i106_s03_iter48_easy_medium_long_lead_fire_cpa_only_scene_0166_easy_00_r2 scene-0166-easy-00 on a1 Tue Jul 14 06:41:56 UTC 2026'
I107_SLOT_START i106_s03_iter48_easy_medium_long_lead_fire_cpa_only_scene_0166_easy_00_r2 scene-0166-easy-00 on a1 Tue Jul 14 06:41:56 UTC 2026
+ local t0
++ date -u +%s
+ t0=1784011316
+ docker rm -f hugsim_uniad_client
+ rm -rf /datasets/nuscenes-full/hugsim/outputs/nusc_uniad/scene-0166_easy_00
+ cd /opt/sentinel-stack/HUGSIM
+ SENTINEL_ENABLED=1
+ timeout 1200 pixi run python -u closed_loop.py --scenario_path /datasets/nuscenes-full/hugsim/extracted/scenarios/nuscenes/scene-0166-easy-00.yaml --base_path configs/sim/nuscenes_base.yaml --camera_path configs/sim/nuscenes_camera.yaml --kinematic_path configs/sim/kinematic.yaml --ad uniad --ad_cuda 0
/datasets/nuscenes-full/hugsim/outputs/nusc_uniad/scene-0166_easy_00/output.txt
/opt/sentinel-stack/UniAD_SIM/tools/e2e.sh 0 /datasets/nuscenes-full/hugsim/outputs/nusc_uniad/scene-0166_easy_00
Ready for simulation
ego pose [0.0, 1.1102230246251565e-16, 0.0]
ego pose [0.0, 0.002993048388704082, 0.4262146339279217]
ego pose [0.0037269370885131643, 0.006482442136230317, 1.0082609485422678]
ego pose [0.016781653198518147, 0.004271919021906192, 1.402603165828938]
ego pose [0.030052149828103697, 0.004776623408816837, 1.6628963310520288]
ego pose [0.04083594756452095, 0.005659557572929615, 1.8347067200793992]
ego pose [0.04883797933157097, 0.006254835825997818, 1.9481363972653691]
ego pose [0.07157076502697954, 0.007775101436640779, 2.248488920768616]
ego pose [0.1131760139117152, 0.010968384407715198, 2.7354263037315683]
ego pose [0.18066030382920967, 0.015582816401176603, 3.3613988475606673]
ego pose [0.2682226965782466, 0.016287474660171417, 4.074503817238636]
ego pose [0.3614482764174243, 0.027550032080012783, 4.847120820550796]
ego pose [0.45783841262414565, 0.03431045243677038, 5.648419779361035]
ego pose [0.5552113985343922, 0.04186914085491688, 6.456416818486311]
ego pose [0.6431760700500164, 0.0508382426304719, 7.290050179731564]
ego pose [0.6913028896526764, 0.05564545717404215, 8.111743568460962]
ego pose [0.7242249888133852, 0.061665446853046924, 8.92603802906913]
ego pose [0.7545625431970218, 0.06728651752718176, 9.756375088074016]
ego pose [0.7887192127954252, 0.06968977151243995, 10.595117042346462]
ego pose [0.8033934913551584, 0.07188376570586075, 11.467022103235603]
ego pose [0.8059658734368562, 0.07338505048815523, 12.375367743604947]
ego pose [0.7973489376735756, 0.07532096104496448, 13.306072501007046]
ego pose [0.7792169392198878, 0.08096899496347897, 14.236247853289768]
ego pose [0.7559169505354355, 0.08933049774478236, 15.180403039077904]
ego pose [0.7269487610698615, 0.08600306474916895, 16.154513959848597]
ego pose [0.6926826336147133, 0.08755493041418466, 17.155531932686635]
ego pose [0.6142277472683393, 0.08397435166899683, 18.184430859945635]
ego pose [0.510341681537229, 0.08089215607690654, 19.26220374633559]
ego pose [0.3838507578979723, 0.09251579884585517, 20.372976151794024]
ego pose [0.24320623586500775, 0.12903419312105913, 21.48646791390042]
ego pose [0.1003810042105876, 0.1468316622933048, 22.578180888841533]
ego pose [-0.03697084034966702, 0.11933203771953362, 23.650586413134203]
ego pose [-0.16030478788377572, 0.07854702326280118, 24.735155237270355]
ego pose [-0.23762630152813996, 0.04334425553366918, 25.82351490655118]
ego pose [-0.2574114448887765, 0.05306936458039447, 26.908490598754717]
ego pose [-0.2563441960354896, 0.069796532647756, 28.005872148679888]
ego pose [-0.2162099745395685, 0.07941131335941518, 29.0902363097628]
ego pose [-0.1262057946474633, 0.0812850694062441, 30.157328317037003]
ego pose [-0.025173116357531805, 0.08264198490002816, 31.21230649311242]
ego pose [0.05544249721813256, 0.0868965889372642, 32.23693559039285]
ego pose [0.11222125971073675, 0.08905982176032447, 33.23658505337308]
ego pose [0.15999432629451252, 0.08566835400831402, 34.2038069060628]
ego pose [0.18771440410282467, 0.08881060491817325, 35.14136602746702]
ego pose [0.1643877537860907, 0.0902119003503032, 36.08285117023112]
ego pose [0.11420334767684365, 0.08949832105798065, 37.031875252073995]
ego pose [0.07010931521001007, 0.09246837840841363, 37.992151011277926]
ego pose [0.06547641315870643, 0.09824080642867661, 38.94312884135567]
ego pose [0.0813276496763323, 0.0959838388768995, 39.890553550368644]
ego pose [0.14387187888518502, 0.09409079923700538, 40.79636102164095]
ego pose [0.2282394064765071, 0.09854401105488601, 41.68859738282906]
ego pose [0.29089598738530564, 0.10049339441359433, 42.39453853142405]
ego pose [0.33495007172760216, 0.10457252746980604, 42.913889702151785]
ego pose [0.3631774697240997, 0.10581425620049753, 43.257866958967085]
ego pose [0.3814579061524313, 0.1061247365964224, 43.485671427704226]
ego pose [0.39338288961433904, 0.10626642619171615, 43.636529685447016]
ego pose [0.41981712287900846, 0.10628712008895137, 43.974325803152254]
ego pose [0.45695647856036964, 0.10596073098542018, 44.49934267978562]
ego pose [0.49506900405407533, 0.1135226925687391, 45.20469374400144]
ego pose [0.5183533820110673, 0.11839893734061549, 46.02747909403354]
ego pose [0.5144288395308566, 0.12112393066888147, 46.90147200140488]
ego pose [0.4842535812161353, 0.12315721703959343, 47.84340992007562]
ego pose [0.42581930323554196, 0.11246463847244008, 48.846194985935135]
ego pose [0.33674001616841276, 0.11774092609646673, 49.882195066460916]
ego pose [0.25691166415035827, 0.1158900453303325, 50.93411419076104]
ego pose [0.17176312215630352, 0.11191869525513308, 52.00159045713823]
ego pose [0.07688806072065332, 0.10709864873012645, 53.06619961673516]
ego pose [-0.02590201049886469, 0.10766810568547507, 54.14726035389388]
ego pose [-0.09618515337965533, 0.1068577166323903, 55.21706615709805]
ego pose [-0.15748935734249872, 0.11393483126461802, 56.27836650454246]
ego pose [-0.21494464630099716, 0.12184376581955238, 57.33709787130382]
ego pose [-0.26685797853915283, 0.11985478625037155, 58.38515212914578]
ego pose [-0.2746407653881127, 0.10396201713073362, 59.400413300752355]
ego pose [-0.2546398890465401, 0.0908529981115862, 60.36264374124818]
ego pose [-0.2368326238126082, 0.08213209382866452, 61.3095371587527]
ego pose [-0.24490312852837326, 0.07942900463582961, 62.06905512638031]
ego pose [-0.262044954550142, 0.07749349434489892, 62.64085908525367]
ego pose [-0.27881744091657773, 0.07653043059332394, 63.025053992391626]
ego pose [-0.2922221453606229, 0.07598288916721417, 63.27915881292261]
ego pose [-0.3020976669985972, 0.07572390343394582, 63.44723913218129]
ego pose [-0.32437507862254517, 0.07509242911229037, 63.80241135302674]
ego pose [-0.364155277743415, 0.07190837959990348, 64.34432342630625]
ego pose [-0.4188383880070989, 0.06561036605711684, 65.02646590849946]
ego pose [-0.47921716098140565, 0.06006973452504042, 65.7952220645477]
ego pose [-0.5182437727971402, 0.05608800810342104, 66.6095636741753]
ego pose [-0.5275960289534714, 0.052331794749457795, 67.44569547241126]
ego pose [-0.5044748849728901, 0.053967862153454144, 68.2644715454512]
ego pose [-0.4462426211051708, 0.05829737044646968, 69.07895593591856]
ego pose [-0.3300052900761154, 0.05862711620587588, 69.88532278456009]
ego pose [-0.13419062417372762, 0.057242866467716154, 70.74868456945983]
ego pose [0.11971086434975925, 0.04980271950934951, 71.64675662582731]
ego pose [0.33715126732936285, 0.04414697282347409, 72.360127322795]
ego pose [0.5071235824282639, 0.041549395611948765, 72.89189671649638]
ego pose [0.6233774453782596, 0.03928726572663685, 73.24397342854127]
ego pose [0.7017886991370821, 0.0377335949954953, 73.47652393416247]
ego pose [0.8418069955281042, 0.03841806869456018, 73.8861694671898]
ego pose [1.034240806793979, 0.03948091572378483, 74.46565248141519]
ego pose [1.2370563516986666, 0.039892435926128775, 75.1443198020342]
ego pose [1.4107150392639436, 0.04171439851403659, 75.86267779864255]
ego pose [1.529841480831528, 0.03564663634484332, 76.5999368443045]
ego pose [1.5797504028764655, 0.035241964053174396, 77.33797856085683]
ego pose [1.5519630730358531, 0.03396131288776831, 78.09308658984375]
ego pose [1.4522281187525432, 0.029895206071577203, 78.8703988006426]
ego pose [1.2933265339654103, 0.020196325424113967, 79.69380808599547]
ego pose [1.0902490930886533, 0.019708611415090893, 80.57645297517482]
ego pose [0.8622358454391927, 0.016856826008785932, 81.49277374704688]
ego pose [0.6247254799687121, -0.0020899739883666344, 82.42905287096163]
ego pose [0.3917790234586713, -0.004874853189121444, 83.36493453861887]
ego pose [0.2039898858106897, -0.016520070485489927, 84.11883519330651]
ego pose [0.06145600488133268, -0.0030858029245169646, 84.69077921158433]
ego pose [-0.03576874215806908, -0.008028975241553053, 85.08078001378766]
ego pose [-0.10016237153024425, -0.011495347822655811, 85.3390256758127]
ego pose [-0.20993563550237526, -0.016369690751184218, 85.77919697900076]
ego pose [-0.35619961147169543, -0.022374856729249968, 86.3688368869309]
ego pose [-0.5238339360487708, -0.02915400477137694, 87.05068450588047]
ego pose [-0.7099215626384274, -0.03769636219182543, 87.81177065716363]
ego pose [-0.9235598969449501, -0.04731196780569126, 88.60713317989273]
ego pose [-1.180519067782391, -0.05919561146172212, 89.43206085961369]
ego pose [-1.4963737402924786, -0.07306850828654106, 90.28955025699389]
ego pose [-1.8347425052680668, -0.09311880503840621, 91.15538664288769]
ego pose [-2.1768150333918825, -0.11221499784408381, 92.04096717975322]
ego pose [-2.514054409774151, -0.13062895414126408, 92.94268933472054]
ego pose [-2.840238795022843, -0.13975454243470908, 93.85562706835528]
ego pose [-3.1547263560008716, -0.15375434352410228, 94.7832738363984]
ego pose [-3.424511956096212, -0.159493886031304, 95.72706493480602]
ego pose [-3.6382004657988416, -0.15710810533620645, 96.69625141955413]
ego pose [-3.8202238870601555, -0.16122092163615392, 97.6662251772443]
ego pose [-3.9797556432275263, -0.17448707692144005, 98.63136692560643]
ego pose [-4.120658598424087, -0.17980781878668003, 99.59093535672584]
ego pose [-4.248251944770955, -0.18972308245674024, 100.5574298245898]
ego pose [-4.367487121813894, -0.20153328493938483, 101.53481151625695]
ego pose [-4.443115584002044, -0.21621659050647196, 102.51156420115106]
ego pose [-4.457491284495037, -0.21480953465360478, 103.47605281290015]
ego pose [-4.402084218114069, -0.21220809718544242, 104.44083534946368]
ego pose [-4.311735368180969, -0.19911888333614625, 105.40813606036818]
ego pose [-4.209583376340123, -0.19681900766861224, 106.34001194055918]
ego pose [-4.08773568079219, -0.19838143528382424, 107.27916711466249]
ego pose [-3.9556219274009816, -0.19709147096896937, 108.21893022795523]
Complete
MoviePy - Building video /datasets/nuscenes-full/hugsim/outputs/nusc_uniad/scene-0166_easy_00/video.mp4.
MoviePy - Writing video /datasets/nuscenes-full/hugsim/outputs/nusc_uniad/scene-0166_easy_00/video.mp4

frame_index:   0%|          | 0/137 [00:00<?, ?it/s, now=None]frame_index:   6%|▌         | 8/137 [00:00<00:01, 76.15it/s, now=None]frame_index:  15%|█▌        | 21/137 [00:00<00:01, 104.46it/s, now=None]frame_index:  26%|██▋       | 36/137 [00:00<00:00, 120.94it/s, now=None]frame_index:  36%|███▋      | 50/137 [00:00<00:00, 127.77it/s, now=None]frame_index:  47%|████▋     | 64/137 [00:00<00:00, 130.90it/s, now=None]frame_index:  57%|█████▋    | 78/137 [00:01<00:01, 39.41it/s, now=None] frame_index:  64%|██████▍   | 88/137 [00:02<00:01, 27.45it/s, now=None]frame_index:  69%|██████▉   | 95/137 [00:03<00:02, 17.22it/s, now=None]frame_index:  73%|███████▎  | 100/137 [00:03<00:02, 16.73it/s, now=None]frame_index:  76%|███████▌  | 104/137 [00:03<00:02, 13.95it/s, now=None]frame_index:  78%|███████▊  | 107/137 [00:04<00:02, 13.68it/s, now=None]frame_index:  80%|████████  | 110/137 [00:04<00:02, 13.11it/s, now=None]frame_index:  82%|████████▏ | 113/137 [00:04<00:01, 12.11it/s, now=None]frame_index:  84%|████████▍ | 115/137 [00:04<00:01, 12.06it/s, now=None]frame_index:  85%|████████▌ | 117/137 [00:05<00:02,  9.89it/s, now=None]frame_index:  88%|████████▊ | 120/137 [00:05<00:01, 10.50it/s, now=None]frame_index:  89%|████████▉ | 122/137 [00:05<00:01,  9.63it/s, now=None]frame_index:  91%|█████████ | 124/137 [00:05<00:01,  9.73it/s, now=None]frame_index:  92%|█████████▏| 126/137 [00:06<00:01, 10.00it/s, now=None]frame_index:  93%|█████████▎| 128/137 [00:06<00:00,  9.26it/s, now=None]frame_index:  95%|█████████▍| 130/137 [00:06<00:00,  9.19it/s, now=None]frame_index:  98%|█████████▊| 134/137 [00:06<00:00, 11.45it/s, now=None]frame_index:  99%|█████████▉| 136/137 [00:07<00:00, 10.99it/s, now=None]                                                                        MoviePy - Done !
MoviePy - video ready /datasets/nuscenes-full/hugsim/outputs/nusc_uniad/scene-0166_easy_00/video.mp4
this pkl file contains 1 experiment records.
current exp has 137 frames
frame 0 / 137
comfortable: [True, True, True, True, True, True]
frame 1 / 137
comfortable: [True, True, True, True, True, True]
frame 2 / 137
comfortable: [True, True, True, True, True, True]
frame 3 / 137
comfortable: [True, True, True, True, True, True]
frame 4 / 137
comfortable: [True, True, True, True, True, True]
frame 5 / 137
comfortable: [True, True, True, True, True, True]
frame 6 / 137
comfortable: [True, True, True, True, True, True]
frame 7 / 137
comfortable: [True, True, True, True, True, True]
frame 8 / 137
comfortable: [True, True, True, True, True, True]
frame 9 / 137
comfortable: [True, True, True, True, True, True]
frame 10 / 137
comfortable: [True, True, True, True, True, True]
frame 11 / 137
comfortable: [True, True, True, True, True, True]
frame 12 / 137
comfortable: [True, True, True, True, True, True]
frame 13 / 137
comfortable: [True, True, True, True, True, True]
frame 14 / 137
comfortable: [True, True, True, True, True, True]
frame 15 / 137
comfortable: [True, True, True, True, True, True]
frame 16 / 137
comfortable: [True, True, True, True, True, True]
frame 17 / 137
comfortable: [True, True, True, True, True, True]
frame 18 / 137
comfortable: [True, True, True, True, True, True]
frame 19 / 137
comfortable: [True, True, True, True, True, True]
frame 20 / 137
comfortable: [True, True, True, True, True, True]
frame 21 / 137
comfortable: [True, True, True, True, True, True]
frame 22 / 137
comfortable: [True, True, True, True, True, True]
frame 23 / 137
comfortable: [True, True, True, True, False, True]
frame 24 / 137
comfortable: [True, True, True, True, True, True]
frame 25 / 137
comfortable: [True, True, True, True, True, True]
frame 26 / 137
comfortable: [True, True, True, True, True, True]
frame 27 / 137
comfortable: [True, True, True, True, False, True]
frame 28 / 137
comfortable: [True, True, True, True, False, False]
frame 29 / 137
comfortable: [True, True, True, True, False, True]
frame 30 / 137
comfortable: [True, True, True, True, False, False]
frame 31 / 137
comfortable: [True, True, True, True, True, True]
frame 32 / 137
comfortable: [True, True, True, True, True, True]
frame 33 / 137
comfortable: [True, True, True, True, True, True]
frame 34 / 137
comfortable: [True, True, True, True, True, True]
frame 35 / 137
comfortable: [True, True, True, True, True, True]
frame 36 / 137
comfortable: [True, True, True, True, True, True]
frame 37 / 137
comfortable: [True, True, True, True, True, True]
frame 38 / 137
comfortable: [True, True, True, True, True, True]
frame 39 / 137
comfortable: [True, True, True, False, True, True]
frame 40 / 137
comfortable: [True, True, True, True, True, True]
frame 41 / 137
comfortable: [True, True, True, True, True, True]
frame 42 / 137
comfortable: [True, True, True, True, True, True]
frame 43 / 137
comfortable: [True, True, True, True, True, True]
frame 44 / 137
comfortable: [True, True, True, True, True, True]
frame 45 / 137
comfortable: [True, True, True, True, True, True]
frame 46 / 137
comfortable: [True, True, True, True, True, True]
frame 47 / 137
comfortable: [True, True, True, True, True, True]
frame 48 / 137
comfortable: [True, True, True, True, True, True]
frame 49 / 137
comfortable: [True, True, True, True, True, True]
frame 50 / 137
comfortable: [True, True, True, True, True, True]
frame 51 / 137
comfortable: [True, True, True, True, True, True]
frame 52 / 137
comfortable: [True, True, True, True, True, True]
frame 53 / 137
comfortable: [True, True, True, True, True, True]
frame 54 / 137
comfortable: [True, True, True, True, True, True]
frame 55 / 137
comfortable: [True, True, True, True, True, True]
frame 56 / 137
comfortable: [True, True, True, True, True, True]
frame 57 / 137
comfortable: [True, True, True, True, True, True]
frame 58 / 137
comfortable: [True, True, True, True, True, True]
frame 59 / 137
comfortable: [True, True, True, True, True, True]
frame 60 / 137
comfortable: [True, True, True, True, True, True]
frame 61 / 137
comfortable: [True, True, True, True, True, True]
frame 62 / 137
comfortable: [True, True, True, True, True, True]
frame 63 / 137
comfortable: [True, True, True, True, True, True]
frame 64 / 137
comfortable: [True, True, True, True, False, True]
frame 65 / 137
comfortable: [True, True, True, True, True, True]
frame 66 / 137
comfortable: [True, True, True, True, True, True]
frame 67 / 137
comfortable: [True, True, True, False, False, True]
frame 68 / 137
comfortable: [True, False, True, False, False, False]
frame 69 / 137
comfortable: [True, True, True, True, True, True]
frame 70 / 137
comfortable: [True, True, True, False, False, True]
frame 71 / 137
comfortable: [True, False, True, False, False, False]
frame 72 / 137
comfortable: [True, True, True, True, True, True]
frame 73 / 137
comfortable: [True, True, True, True, True, True]
frame 74 / 137
comfortable: [True, True, True, True, True, True]
frame 75 / 137
comfortable: [True, True, True, True, True, True]
frame 76 / 137
comfortable: [True, True, True, True, True, True]
frame 77 / 137
comfortable: [True, True, True, True, True, True]
frame 78 / 137
comfortable: [True, True, True, True, False, False]
frame 79 / 137
comfortable: [True, True, True, True, True, True]
frame 80 / 137
collision with background detected! @ timestep2
 failed to pass ttc collision check, t=1
comfortable: [True, True, True, True, True, True]
frame 81 / 137
comfortable: [True, False, True, False, False, False]
frame 82 / 137
comfortable: [True, False, True, False, False, False]
frame 83 / 137
comfortable: [True, False, True, False, False, True]
frame 84 / 137
comfortable: [True, True, True, True, False, True]
frame 85 / 137
comfortable: [True, True, True, True, True, True]
frame 86 / 137
comfortable: [True, True, True, True, True, True]
frame 87 / 137
comfortable: [True, True, True, True, True, True]
frame 88 / 137
comfortable: [True, True, True, True, True, True]
frame 89 / 137
comfortable: [True, True, True, True, True, True]
frame 90 / 137
comfortable: [True, True, True, True, True, True]
frame 91 / 137
comfortable: [True, True, True, True, True, True]
frame 92 / 137
comfortable: [True, True, True, True, True, True]
frame 93 / 137
comfortable: [True, True, True, True, True, True]
frame 94 / 137
comfortable: [True, True, True, True, True, True]
frame 95 / 137
comfortable: [True, True, True, True, True, True]
frame 96 / 137
comfortable: [True, True, True, True, True, True]
frame 97 / 137
comfortable: [True, True, True, True, True, True]
frame 98 / 137
comfortable: [True, True, True, True, True, True]
frame 99 / 137
comfortable: [True, True, True, True, True, True]
frame 100 / 137
comfortable: [True, True, True, True, True, True]
frame 101 / 137
comfortable: [True, True, True, True, True, True]
frame 102 / 137
comfortable: [True, True, True, True, True, True]
frame 103 / 137
comfortable: [True, True, True, True, True, True]
frame 104 / 137
comfortable: [True, True, True, True, False, True]
frame 105 / 137
comfortable: [True, False, True, False, True, True]
frame 106 / 137
comfortable: [True, True, True, True, True, True]
frame 107 / 137
comfortable: [True, True, True, True, True, True]
frame 108 / 137
comfortable: [True, True, True, True, True, True]
frame 109 / 137
comfortable: [True, True, True, True, True, True]
frame 110 / 137
comfortable: [True, True, True, False, True, True]
frame 111 / 137
comfortable: [True, True, True, False, True, True]
frame 112 / 137
comfortable: [True, True, True, False, True, True]
frame 113 / 137
comfortable: [True, True, True, False, True, True]
frame 114 / 137
comfortable: [True, False, True, False, True, True]
frame 115 / 137
comfortable: [True, True, True, False, True, True]
frame 116 / 137
comfortable: [True, True, True, True, False, True]
frame 117 / 137
comfortable: [True, True, True, False, False, True]
frame 118 / 137
comfortable: [True, True, False, False, False, True]
frame 119 / 137
comfortable: [True, True, False, False, False, True]
frame 120 / 137
comfortable: [True, True, False, False, False, True]
frame 121 / 137
comfortable: [True, True, True, True, True, True]
frame 122 / 137
comfortable: [True, True, True, True, True, True]
frame 123 / 137
comfortable: [True, True, True, False, False, True]
frame 124 / 137
comfortable: [True, True, True, False, False, True]
frame 125 / 137
comfortable: [True, True, True, True, False, True]
frame 126 / 137
comfortable: [True, True, True, True, True, True]
frame 127 / 137
comfortable: [True, True, True, True, True, True]
frame 128 / 137
comfortable: [True, True, True, True, True, True]
frame 129 / 137
comfortable: [True, True, True, True, True, True]
frame 130 / 137
comfortable: [True, True, True, True, True, True]
frame 131 / 137
comfortable: [True, True, True, True, True, True]
frame 132 / 137
comfortable: [True, True, True, True, True, True]
frame 133 / 137
comfortable: [True, True, True, True, True, True]
frame 134 / 137
comfortable: [True, True, True, True, True, True]
frame 135 / 137
comfortable: [True, True, True, True, True, True]
frame 136 / 137
comfortable: [True, True, True, True, True, True]
The score of experiment is (0.9280500521376424, 1.0, 0.9280500521376424, {'nc': 1.0, 'dac': 1.0, 'ttc': 0.9927007299270073, 'c': 0.7664233576642335, 'pdms': 0.9280500521376424}, {0.25: {'nc': 1.0, 'dac': 1.0, 'ttc': 1.0, 'c': 1.0, 'pdms': 1.0}, 0.5: {'nc': 1.0, 'dac': 1.0, 'ttc': 1.0, 'c': 1.0, 'pdms': 1.0}, 0.75: {'nc': 1.0, 'dac': 1.0, 'ttc': 1.0, 'c': 1.0, 'pdms': 1.0}, 1.0: {'nc': 1.0, 'dac': 1.0, 'ttc': 1.0, 'c': 1.0, 'pdms': 1.0}, 1.25: {'nc': 1.0, 'dac': 1.0, 'ttc': 1.0, 'c': 1.0, 'pdms': 1.0}, 1.5: {'nc': 1.0, 'dac': 1.0, 'ttc': 1.0, 'c': 1.0, 'pdms': 1.0}, 1.75: {'nc': 1.0, 'dac': 1.0, 'ttc': 1.0, 'c': 1.0, 'pdms': 1.0}, 2.0: {'nc': 1.0, 'dac': 1.0, 'ttc': 1.0, 'c': 1.0, 'pdms': 1.0}, 2.25: {'nc': 1.0, 'dac': 1.0, 'ttc': 1.0, 'c': 1.0, 'pdms': 1.0}, 2.5: {'nc': 1.0, 'dac': 1.0, 'ttc': 1.0, 'c': 1.0, 'pdms': 1.0}, 2.75: {'nc': 1.0, 'dac': 1.0, 'ttc': 1.0, 'c': 1.0, 'pdms': 1.0}, 3.0: {'nc': 1.0, 'dac': 1.0, 'ttc': 1.0, 'c': 1.0, 'pdms': 1.0}, 3.25: {'nc': 1.0, 'dac': 1.0, 'ttc': 1.0, 'c': 1.0, 'pdms': 1.0}, 3.5: {'nc': 1.0, 'dac': 1.0, 'ttc': 1.0, 'c': 1.0, 'pdms': 1.0}, 3.75: {'nc': 1.0, 'dac': 1.0, 'ttc': 1.0, 'c': 1.0, 'pdms': 1.0}, 4.0: {'nc': 1.0, 'dac': 1.0, 'ttc': 1.0, 'c': 1.0, 'pdms': 1.0}, 4.25: {'nc': 1.0, 'dac': 1.0, 'ttc': 1.0, 'c': 1.0, 'pdms': 1.0}, 4.5: {'nc': 1.0, 'dac': 1.0, 'ttc': 1.0, 'c': 1.0, 'pdms': 1.0}, 4.75: {'nc': 1.0, 'dac': 1.0, 'ttc': 1.0, 'c': 1.0, 'pdms': 1.0}, 5.0: {'nc': 1.0, 'dac': 1.0, 'ttc': 1.0, 'c': 1.0, 'pdms': 1.0}, 5.25: {'nc': 1.0, 'dac': 1.0, 'ttc': 1.0, 'c': 1.0, 'pdms': 1.0}, 5.5: {'nc': 1.0, 'dac': 1.0, 'ttc': 1.0, 'c': 1.0, 'pdms': 1.0}, 5.75: {'nc': 1.0, 'dac': 1.0, 'ttc': 1.0, 'c': 1.0, 'pdms': 1.0}, 6.0: {'nc': 1.0, 'dac': 1.0, 'ttc': 1.0, 'c': 0.0, 'pdms': 0.7142857142857143}, 6.25: {'nc': 1.0, 'dac': 1.0, 'ttc': 1.0, 'c': 1.0, 'pdms': 1.0}, 6.5: {'nc': 1.0, 'dac': 1.0, 'ttc': 1.0, 'c': 1.0, 'pdms': 1.0}, 6.75: {'nc': 1.0, 'dac': 1.0, 'ttc': 1.0, 'c': 1.0, 'pdms': 1.0}, 7.0: {'nc': 1.0, 'dac': 1.0, 'ttc': 1.0, 'c': 0.0, 'pdms': 0.7142857142857143}, 7.25: {'nc': 1.0, 'dac': 1.0, 'ttc': 1.0, 'c': 0.0, 'pdms': 0.7142857142857143}, 7.5: {'nc': 1.0, 'dac': 1.0, 'ttc': 1.0, 'c': 0.0, 'pdms': 0.7142857142857143}, 7.75: {'nc': 1.0, 'dac': 1.0, 'ttc': 1.0, 'c': 0.0, 'pdms': 0.7142857142857143}, 8.0: {'nc': 1.0, 'dac': 1.0, 'ttc': 1.0, 'c': 1.0, 'pdms': 1.0}, 8.25: {'nc': 1.0, 'dac': 1.0, 'ttc': 1.0, 'c': 1.0, 'pdms': 1.0}, 8.5: {'nc': 1.0, 'dac': 1.0, 'ttc': 1.0, 'c': 1.0, 'pdms': 1.0}, 8.75: {'nc': 1.0, 'dac': 1.0, 'ttc': 1.0, 'c': 1.0, 'pdms': 1.0}, 9.0: {'nc': 1.0, 'dac': 1.0, 'ttc': 1.0, 'c': 1.0, 'pdms': 1.0}, 9.25: {'nc': 1.0, 'dac': 1.0, 'ttc': 1.0, 'c': 1.0, 'pdms': 1.0}, 9.5: {'nc': 1.0, 'dac': 1.0, 'ttc': 1.0, 'c': 1.0, 'pdms': 1.0}, 9.75: {'nc': 1.0, 'dac': 1.0, 'ttc': 1.0, 'c': 1.0, 'pdms': 1.0}, 10.0: {'nc': 1.0, 'dac': 1.0, 'ttc': 1.0, 'c': 0.0, 'pdms': 0.7142857142857143}, 10.25: {'nc': 1.0, 'dac': 1.0, 'ttc': 1.0, 'c': 1.0, 'pdms': 1.0}, 10.5: {'nc': 1.0, 'dac': 1.0, 'ttc': 1.0, 'c': 1.0, 'pdms': 1.0}, 10.75: {'nc': 1.0, 'dac': 1.0, 'ttc': 1.0, 'c': 1.0, 'pdms': 1.0}, 11.0: {'nc': 1.0, 'dac': 1.0, 'ttc': 1.0, 'c': 1.0, 'pdms': 1.0}, 11.25: {'nc': 1.0, 'dac': 1.0, 'ttc': 1.0, 'c': 1.0, 'pdms': 1.0}, 11.5: {'nc': 1.0, 'dac': 1.0, 'ttc': 1.0, 'c': 1.0, 'pdms': 1.0}, 11.75: {'nc': 1.0, 'dac': 1.0, 'ttc': 1.0, 'c': 1.0, 'pdms': 1.0}, 12.0: {'nc': 1.0, 'dac': 1.0, 'ttc': 1.0, 'c': 1.0, 'pdms': 1.0}, 12.25: {'nc': 1.0, 'dac': 1.0, 'ttc': 1.0, 'c': 1.0, 'pdms': 1.0}, 12.5: {'nc': 1.0, 'dac': 1.0, 'ttc': 1.0, 'c': 1.0, 'pdms': 1.0}, 12.75: {'nc': 1.0, 'dac': 1.0, 'ttc': 1.0, 'c': 1.0, 'pdms': 1.0}, 13.0: {'nc': 1.0, 'dac': 1.0, 'ttc': 1.0, 'c': 1.0, 'pdms': 1.0}, 13.25: {'nc': 1.0, 'dac': 1.0, 'ttc': 1.0, 'c': 1.0, 'pdms': 1.0}, 13.5: {'nc': 1.0, 'dac': 1.0, 'ttc': 1.0, 'c': 1.0, 'pdms': 1.0}, 13.75: {'nc': 1.0, 'dac': 1.0, 'ttc': 1.0, 'c': 1.0, 'pdms': 1.0}, 14.0: {'nc': 1.0, 'dac': 1.0, 'ttc': 1.0, 'c': 1.0, 'pdms': 1.0}, 14.25: {'nc': 1.0, 'dac': 1.0, 'ttc': 1.0, 'c': 1.0, 'pdms': 1.0}, 14.5: {'nc': 1.0, 'dac': 1.0, 'ttc': 1.0, 'c': 1.0, 'pdms': 1.0}, 14.75: {'nc': 1.0, 'dac': 1.0, 'ttc': 1.0, 'c': 1.0, 'pdms': 1.0}, 15.0: {'nc': 1.0, 'dac': 1.0, 'ttc': 1.0, 'c': 1.0, 'pdms': 1.0}, 15.25: {'nc': 1.0, 'dac': 1.0, 'ttc': 1.0, 'c': 1.0, 'pdms': 1.0}, 15.5: {'nc': 1.0, 'dac': 1.0, 'ttc': 1.0, 'c': 1.0, 'pdms': 1.0}, 15.75: {'nc': 1.0, 'dac': 1.0, 'ttc': 1.0, 'c': 1.0, 'pdms': 1.0}, 16.0: {'nc': 1.0, 'dac': 1.0, 'ttc': 1.0, 'c': 1.0, 'pdms': 1.0}, 16.25: {'nc': 1.0, 'dac': 1.0, 'ttc': 1.0, 'c': 0.0, 'pdms': 0.7142857142857143}, 16.5: {'nc': 1.0, 'dac': 1.0, 'ttc': 1.0, 'c': 1.0, 'pdms': 1.0}, 16.75: {'nc': 1.0, 'dac': 1.0, 'ttc': 1.0, 'c': 1.0, 'pdms': 1.0}, 17.0: {'nc': 1.0, 'dac': 1.0, 'ttc': 1.0, 'c': 0.0, 'pdms': 0.7142857142857143}, 17.25: {'nc': 1.0, 'dac': 1.0, 'ttc': 1.0, 'c': 0.0, 'pdms': 0.7142857142857143}, 17.5: {'nc': 1.0, 'dac': 1.0, 'ttc': 1.0, 'c': 1.0, 'pdms': 1.0}, 17.75: {'nc': 1.0, 'dac': 1.0, 'ttc': 1.0, 'c': 0.0, 'pdms': 0.7142857142857143}, 18.0: {'nc': 1.0, 'dac': 1.0, 'ttc': 1.0, 'c': 0.0, 'pdms': 0.7142857142857143}, 18.25: {'nc': 1.0, 'dac': 1.0, 'ttc': 1.0, 'c': 1.0, 'pdms': 1.0}, 18.5: {'nc': 1.0, 'dac': 1.0, 'ttc': 1.0, 'c': 1.0, 'pdms': 1.0}, 18.75: {'nc': 1.0, 'dac': 1.0, 'ttc': 1.0, 'c': 1.0, 'pdms': 1.0}, 19.0: {'nc': 1.0, 'dac': 1.0, 'ttc': 1.0, 'c': 1.0, 'pdms': 1.0}, 19.25: {'nc': 1.0, 'dac': 1.0, 'ttc': 1.0, 'c': 1.0, 'pdms': 1.0}, 19.5: {'nc': 1.0, 'dac': 1.0, 'ttc': 1.0, 'c': 1.0, 'pdms': 1.0}, 19.75: {'nc': 1.0, 'dac': 1.0, 'ttc': 1.0, 'c': 0.0, 'pdms': 0.7142857142857143}, 20.0: {'nc': 1.0, 'dac': 1.0, 'ttc': 1.0, 'c': 1.0, 'pdms': 1.0}, 20.25: {'nc': 1.0, 'dac': 1.0, 'ttc': 0.0, 'c': 1.0, 'pdms': 0.2857142857142857}, 20.5: {'nc': 1.0, 'dac': 1.0, 'ttc': 1.0, 'c': 0.0, 'pdms': 0.7142857142857143}, 20.75: {'nc': 1.0, 'dac': 1.0, 'ttc': 1.0, 'c': 0.0, 'pdms': 0.7142857142857143}, 21.0: {'nc': 1.0, 'dac': 1.0, 'ttc': 1.0, 'c': 0.0, 'pdms': 0.7142857142857143}, 21.25: {'nc': 1.0, 'dac': 1.0, 'ttc': 1.0, 'c': 0.0, 'pdms': 0.7142857142857143}, 21.5: {'nc': 1.0, 'dac': 1.0, 'ttc': 1.0, 'c': 1.0, 'pdms': 1.0}, 21.75: {'nc': 1.0, 'dac': 1.0, 'ttc': 1.0, 'c': 1.0, 'pdms': 1.0}, 22.0: {'nc': 1.0, 'dac': 1.0, 'ttc': 1.0, 'c': 1.0, 'pdms': 1.0}, 22.25: {'nc': 1.0, 'dac': 1.0, 'ttc': 1.0, 'c': 1.0, 'pdms': 1.0}, 22.5: {'nc': 1.0, 'dac': 1.0, 'ttc': 1.0, 'c': 1.0, 'pdms': 1.0}, 22.75: {'nc': 1.0, 'dac': 1.0, 'ttc': 1.0, 'c': 1.0, 'pdms': 1.0}, 23.0: {'nc': 1.0, 'dac': 1.0, 'ttc': 1.0, 'c': 1.0, 'pdms': 1.0}, 23.25: {'nc': 1.0, 'dac': 1.0, 'ttc': 1.0, 'c': 1.0, 'pdms': 1.0}, 23.5: {'nc': 1.0, 'dac': 1.0, 'ttc': 1.0, 'c': 1.0, 'pdms': 1.0}, 23.75: {'nc': 1.0, 'dac': 1.0, 'ttc': 1.0, 'c': 1.0, 'pdms': 1.0}, 24.0: {'nc': 1.0, 'dac': 1.0, 'ttc': 1.0, 'c': 1.0, 'pdms': 1.0}, 24.25: {'nc': 1.0, 'dac': 1.0, 'ttc': 1.0, 'c': 1.0, 'pdms': 1.0}, 24.5: {'nc': 1.0, 'dac': 1.0, 'ttc': 1.0, 'c': 1.0, 'pdms': 1.0}, 24.75: {'nc': 1.0, 'dac': 1.0, 'ttc': 1.0, 'c': 1.0, 'pdms': 1.0}, 25.0: {'nc': 1.0, 'dac': 1.0, 'ttc': 1.0, 'c': 1.0, 'pdms': 1.0}, 25.25: {'nc': 1.0, 'dac': 1.0, 'ttc': 1.0, 'c': 1.0, 'pdms': 1.0}, 25.5: {'nc': 1.0, 'dac': 1.0, 'ttc': 1.0, 'c': 1.0, 'pdms': 1.0}, 25.75: {'nc': 1.0, 'dac': 1.0, 'ttc': 1.0, 'c': 1.0, 'pdms': 1.0}, 26.0: {'nc': 1.0, 'dac': 1.0, 'ttc': 1.0, 'c': 1.0, 'pdms': 1.0}, 26.25: {'nc': 1.0, 'dac': 1.0, 'ttc': 1.0, 'c': 0.0, 'pdms': 0.7142857142857143}, 26.5: {'nc': 1.0, 'dac': 1.0, 'ttc': 1.0, 'c': 0.0, 'pdms': 0.7142857142857143}, 26.75: {'nc': 1.0, 'dac': 1.0, 'ttc': 1.0, 'c': 1.0, 'pdms': 1.0}, 27.0: {'nc': 1.0, 'dac': 1.0, 'ttc': 1.0, 'c': 1.0, 'pdms': 1.0}, 27.25: {'nc': 1.0, 'dac': 1.0, 'ttc': 1.0, 'c': 1.0, 'pdms': 1.0}, 27.5: {'nc': 1.0, 'dac': 1.0, 'ttc': 1.0, 'c': 1.0, 'pdms': 1.0}, 27.75: {'nc': 1.0, 'dac': 1.0, 'ttc': 1.0, 'c': 0.0, 'pdms': 0.7142857142857143}, 28.0: {'nc': 1.0, 'dac': 1.0, 'ttc': 1.0, 'c': 0.0, 'pdms': 0.7142857142857143}, 28.25: {'nc': 1.0, 'dac': 1.0, 'ttc': 1.0, 'c': 0.0, 'pdms': 0.7142857142857143}, 28.5: {'nc': 1.0, 'dac': 1.0, 'ttc': 1.0, 'c': 0.0, 'pdms': 0.7142857142857143}, 28.75: {'nc': 1.0, 'dac': 1.0, 'ttc': 1.0, 'c': 0.0, 'pdms': 0.7142857142857143}, 29.0: {'nc': 1.0, 'dac': 1.0, 'ttc': 1.0, 'c': 0.0, 'pdms': 0.7142857142857143}, 29.25: {'nc': 1.0, 'dac': 1.0, 'ttc': 1.0, 'c': 0.0, 'pdms': 0.7142857142857143}, 29.5: {'nc': 1.0, 'dac': 1.0, 'ttc': 1.0, 'c': 0.0, 'pdms': 0.7142857142857143}, 29.75: {'nc': 1.0, 'dac': 1.0, 'ttc': 1.0, 'c': 0.0, 'pdms': 0.7142857142857143}, 30.0: {'nc': 1.0, 'dac': 1.0, 'ttc': 1.0, 'c': 0.0, 'pdms': 0.7142857142857143}, 30.25: {'nc': 1.0, 'dac': 1.0, 'ttc': 1.0, 'c': 0.0, 'pdms': 0.7142857142857143}, 30.5: {'nc': 1.0, 'dac': 1.0, 'ttc': 1.0, 'c': 1.0, 'pdms': 1.0}, 30.75: {'nc': 1.0, 'dac': 1.0, 'ttc': 1.0, 'c': 1.0, 'pdms': 1.0}, 31.0: {'nc': 1.0, 'dac': 1.0, 'ttc': 1.0, 'c': 0.0, 'pdms': 0.7142857142857143}, 31.25: {'nc': 1.0, 'dac': 1.0, 'ttc': 1.0, 'c': 0.0, 'pdms': 0.7142857142857143}, 31.5: {'nc': 1.0, 'dac': 1.0, 'ttc': 1.0, 'c': 0.0, 'pdms': 0.7142857142857143}, 31.75: {'nc': 1.0, 'dac': 1.0, 'ttc': 1.0, 'c': 1.0, 'pdms': 1.0}, 32.0: {'nc': 1.0, 'dac': 1.0, 'ttc': 1.0, 'c': 1.0, 'pdms': 1.0}, 32.25: {'nc': 1.0, 'dac': 1.0, 'ttc': 1.0, 'c': 1.0, 'pdms': 1.0}, 32.5: {'nc': 1.0, 'dac': 1.0, 'ttc': 1.0, 'c': 1.0, 'pdms': 1.0}, 32.75: {'nc': 1.0, 'dac': 1.0, 'ttc': 1.0, 'c': 1.0, 'pdms': 1.0}, 33.0: {'nc': 1.0, 'dac': 1.0, 'ttc': 1.0, 'c': 1.0, 'pdms': 1.0}, 33.25: {'nc': 1.0, 'dac': 1.0, 'ttc': 1.0, 'c': 1.0, 'pdms': 1.0}, 33.5: {'nc': 1.0, 'dac': 1.0, 'ttc': 1.0, 'c': 1.0, 'pdms': 1.0}, 33.75: {'nc': 1.0, 'dac': 1.0, 'ttc': 1.0, 'c': 1.0, 'pdms': 1.0}, 34.0: {'nc': 1.0, 'dac': 1.0, 'ttc': 1.0, 'c': 1.0, 'pdms': 1.0}, 34.25: {'nc': 1.0, 'dac': 1.0, 'ttc': 1.0, 'c': 1.0, 'pdms': 1.0}}).
=============================Results=============================
'nc': 1.0
'dac': 1.0
'ttc': 0.9927007299270073
'c': 0.7664233576642335
'pdms': 0.9280500521376424
'rc': 1.0
'hdscore': 0.9280500521376424
The AD algorithm is still running, remaining tolerant 100.
The AD algorithm is still running, remaining tolerant 95.
The AD algorithm is still running, remaining tolerant 90.
The AD algorithm is still running, remaining tolerant 85.
The AD algorithm is still running, remaining tolerant 80.
The AD algorithm is still running, remaining tolerant 75.
The AD algorithm is still running, remaining tolerant 70.
The AD algorithm is still running, remaining tolerant 65.
The AD algorithm completed with return code 0.
+ rc=0
+ echo 'I107_SLOT_RC=0 i106_s03_iter48_easy_medium_long_lead_fire_cpa_only_scene_0166_easy_00_r2 scene-0166-easy-00 on a1'
I107_SLOT_RC=0 i106_s03_iter48_easy_medium_long_lead_fire_cpa_only_scene_0166_easy_00_r2 scene-0166-easy-00 on a1
+ docker rm -f hugsim_uniad_client
++ python3 -c '
import json, math
try:
    v = json.load(open('\''/datasets/nuscenes-full/hugsim/outputs/nusc_uniad/scene-0166_easy_00/eval.json'\'')).get('\''hdscore'\'')
    print(v if isinstance(v, (int, float)) and math.isfinite(v) else '\''INVALID'\'')
except Exception:
    print('\''MISSING'\'')
'
+ hd=0.9280500521376424
++ python3 -c '
import json
try:
    data = json.load(open('\''/datasets/nuscenes-full/hugsim/outputs/nusc_uniad/scene-0166_easy_00/eval.json'\''))
    print(1 if '\''collision_provenance'\'' in data else 0)
except Exception:
    print(0)
'
+ provenance=1
++ grep -c sent /datasets/nuscenes-full/hugsim/outputs/nusc_uniad/scene-0166_easy_00/output.txt
+ steps=137
+ '[' -n 137 ']'
++ grep -c 'SENTINEL_I48_UNION_PATCH_LOADED enabled=1' /datasets/nuscenes-full/hugsim/outputs/nusc_uniad/scene-0166_easy_00/output.txt
+ marker=1
+ '[' -n 1 ']'
+ decisions=0
+ '[' -s /datasets/nuscenes-full/hugsim/outputs/nusc_uniad/scene-0166_easy_00/sentinel_iter48_decisions.jsonl ']'
++ grep -c 'SENTINEL_I48_DECISION frame=' /datasets/nuscenes-full/hugsim/outputs/nusc_uniad/scene-0166_easy_00/output.txt
+ '[' 137 -gt 0 ']'
+ decisions=1
+ '[' 0 = 0 ']'
+ '[' 0.9280500521376424 '!=' MISSING ']'
+ '[' 0.9280500521376424 '!=' INVALID ']'
+ '[' 1 = 1 ']'
+ '[' 137 -gt 0 ']'
+ '[' 1 -gt 0 ']'
+ '[' 1 = 1 ']'
+ rm -rf /datasets/nuscenes-full/hugsim/iter107_runs/i106_s03_iter48_easy_medium_long_lead_fire_cpa_only_scene_0166_easy_00_r2__scene-0166-easy-00__on
+ mkdir -p /datasets/nuscenes-full/hugsim/iter107_runs/i106_s03_iter48_easy_medium_long_lead_fire_cpa_only_scene_0166_easy_00_r2__scene-0166-easy-00__on
+ find /datasets/nuscenes-full/hugsim/outputs/nusc_uniad/scene-0166_easy_00 -type p -delete
+ mv /datasets/nuscenes-full/hugsim/outputs/nusc_uniad/scene-0166_easy_00/data.pkl /datasets/nuscenes-full/hugsim/outputs/nusc_uniad/scene-0166_easy_00/eval.json /datasets/nuscenes-full/hugsim/outputs/nusc_uniad/scene-0166_easy_00/ground.ply /datasets/nuscenes-full/hugsim/outputs/nusc_uniad/scene-0166_easy_00/infos.pkl /datasets/nuscenes-full/hugsim/outputs/nusc_uniad/scene-0166_easy_00/output.txt /datasets/nuscenes-full/hugsim/outputs/nusc_uniad/scene-0166_easy_00/scene.ply /datasets/nuscenes-full/hugsim/outputs/nusc_uniad/scene-0166_easy_00/sentinel_iter48_decisions.jsonl /datasets/nuscenes-full/hugsim/outputs/nusc_uniad/scene-0166_easy_00/uniad /datasets/nuscenes-full/hugsim/outputs/nusc_uniad/scene-0166_easy_00/video.mp4 /datasets/nuscenes-full/hugsim/iter107_runs/i106_s03_iter48_easy_medium_long_lead_fire_cpa_only_scene_0166_easy_00_r2__scene-0166-easy-00__on/
+ rmdir /datasets/nuscenes-full/hugsim/outputs/nusc_uniad/scene-0166_easy_00
++ date -u +%s
+ printf '{"slot_id":"%s","scenario":"%s","arm":"on","attempt":%s,"rc":%s,"hdscore":%s,"steps":%s,"start_epoch":%s,"end_epoch":%s}\n' i106_s03_iter48_easy_medium_long_lead_fire_cpa_only_scene_0166_easy_00_r2 scene-0166-easy-00 1 0 0.9280500521376424 137 1784011316 1784011773
+ echo 'I107_SLOT_DONE i106_s03_iter48_easy_medium_long_lead_fire_cpa_only_scene_0166_easy_00_r2 scene-0166-easy-00 on ok hd=0.9280500521376424 steps=137'
I107_SLOT_DONE i106_s03_iter48_easy_medium_long_lead_fire_cpa_only_scene_0166_easy_00_r2 scene-0166-easy-00 on ok hd=0.9280500521376424 steps=137
+ return 0
+ IFS='	'
+ read -r slot_id scenario _scenario_sha
+ run_one i106_s04_iter48_easy_medium_long_lead_fire_ttc_only_scene_0138_medium_01_r2 scene-0138-medium-01
+ local slot_id=i106_s04_iter48_easy_medium_long_lead_fire_ttc_only_scene_0138_medium_01_r2 scenario=scene-0138-medium-01
+ local scene=scene-0138
+ local mode_dashed=medium-01
+ local mode=medium_01
+ local out_dir=/datasets/nuscenes-full/hugsim/outputs/nusc_uniad/scene-0138_medium_01
+ local dest=/datasets/nuscenes-full/hugsim/iter107_runs/i106_s04_iter48_easy_medium_long_lead_fire_ttc_only_scene_0138_medium_01_r2__scene-0138-medium-01__on
+ '[' -f /datasets/nuscenes-full/hugsim/iter107_runs/i106_s04_iter48_easy_medium_long_lead_fire_ttc_only_scene_0138_medium_01_r2__scene-0138-medium-01__on/episode_meta.json ']'
+ prep_scene scene-0138
+ local scene=scene-0138
+ '[' '!' -d /datasets/nuscenes-full/hugsim/extracted/scenes/nuscenes/scene-0138 ']'
+ local cfg=/datasets/nuscenes-full/hugsim/extracted/scenes/nuscenes/scene-0138/cfg.yaml
+ '[' '!' -f /datasets/nuscenes-full/hugsim/extracted/scenes/nuscenes/scene-0138/cfg.yaml ']'
+ '[' -f /datasets/nuscenes-full/hugsim/extracted/scenes/nuscenes/scene-0138/cfg.yaml.orig ']'
+ python3 - /datasets/nuscenes-full/hugsim/extracted/scenes/nuscenes/scene-0138/cfg.yaml /datasets/nuscenes-full/hugsim/extracted/scenes/nuscenes/scene-0138
+ local attempt rc steps hd marker decisions provenance
+ for attempt in 1 2
+ disk_guard
+ local avail
++ df --output=avail -BG /datasets/nuscenes-full
++ tail -1
++ tr -dc 0-9
+ avail=117
+ '[' 117 -lt 20 ']'
++ date -u
+ echo 'I107_SLOT_START i106_s04_iter48_easy_medium_long_lead_fire_ttc_only_scene_0138_medium_01_r2 scene-0138-medium-01 on a1 Tue Jul 14 06:49:33 UTC 2026'
I107_SLOT_START i106_s04_iter48_easy_medium_long_lead_fire_ttc_only_scene_0138_medium_01_r2 scene-0138-medium-01 on a1 Tue Jul 14 06:49:33 UTC 2026
+ local t0
++ date -u +%s
+ t0=1784011773
+ docker rm -f hugsim_uniad_client
+ rm -rf /datasets/nuscenes-full/hugsim/outputs/nusc_uniad/scene-0138_medium_01
+ cd /opt/sentinel-stack/HUGSIM
+ SENTINEL_ENABLED=1
+ timeout 1200 pixi run python -u closed_loop.py --scenario_path /datasets/nuscenes-full/hugsim/extracted/scenarios/nuscenes/scene-0138-medium-01.yaml --base_path configs/sim/nuscenes_base.yaml --camera_path configs/sim/nuscenes_camera.yaml --kinematic_path configs/sim/kinematic.yaml --ad uniad --ad_cuda 0
/datasets/nuscenes-full/hugsim/outputs/nusc_uniad/scene-0138_medium_01/output.txt
/opt/sentinel-stack/UniAD_SIM/tools/e2e.sh 0 /datasets/nuscenes-full/hugsim/outputs/nusc_uniad/scene-0138_medium_01
Loading data for matched scene tags: ['train-nusc_trainval-boston', 'train-nusc_trainval-singapore', 'boston-nusc_trainval-train_val', 'nusc_trainval-train_val-singapore', 'boston-nusc_trainval-val', 'nusc_trainval-val-singapore']
Getting Scenes from nusc_trainval:   0%|          | 0/6 [00:00<?, ?it/s]Getting Scenes from nusc_trainval: 100%|██████████| 6/6 [00:00<00:00, 719.83it/s]
Calculating Agent Data (Serially):   0%|          | 0/850 [00:00<?, ?it/s]Calculating Agent Data (Serially): 100%|██████████| 850/850 [00:00<00:00, 57191.69it/s]
850 scenes in the scene index.
Creating Agent Data Index (4 CPUs):   0%|          | 0/850 [00:00<?, ?it/s]Creating Agent Data Index (4 CPUs):  37%|███▋      | 312/850 [00:00<00:00, 3092.75it/s]Creating Agent Data Index (4 CPUs):  87%|████████▋ | 737/850 [00:00<00:00, 3749.58it/s]Creating Agent Data Index (4 CPUs): 100%|██████████| 850/850 [00:00<00:00, 3742.46it/s]
Structuring Agent Data Index:   0%|          | 0/850 [00:00<?, ?it/s]Structuring Agent Data Index: 100%|██████████| 850/850 [00:00<00:00, 13391.83it/s]
/opt/sentinel-stack/HUGSIM/.pixi/envs/default/lib/python3.11/site-packages/pandas/io/feather_format.py:123: FutureWarning: pyarrow.feather.read_feather is deprecated as of 24.0.0. Use pyarrow.ipc.open_file() / RecordBatchFileReader instead. Feather V2 is the Arrow IPC file format.
  return feather.read_feather(
path not found at  {'agent_0': tensor([ 1.0000, 30.0000, -0.3000,  3.1416,  5.0000])}
Ready for simulation
ego pose [0.0, 3.2305941652567715e-34, 0.0]
ego pose [0.0, -0.004393328738689995, 0.4375]
ego pose [0.00541047224924952, -0.01178351651439452, 1.0593309894001153]
ego pose [0.028958708975162575, -0.02797695729120282, 1.7938467079850282]
ego pose [0.08351808797355068, -0.04016570973285974, 2.57533677265006]
ego pose [0.17477038026624792, -0.04858243922634705, 3.36918862068796]
ego pose [0.3077085783383633, -0.06416030535054039, 4.169307792590052]
ego pose [0.47950403100066785, -0.07298948912227671, 4.9419465746040006]
ego pose [0.6784358685591361, -0.08334495776053664, 5.673060884488732]
ego pose [0.8889218482232358, -0.09420845964379905, 6.399268323792601]
ego pose [1.1028628434591292, -0.10991839692357515, 7.1491064281216445]
ego pose [1.3136549688343058, -0.11773188312423524, 7.917399386497845]
ego pose [1.5157250660372328, -0.12641889281387128, 8.69679074882292]
ego pose [1.7054445501981417, -0.1375602414853723, 9.482782922794852]
ego pose [1.8797920832872466, -0.15119076015326546, 10.267901499810742]
ego pose [2.037896640253522, -0.1657169572404567, 11.057675718390472]
ego pose [2.1795897044300556, -0.17966188716796447, 11.852389867883337]
ego pose [2.306786554779712, -0.19706089428176937, 12.65885999476327]
ego pose [2.4431453315302725, -0.21750701834921457, 13.470409564601635]
ego pose [2.605867176339254, -0.23650860348568445, 14.293967107182457]
ego pose [2.7658144835163334, -0.2551080823889215, 15.112074829857177]
ego pose [2.8998488908372497, -0.27233822247398387, 15.942149466684182]
ego pose [2.980832402253041, -0.28801004260861224, 16.793147036734794]
ego pose [2.9976584808933255, -0.3002241525915502, 17.65712361756468]
ego pose [2.9477341893959945, -0.31170145766080526, 18.51188161575287]
ego pose [2.8602699248834123, -0.3241167021095523, 19.361822292907476]
ego pose [2.764521359475587, -0.33454170821159074, 20.19267368075494]
ego pose [2.686034241997461, -0.3468522333262498, 21.010635902986202]
ego pose [2.6488504027071915, -0.3532437896386736, 21.817019185668958]
ego pose [2.6762087887928776, -0.3707968118561886, 22.622903662795174]
ego pose [2.778098071004539, -0.39115518070572264, 23.413769116837337]
ego pose [2.930586269002765, -0.4051307096985542, 24.20797272602951]
ego pose [3.105566433963303, -0.4221754601125719, 24.985293632254468]
ego pose [3.2827688244314714, -0.440221074436299, 25.765283556338478]
ego pose [3.4373023772877636, -0.45497017117699323, 26.544929279301115]
ego pose [3.5471503135552025, -0.46942220395527345, 27.335567668379845]
ego pose [3.5925808509002497, -0.48322801585018554, 28.122164053158016]
ego pose [3.572071460933016, -0.4950163941676133, 28.92336299764575]
ego pose [3.4966991905200744, -0.5065573907492666, 29.744332721180605]
ego pose [3.3869493901619974, -0.5215838543059419, 30.597379772214232]
ego pose [3.267792511543337, -0.5370130207741737, 31.48197400630595]
ego pose [3.1490376156192084, -0.547470383801055, 32.38385208844607]
ego pose [3.0609419497634853, -0.5534591572929354, 33.31774518890838]
ego pose [2.9877221639632103, -0.568832214056515, 34.26289007533042]
ego pose [2.956796140782528, -0.5869990604845915, 35.2069095475863]
ego pose [2.980176876698552, -0.6018472569333669, 36.12839816713953]
ego pose [3.037696288315301, -0.6176466518351529, 37.02116483040336]
ego pose [3.0992430542481304, -0.6309873078156638, 37.913469201641476]
ego pose [3.1713543366346126, -0.6443794440172346, 38.83054465595015]
ego pose [3.250614426326126, -0.6589930882858508, 39.76265783538923]
ego pose [3.3642251459265116, -0.6723737175886977, 40.70168290121803]
ego pose [3.536035777762125, -0.6829779705864499, 41.630607314365676]
ego pose [3.7478231502408725, -0.6954282848599816, 42.54022211766826]
ego pose [3.94812891670486, -0.7088457048448978, 43.25928923064416]
ego pose [4.113382985503558, -0.719028933941976, 43.793246567236956]
ego pose [4.230314596510809, -0.7259658114139073, 44.145806171299334]
ego pose [4.310699365438698, -0.7289246566654707, 44.37784735649374]
ego pose [4.365184061177041, -0.7310881615944984, 44.53079774885226]
ego pose [4.401789558438562, -0.7325332488457247, 44.631714673364]
ego pose [4.426244286757371, -0.7332509821722307, 44.69834117338553]
ego pose [4.442523839762697, -0.7332370953886418, 44.74235192118551]
ego pose [4.524217585371614, -0.7362195356515195, 44.96208194464123]
ego pose [4.664902879579281, -0.7428652900664945, 45.336563698257585]
ego pose [4.84078281628067, -0.763675793182322, 45.80695689800626]
ego pose [5.039182263414088, -0.7716962574089653, 46.35527023376586]
ego pose [5.238980514756988, -0.7801862174508418, 46.937312173098576]
ego pose [5.435476388859806, -0.7895248010844108, 47.55359938252329]
Collision with background
MoviePy - Building video /datasets/nuscenes-full/hugsim/outputs/nusc_uniad/scene-0138_medium_01/video.mp4.
MoviePy - Writing video /datasets/nuscenes-full/hugsim/outputs/nusc_uniad/scene-0138_medium_01/video.mp4

frame_index:   0%|          | 0/67 [00:00<?, ?it/s, now=None]frame_index:  15%|█▍        | 10/67 [00:00<00:00, 98.98it/s, now=None]frame_index:  33%|███▎      | 22/67 [00:00<00:00, 106.13it/s, now=None]frame_index:  52%|█████▏    | 35/67 [00:00<00:00, 113.56it/s, now=None]frame_index:  75%|███████▍  | 50/67 [00:00<00:00, 125.63it/s, now=None]frame_index:  97%|█████████▋| 65/67 [00:00<00:00, 130.98it/s, now=None]                                                                       MoviePy - Done !
MoviePy - video ready /datasets/nuscenes-full/hugsim/outputs/nusc_uniad/scene-0138_medium_01/video.mp4
this pkl file contains 1 experiment records.
current exp has 67 frames
frame 0 / 67
comfortable: [True, True, True, True, True, True]
frame 1 / 67
comfortable: [True, True, True, True, True, True]
frame 2 / 67
comfortable: [True, True, True, True, True, True]
frame 3 / 67
comfortable: [True, True, True, True, True, True]
frame 4 / 67
comfortable: [True, True, True, True, True, True]
frame 5 / 67
comfortable: [True, True, True, True, True, True]
frame 6 / 67
comfortable: [True, True, True, True, True, True]
frame 7 / 67
comfortable: [True, True, True, True, True, True]
frame 8 / 67
comfortable: [True, True, True, True, True, True]
frame 9 / 67
comfortable: [True, True, True, True, True, True]
frame 10 / 67
comfortable: [True, True, True, True, True, True]
frame 11 / 67
comfortable: [True, True, True, True, True, True]
frame 12 / 67
comfortable: [True, True, True, True, True, True]
frame 13 / 67
comfortable: [True, True, True, True, True, True]
frame 14 / 67
comfortable: [True, True, True, True, True, True]
frame 15 / 67
comfortable: [True, True, True, True, True, True]
frame 16 / 67
comfortable: [True, True, True, True, True, True]
frame 17 / 67
comfortable: [True, True, True, True, True, True]
frame 18 / 67
comfortable: [True, True, True, True, True, True]
frame 19 / 67
comfortable: [True, True, True, True, True, True]
frame 20 / 67
comfortable: [True, True, True, True, True, True]
frame 21 / 67
collision with obstacle detected! @ timestep5
ego_poly: (26.956539809206465, -2.634249276428852, 0.07486060445844177, 1.7105411916971207, 3.8563567280769346), obs_poly: (30.0, -1.0, 3.377661812464794e-07, 1.7105411916971207, 3.8563567280769346)
 failed to pass ttc collision check, t=0.5
comfortable: [True, True, True, True, True, True]
frame 22 / 67
collision with obstacle detected! @ timestep5
ego_poly: (28.02991871582407, -2.219529578893958, 0.07825850732677465, 1.7105411916971207, 3.8563567280769346), obs_poly: (30.0, -1.0, 3.377661812464794e-07, 1.7105411916971207, 3.8563567280769346)
 failed to pass ttc collision check, t=0.5
comfortable: [True, True, True, True, True, True]
frame 23 / 67
collision with obstacle detected! @ timestep5
ego_poly: (28.246237195891908, -2.1113960186083456, 0.06759231980704367, 1.7105411916971207, 3.8563567280769346), obs_poly: (30.0, -1.0, 3.377661812464794e-07, 1.7105411916971207, 3.8563567280769346)
 failed to pass ttc collision check, t=0.5
comfortable: [True, True, True, True, True, True]
frame 24 / 67
collision with obstacle detected! @ timestep5
ego_poly: (27.123202803075163, -2.141849988521202, 0.06725176102273943, 1.7105411916971207, 3.8563567280769346), obs_poly: (30.0, -1.0, 3.377661812464794e-07, 1.7105411916971207, 3.8563567280769346)
collision with obstacle detected! @ timestep4
ego_poly: (26.996460422875952, -2.1262331559493446, 0.07805753800805398, 1.7105411916971207, 3.8563567280769346), obs_poly: (30.0, -1.0, 3.377661812464794e-07, 1.7105411916971207, 3.8563567280769346)
 failed to pass ttc collision check, t=0.5
comfortable: [True, True, True, True, True, True]
frame 25 / 67
collision with obstacle detected! @ timestep5
ego_poly: (27.27322121135221, -2.3717155501845837, -0.007711074988287438, 1.7105411916971207, 3.8563567280769346), obs_poly: (30.0, -1.0, 3.377661812464794e-07, 1.7105411916971207, 3.8563567280769346)
collision with obstacle detected! @ timestep4
ego_poly: (27.144055597620163, -2.3442959895605853, 0.018174162041253675, 1.7105411916971207, 3.8563567280769346), obs_poly: (30.0, -1.0, 3.377661812464794e-07, 1.7105411916971207, 3.8563567280769346)
 failed to pass ttc collision check, t=0.5
comfortable: [True, True, True, True, True, True]
frame 26 / 67
collision with obstacle detected! @ timestep5
ego_poly: (29.497911369173316, -2.7481318038556064, -0.07935375018022975, 1.7105411916971207, 3.8563567280769346), obs_poly: (30.0, -1.0, 3.377661812464794e-07, 1.7105411916971207, 3.8563567280769346)
 failed to pass ttc collision check, t=0.5
comfortable: [True, True, True, True, True, True]
frame 27 / 67
comfortable: [True, True, True, True, True, True]
frame 28 / 67
comfortable: [True, True, True, True, True, True]
frame 29 / 67
comfortable: [True, True, True, True, True, True]
frame 30 / 67
comfortable: [True, True, True, True, False, True]
frame 31 / 67
comfortable: [True, True, True, True, True, True]
frame 32 / 67
comfortable: [True, True, True, True, True, True]
frame 33 / 67
comfortable: [True, True, True, True, True, True]
frame 34 / 67
comfortable: [True, True, True, False, False, True]
frame 35 / 67
comfortable: [True, True, True, True, True, True]
frame 36 / 67
comfortable: [True, True, True, True, True, True]
frame 37 / 67
comfortable: [True, True, True, True, False, True]
frame 38 / 67
comfortable: [True, True, True, True, True, True]
frame 39 / 67
comfortable: [True, True, True, True, False, True]
frame 40 / 67
comfortable: [True, True, True, True, True, True]
frame 41 / 67
comfortable: [True, True, True, True, True, True]
frame 42 / 67
comfortable: [True, True, True, True, True, True]
frame 43 / 67
comfortable: [True, True, True, True, True, True]
frame 44 / 67
comfortable: [True, True, True, True, True, True]
frame 45 / 67
comfortable: [True, False, False, False, False, False]
frame 46 / 67
comfortable: [True, True, False, False, False, False]
frame 47 / 67
comfortable: [True, True, False, False, False, False]
frame 48 / 67
comfortable: [True, True, True, True, False, True]
frame 49 / 67
comfortable: [True, True, True, True, False, True]
frame 50 / 67
collision with background detected! @ timestep4
 failed to pass ttc collision check, t=0.5
comfortable: [True, False, False, False, False, False]
frame 51 / 67
collision with background detected! @ timestep4
collision with background detected! @ timestep4
 failed to pass ttc collision check, t=0.5
comfortable: [True, False, True, False, False, False]
frame 52 / 67
comfortable: [True, True, True, True, True, True]
frame 53 / 67
comfortable: [True, True, True, True, True, True]
frame 54 / 67
comfortable: [True, True, True, True, True, True]
frame 55 / 67
comfortable: [True, True, True, True, True, True]
frame 56 / 67
comfortable: [True, True, True, True, True, True]
frame 57 / 67
comfortable: [True, True, True, True, True, True]
frame 58 / 67
comfortable: [True, True, True, True, True, True]
frame 59 / 67
comfortable: [True, True, True, True, True, True]
frame 60 / 67
comfortable: [True, True, True, True, True, True]
frame 61 / 67
comfortable: [True, True, True, True, True, True]
frame 62 / 67
comfortable: [True, True, True, True, True, True]
frame 63 / 67
comfortable: [True, True, True, True, True, True]
frame 64 / 67
comfortable: [True, True, True, True, True, True]
frame 65 / 67
comfortable: [True, True, True, True, True, True]
frame 66 / 67
comfortable: [True, True, True, True, True, True]
The score of experiment is (0.8592750533049042, 0.5130738325759073, 0.44087154483601426, {'nc': 0.9552238805970149, 'dac': 1.0, 'ttc': 0.8805970149253731, 'c': 0.835820895522388, 'pdms': 0.8592750533049042}, {0.25: {'nc': 1.0, 'dac': 1.0, 'ttc': 1.0, 'c': 1.0, 'pdms': 1.0}, 0.5: {'nc': 1.0, 'dac': 1.0, 'ttc': 1.0, 'c': 1.0, 'pdms': 1.0}, 0.75: {'nc': 1.0, 'dac': 1.0, 'ttc': 1.0, 'c': 1.0, 'pdms': 1.0}, 1.0: {'nc': 1.0, 'dac': 1.0, 'ttc': 1.0, 'c': 1.0, 'pdms': 1.0}, 1.25: {'nc': 1.0, 'dac': 1.0, 'ttc': 1.0, 'c': 1.0, 'pdms': 1.0}, 1.5: {'nc': 1.0, 'dac': 1.0, 'ttc': 1.0, 'c': 1.0, 'pdms': 1.0}, 1.75: {'nc': 1.0, 'dac': 1.0, 'ttc': 1.0, 'c': 1.0, 'pdms': 1.0}, 2.0: {'nc': 1.0, 'dac': 1.0, 'ttc': 1.0, 'c': 1.0, 'pdms': 1.0}, 2.25: {'nc': 1.0, 'dac': 1.0, 'ttc': 1.0, 'c': 1.0, 'pdms': 1.0}, 2.5: {'nc': 1.0, 'dac': 1.0, 'ttc': 1.0, 'c': 1.0, 'pdms': 1.0}, 2.75: {'nc': 1.0, 'dac': 1.0, 'ttc': 1.0, 'c': 1.0, 'pdms': 1.0}, 3.0: {'nc': 1.0, 'dac': 1.0, 'ttc': 1.0, 'c': 1.0, 'pdms': 1.0}, 3.25: {'nc': 1.0, 'dac': 1.0, 'ttc': 1.0, 'c': 1.0, 'pdms': 1.0}, 3.5: {'nc': 1.0, 'dac': 1.0, 'ttc': 1.0, 'c': 1.0, 'pdms': 1.0}, 3.75: {'nc': 1.0, 'dac': 1.0, 'ttc': 1.0, 'c': 1.0, 'pdms': 1.0}, 4.0: {'nc': 1.0, 'dac': 1.0, 'ttc': 1.0, 'c': 1.0, 'pdms': 1.0}, 4.25: {'nc': 1.0, 'dac': 1.0, 'ttc': 1.0, 'c': 1.0, 'pdms': 1.0}, 4.5: {'nc': 1.0, 'dac': 1.0, 'ttc': 1.0, 'c': 1.0, 'pdms': 1.0}, 4.75: {'nc': 1.0, 'dac': 1.0, 'ttc': 1.0, 'c': 1.0, 'pdms': 1.0}, 5.0: {'nc': 1.0, 'dac': 1.0, 'ttc': 1.0, 'c': 1.0, 'pdms': 1.0}, 5.25: {'nc': 1.0, 'dac': 1.0, 'ttc': 1.0, 'c': 1.0, 'pdms': 1.0}, 5.5: {'nc': 1.0, 'dac': 1.0, 'ttc': 0.0, 'c': 1.0, 'pdms': 0.2857142857142857}, 5.75: {'nc': 1.0, 'dac': 1.0, 'ttc': 0.0, 'c': 1.0, 'pdms': 0.2857142857142857}, 6.0: {'nc': 1.0, 'dac': 1.0, 'ttc': 0.0, 'c': 1.0, 'pdms': 0.2857142857142857}, 6.25: {'nc': 0.0, 'dac': 1.0, 'ttc': 0.0, 'c': 1.0, 'pdms': 0.0}, 6.5: {'nc': 0.0, 'dac': 1.0, 'ttc': 0.0, 'c': 1.0, 'pdms': 0.0}, 6.75: {'nc': 1.0, 'dac': 1.0, 'ttc': 0.0, 'c': 1.0, 'pdms': 0.2857142857142857}, 7.0: {'nc': 1.0, 'dac': 1.0, 'ttc': 1.0, 'c': 1.0, 'pdms': 1.0}, 7.25: {'nc': 1.0, 'dac': 1.0, 'ttc': 1.0, 'c': 1.0, 'pdms': 1.0}, 7.5: {'nc': 1.0, 'dac': 1.0, 'ttc': 1.0, 'c': 1.0, 'pdms': 1.0}, 7.75: {'nc': 1.0, 'dac': 1.0, 'ttc': 1.0, 'c': 0.0, 'pdms': 0.7142857142857143}, 8.0: {'nc': 1.0, 'dac': 1.0, 'ttc': 1.0, 'c': 1.0, 'pdms': 1.0}, 8.25: {'nc': 1.0, 'dac': 1.0, 'ttc': 1.0, 'c': 1.0, 'pdms': 1.0}, 8.5: {'nc': 1.0, 'dac': 1.0, 'ttc': 1.0, 'c': 1.0, 'pdms': 1.0}, 8.75: {'nc': 1.0, 'dac': 1.0, 'ttc': 1.0, 'c': 0.0, 'pdms': 0.7142857142857143}, 9.0: {'nc': 1.0, 'dac': 1.0, 'ttc': 1.0, 'c': 1.0, 'pdms': 1.0}, 9.25: {'nc': 1.0, 'dac': 1.0, 'ttc': 1.0, 'c': 1.0, 'pdms': 1.0}, 9.5: {'nc': 1.0, 'dac': 1.0, 'ttc': 1.0, 'c': 0.0, 'pdms': 0.7142857142857143}, 9.75: {'nc': 1.0, 'dac': 1.0, 'ttc': 1.0, 'c': 1.0, 'pdms': 1.0}, 10.0: {'nc': 1.0, 'dac': 1.0, 'ttc': 1.0, 'c': 0.0, 'pdms': 0.7142857142857143}, 10.25: {'nc': 1.0, 'dac': 1.0, 'ttc': 1.0, 'c': 1.0, 'pdms': 1.0}, 10.5: {'nc': 1.0, 'dac': 1.0, 'ttc': 1.0, 'c': 1.0, 'pdms': 1.0}, 10.75: {'nc': 1.0, 'dac': 1.0, 'ttc': 1.0, 'c': 1.0, 'pdms': 1.0}, 11.0: {'nc': 1.0, 'dac': 1.0, 'ttc': 1.0, 'c': 1.0, 'pdms': 1.0}, 11.25: {'nc': 1.0, 'dac': 1.0, 'ttc': 1.0, 'c': 1.0, 'pdms': 1.0}, 11.5: {'nc': 1.0, 'dac': 1.0, 'ttc': 1.0, 'c': 0.0, 'pdms': 0.7142857142857143}, 11.75: {'nc': 1.0, 'dac': 1.0, 'ttc': 1.0, 'c': 0.0, 'pdms': 0.7142857142857143}, 12.0: {'nc': 1.0, 'dac': 1.0, 'ttc': 1.0, 'c': 0.0, 'pdms': 0.7142857142857143}, 12.25: {'nc': 1.0, 'dac': 1.0, 'ttc': 1.0, 'c': 0.0, 'pdms': 0.7142857142857143}, 12.5: {'nc': 1.0, 'dac': 1.0, 'ttc': 1.0, 'c': 0.0, 'pdms': 0.7142857142857143}, 12.75: {'nc': 1.0, 'dac': 1.0, 'ttc': 0.0, 'c': 0.0, 'pdms': 0.0}, 13.0: {'nc': 0.0, 'dac': 1.0, 'ttc': 0.0, 'c': 0.0, 'pdms': 0.0}, 13.25: {'nc': 1.0, 'dac': 1.0, 'ttc': 1.0, 'c': 1.0, 'pdms': 1.0}, 13.5: {'nc': 1.0, 'dac': 1.0, 'ttc': 1.0, 'c': 1.0, 'pdms': 1.0}, 13.75: {'nc': 1.0, 'dac': 1.0, 'ttc': 1.0, 'c': 1.0, 'pdms': 1.0}, 14.0: {'nc': 1.0, 'dac': 1.0, 'ttc': 1.0, 'c': 1.0, 'pdms': 1.0}, 14.25: {'nc': 1.0, 'dac': 1.0, 'ttc': 1.0, 'c': 1.0, 'pdms': 1.0}, 14.5: {'nc': 1.0, 'dac': 1.0, 'ttc': 1.0, 'c': 1.0, 'pdms': 1.0}, 14.75: {'nc': 1.0, 'dac': 1.0, 'ttc': 1.0, 'c': 1.0, 'pdms': 1.0}, 15.0: {'nc': 1.0, 'dac': 1.0, 'ttc': 1.0, 'c': 1.0, 'pdms': 1.0}, 15.25: {'nc': 1.0, 'dac': 1.0, 'ttc': 1.0, 'c': 1.0, 'pdms': 1.0}, 15.5: {'nc': 1.0, 'dac': 1.0, 'ttc': 1.0, 'c': 1.0, 'pdms': 1.0}, 15.75: {'nc': 1.0, 'dac': 1.0, 'ttc': 1.0, 'c': 1.0, 'pdms': 1.0}, 16.0: {'nc': 1.0, 'dac': 1.0, 'ttc': 1.0, 'c': 1.0, 'pdms': 1.0}, 16.25: {'nc': 1.0, 'dac': 1.0, 'ttc': 1.0, 'c': 1.0, 'pdms': 1.0}, 16.5: {'nc': 1.0, 'dac': 1.0, 'ttc': 1.0, 'c': 1.0, 'pdms': 1.0}, 16.75: {'nc': 1.0, 'dac': 1.0, 'ttc': 1.0, 'c': 1.0, 'pdms': 1.0}}).
=============================Results=============================
'nc': 0.9552238805970149
'dac': 1.0
'ttc': 0.8805970149253731
'c': 0.835820895522388
'pdms': 0.8592750533049042
'rc': 0.5130738325759073
'hdscore': 0.44087154483601426
The AD algorithm is still running, remaining tolerant 100.
The AD algorithm is still running, remaining tolerant 95.
The AD algorithm is still running, remaining tolerant 90.
The AD algorithm is still running, remaining tolerant 85.
The AD algorithm is still running, remaining tolerant 80.
The AD algorithm completed with return code 0.
+ rc=0
+ echo 'I107_SLOT_RC=0 i106_s04_iter48_easy_medium_long_lead_fire_ttc_only_scene_0138_medium_01_r2 scene-0138-medium-01 on a1'
I107_SLOT_RC=0 i106_s04_iter48_easy_medium_long_lead_fire_ttc_only_scene_0138_medium_01_r2 scene-0138-medium-01 on a1
+ docker rm -f hugsim_uniad_client
++ python3 -c '
import json, math
try:
    v = json.load(open('\''/datasets/nuscenes-full/hugsim/outputs/nusc_uniad/scene-0138_medium_01/eval.json'\'')).get('\''hdscore'\'')
    print(v if isinstance(v, (int, float)) and math.isfinite(v) else '\''INVALID'\'')
except Exception:
    print('\''MISSING'\'')
'
+ hd=0.44087154483601426
++ python3 -c '
import json
try:
    data = json.load(open('\''/datasets/nuscenes-full/hugsim/outputs/nusc_uniad/scene-0138_medium_01/eval.json'\''))
    print(1 if '\''collision_provenance'\'' in data else 0)
except Exception:
    print(0)
'
+ provenance=1
++ grep -c sent /datasets/nuscenes-full/hugsim/outputs/nusc_uniad/scene-0138_medium_01/output.txt
+ steps=67
+ '[' -n 67 ']'
++ grep -c 'SENTINEL_I48_UNION_PATCH_LOADED enabled=1' /datasets/nuscenes-full/hugsim/outputs/nusc_uniad/scene-0138_medium_01/output.txt
+ marker=1
+ '[' -n 1 ']'
+ decisions=0
+ '[' -s /datasets/nuscenes-full/hugsim/outputs/nusc_uniad/scene-0138_medium_01/sentinel_iter48_decisions.jsonl ']'
++ grep -c 'SENTINEL_I48_DECISION frame=' /datasets/nuscenes-full/hugsim/outputs/nusc_uniad/scene-0138_medium_01/output.txt
+ '[' 67 -gt 0 ']'
+ decisions=1
+ '[' 0 = 0 ']'
+ '[' 0.44087154483601426 '!=' MISSING ']'
+ '[' 0.44087154483601426 '!=' INVALID ']'
+ '[' 1 = 1 ']'
+ '[' 67 -gt 0 ']'
+ '[' 1 -gt 0 ']'
+ '[' 1 = 1 ']'
+ rm -rf /datasets/nuscenes-full/hugsim/iter107_runs/i106_s04_iter48_easy_medium_long_lead_fire_ttc_only_scene_0138_medium_01_r2__scene-0138-medium-01__on
+ mkdir -p /datasets/nuscenes-full/hugsim/iter107_runs/i106_s04_iter48_easy_medium_long_lead_fire_ttc_only_scene_0138_medium_01_r2__scene-0138-medium-01__on
+ find /datasets/nuscenes-full/hugsim/outputs/nusc_uniad/scene-0138_medium_01 -type p -delete
+ mv /datasets/nuscenes-full/hugsim/outputs/nusc_uniad/scene-0138_medium_01/data.pkl /datasets/nuscenes-full/hugsim/outputs/nusc_uniad/scene-0138_medium_01/eval.json /datasets/nuscenes-full/hugsim/outputs/nusc_uniad/scene-0138_medium_01/ground.ply /datasets/nuscenes-full/hugsim/outputs/nusc_uniad/scene-0138_medium_01/infos.pkl /datasets/nuscenes-full/hugsim/outputs/nusc_uniad/scene-0138_medium_01/output.txt /datasets/nuscenes-full/hugsim/outputs/nusc_uniad/scene-0138_medium_01/scene.ply /datasets/nuscenes-full/hugsim/outputs/nusc_uniad/scene-0138_medium_01/sentinel_iter48_decisions.jsonl /datasets/nuscenes-full/hugsim/outputs/nusc_uniad/scene-0138_medium_01/uniad /datasets/nuscenes-full/hugsim/outputs/nusc_uniad/scene-0138_medium_01/video.mp4 /datasets/nuscenes-full/hugsim/iter107_runs/i106_s04_iter48_easy_medium_long_lead_fire_ttc_only_scene_0138_medium_01_r2__scene-0138-medium-01__on/
+ rmdir /datasets/nuscenes-full/hugsim/outputs/nusc_uniad/scene-0138_medium_01
++ date -u +%s
+ printf '{"slot_id":"%s","scenario":"%s","arm":"on","attempt":%s,"rc":%s,"hdscore":%s,"steps":%s,"start_epoch":%s,"end_epoch":%s}\n' i106_s04_iter48_easy_medium_long_lead_fire_ttc_only_scene_0138_medium_01_r2 scene-0138-medium-01 1 0 0.44087154483601426 67 1784011773 1784012029
+ echo 'I107_SLOT_DONE i106_s04_iter48_easy_medium_long_lead_fire_ttc_only_scene_0138_medium_01_r2 scene-0138-medium-01 on ok hd=0.44087154483601426 steps=67'
I107_SLOT_DONE i106_s04_iter48_easy_medium_long_lead_fire_ttc_only_scene_0138_medium_01_r2 scene-0138-medium-01 on ok hd=0.44087154483601426 steps=67
+ return 0
+ IFS='	'
+ read -r slot_id scenario _scenario_sha
+ run_one i106_s05_iter48_easy_medium_long_lead_fire_cpa_only_scene_0064_easy_00_r2 scene-0064-easy-00
+ local slot_id=i106_s05_iter48_easy_medium_long_lead_fire_cpa_only_scene_0064_easy_00_r2 scenario=scene-0064-easy-00
+ local scene=scene-0064
+ local mode_dashed=easy-00
+ local mode=easy_00
+ local out_dir=/datasets/nuscenes-full/hugsim/outputs/nusc_uniad/scene-0064_easy_00
+ local dest=/datasets/nuscenes-full/hugsim/iter107_runs/i106_s05_iter48_easy_medium_long_lead_fire_cpa_only_scene_0064_easy_00_r2__scene-0064-easy-00__on
+ '[' -f /datasets/nuscenes-full/hugsim/iter107_runs/i106_s05_iter48_easy_medium_long_lead_fire_cpa_only_scene_0064_easy_00_r2__scene-0064-easy-00__on/episode_meta.json ']'
+ prep_scene scene-0064
+ local scene=scene-0064
+ '[' '!' -d /datasets/nuscenes-full/hugsim/extracted/scenes/nuscenes/scene-0064 ']'
+ local cfg=/datasets/nuscenes-full/hugsim/extracted/scenes/nuscenes/scene-0064/cfg.yaml
+ '[' '!' -f /datasets/nuscenes-full/hugsim/extracted/scenes/nuscenes/scene-0064/cfg.yaml ']'
+ '[' -f /datasets/nuscenes-full/hugsim/extracted/scenes/nuscenes/scene-0064/cfg.yaml.orig ']'
+ python3 - /datasets/nuscenes-full/hugsim/extracted/scenes/nuscenes/scene-0064/cfg.yaml /datasets/nuscenes-full/hugsim/extracted/scenes/nuscenes/scene-0064
+ local attempt rc steps hd marker decisions provenance
+ for attempt in 1 2
+ disk_guard
+ local avail
++ df --output=avail -BG /datasets/nuscenes-full
++ tail -1
++ tr -dc 0-9
+ avail=117
+ '[' 117 -lt 20 ']'
++ date -u
+ echo 'I107_SLOT_START i106_s05_iter48_easy_medium_long_lead_fire_cpa_only_scene_0064_easy_00_r2 scene-0064-easy-00 on a1 Tue Jul 14 06:53:50 UTC 2026'
I107_SLOT_START i106_s05_iter48_easy_medium_long_lead_fire_cpa_only_scene_0064_easy_00_r2 scene-0064-easy-00 on a1 Tue Jul 14 06:53:50 UTC 2026
+ local t0
++ date -u +%s
+ t0=1784012030
+ docker rm -f hugsim_uniad_client
+ rm -rf /datasets/nuscenes-full/hugsim/outputs/nusc_uniad/scene-0064_easy_00
+ cd /opt/sentinel-stack/HUGSIM
+ SENTINEL_ENABLED=1
+ timeout 1200 pixi run python -u closed_loop.py --scenario_path /datasets/nuscenes-full/hugsim/extracted/scenarios/nuscenes/scene-0064-easy-00.yaml --base_path configs/sim/nuscenes_base.yaml --camera_path configs/sim/nuscenes_camera.yaml --kinematic_path configs/sim/kinematic.yaml --ad uniad --ad_cuda 0
/datasets/nuscenes-full/hugsim/outputs/nusc_uniad/scene-0064_easy_00/output.txt
/opt/sentinel-stack/UniAD_SIM/tools/e2e.sh 0 /datasets/nuscenes-full/hugsim/outputs/nusc_uniad/scene-0064_easy_00
Ready for simulation
ego pose [0.0, 2.5479643102357533e-37, 0.0]
ego pose [0.0, 0.00641184045896137, 0.40204865915159604]
ego pose [0.004138090775408304, 0.019269410627553035, 0.9564603086085415]
ego pose [0.011830215559368156, 0.03281288094620521, 1.5840444868456434]
ego pose [0.03017291705089998, 0.04251355698399581, 2.2320675872697193]
ego pose [0.045332164587531386, 0.05758021415547283, 2.8964808500634063]
ego pose [0.048698930544930484, 0.07219724461000143, 3.5647587417444644]
ego pose [0.034632990910783396, 0.08413690545985021, 4.215123011562386]
ego pose [0.013517047637408495, 0.09973875846740574, 4.839052059937443]
ego pose [-0.011032375015303346, 0.11652076398166879, 5.450890598242907]
ego pose [-0.02540389976563725, 0.1378224310046924, 6.06117450007351]
ego pose [-0.019465500160355052, 0.159311238262879, 6.6828823762260505]
ego pose [0.017382255579414647, 0.18008955885718939, 7.298336103335907]
ego pose [0.07644622994299347, 0.20455218236203113, 7.924220362043898]
ego pose [0.14521392031299157, 0.21859316059887268, 8.573500543957353]
ego pose [0.2079839053633094, 0.23170901236037464, 9.245125149593768]
ego pose [0.2461400751367216, 0.25421907659103543, 9.935808571751254]
ego pose [0.23896640917691403, 0.25908407650971316, 10.619683793416726]
ego pose [0.1890408908549355, 0.2810334209099691, 11.306268196246664]
ego pose [0.11515711220897033, 0.2676422754431772, 11.9837581393387]
ego pose [0.034177296049574854, 0.2886678484428629, 12.662007383580091]
ego pose [-0.03475399397635569, 0.3071436427595234, 13.324078023798023]
ego pose [-0.07582924694439498, 0.3420379784882625, 13.964398723259002]
ego pose [-0.07639629266330625, 0.3686548476715357, 14.557963670203277]
ego pose [-0.05704473585846296, 0.3827686063339043, 15.119932845716285]
ego pose [-0.02897507706489406, 0.3917092960079781, 15.670227374473225]
ego pose [0.003993393946391092, 0.4022158498892718, 16.23777045126744]
ego pose [0.030312167733557376, 0.4182114293004543, 16.832413461068615]
ego pose [0.03829798282549611, 0.434791497106163, 17.46821781843952]
ego pose [0.020723038006038176, 0.4590294962504746, 18.114222808378965]
ego pose [-0.025613004761268647, 0.481790433984416, 18.74199329078087]
ego pose [-0.08628397400758084, 0.5002371278187446, 19.37777748706123]
ego pose [-0.14525052182227197, 0.5195320345516674, 20.00864228592931]
ego pose [-0.18691597597891485, 0.5165484607492634, 20.623080816811978]
ego pose [-0.2060603115368793, 0.5572114307727659, 21.259253643877283]
ego pose [-0.2159521358341894, 0.5772954939021604, 21.91424180443693]
ego pose [-0.2311489951265626, 0.5904180071160878, 22.548201762837877]
ego pose [-0.24750019386825103, 0.5973641981567819, 23.142811095772025]
ego pose [-0.26579713199982213, 0.6041468399647214, 23.70328838199119]
ego pose [-0.2886108381452494, 0.6134545551085849, 24.276993868585297]
ego pose [-0.3141348387386178, 0.6247378384605806, 24.875631427047956]
ego pose [-0.3398725149795691, 0.6404542070088902, 25.522130568240495]
ego pose [-0.375871963754558, 0.657149513625002, 26.19260300108922]
ego pose [-0.43113799531294195, 0.6751922953557402, 26.880443061508316]
ego pose [-0.49350614746783006, 0.6901701471815697, 27.618156036502594]
ego pose [-0.5621455038729116, 0.7117880402946827, 28.351097438476287]
ego pose [-0.6312632780420029, 0.7260706659352082, 29.100444021919152]
ego pose [-0.6775829452784842, 0.7566449181237374, 29.839804784146573]
ego pose [-0.7001225231901691, 0.776045569884925, 30.554695321319418]
ego pose [-0.7037998420973436, 0.7937241558806695, 31.237581158053857]
ego pose [-0.7075573126964946, 0.8058107150078854, 31.884692514815665]
ego pose [-0.7273176386832423, 0.8198501989407896, 32.567619795330074]
ego pose [-0.7816922188991616, 0.8334197560041663, 33.25262807439761]
ego pose [-0.8530598129635583, 0.8479157393885857, 33.937954276952354]
ego pose [-0.9257256643817756, 0.8639471730018798, 34.642435193957404]
ego pose [-0.9785894110246636, 0.8802766801215888, 35.34174538671454]
ego pose [-1.0176741642939868, 0.8972581999413004, 36.02640113106443]
ego pose [-1.0497871174512274, 0.9143491865997478, 36.72649064920257]
ego pose [-1.0927227901614367, 0.9319359805087407, 37.43667055657444]
ego pose [-1.156990126450269, 0.9492245684507145, 38.1761543546795]
ego pose [-1.2239875043511719, 0.9666568248396036, 38.948276891162564]
ego pose [-1.269522567536293, 0.985549823310407, 39.71103289267648]
ego pose [-1.2897851226141264, 1.0047905574317861, 40.43672826568756]
ego pose [-1.3072622120554072, 1.0188302148730979, 41.141384886999695]
ego pose [-1.3405377685509356, 1.0339441136814183, 41.84012702728524]
ego pose [-1.3991314914224664, 1.050557289422504, 42.54349437223182]
ego pose [-1.4657868440838573, 1.0663424958725276, 43.26126563049931]
ego pose [-1.526575790000934, 1.085896556063147, 43.99600619404916]
ego pose [-1.567388893203902, 1.1061175040282354, 44.68285572449302]
ego pose [-1.5959491831018562, 1.1249467883807232, 45.33308569372966]
ego pose [-1.6164962945194075, 1.1368932056026448, 45.94181500648482]
ego pose [-1.6343823845899192, 1.1447563133090013, 46.53571035593812]
ego pose [-1.6524441283614326, 1.1597744968000363, 47.16661782482984]
ego pose [-1.685724876328154, 1.1741922628883605, 47.8253355031629]
ego pose [-1.7553569435547205, 1.1831006558096595, 48.531541603834135]
ego pose [-1.8575454572278536, 1.1928846686827477, 49.27280110699348]
ego pose [-1.966685295786101, 1.2000317098722542, 49.995824060344454]
ego pose [-2.06529451513259, 1.2115124241660609, 50.72048965348878]
ego pose [-2.115942420570384, 1.227205786492129, 51.261970079334986]
ego pose [-2.138767226706817, 1.2377282088210393, 51.620095312618986]
ego pose [-2.149243716160991, 1.243701482181706, 51.8566456415049]
ego pose [-2.1541653504523772, 1.2489162942074594, 52.012816015575936]
ego pose [-2.1565464711783373, 1.25183257292783, 52.115890831825496]
ego pose [-2.157740515902469, 1.2542836733339082, 52.18391347142419]
ego pose [-2.1583642045476856, 1.2563671351869403, 52.22880059696162]
ego pose [-2.1587042322144865, 1.256801276111263, 52.25841812525041]
ego pose [-2.1608510074827114, 1.262870090751528, 52.475526991928234]
ego pose [-2.1631211755895094, 1.2727101935006508, 52.833884045720524]
ego pose [-2.169307813274721, 1.2847818960936113, 53.2836287485694]
ego pose [-2.189794794780338, 1.2984608701030764, 53.79643456049398]
ego pose [-2.2396011908815594, 1.314197202936706, 54.35050727777943]
ego pose [-2.311050060032587, 1.3296801369159836, 54.933130991250216]
ego pose [-2.3937397031758008, 1.34529348733622, 55.54569791025706]
ego pose [-2.470258529129377, 1.3589818189517757, 56.15930418467347]
ego pose [-2.5290120038471757, 1.3741682160491937, 56.78255238572113]
ego pose [-2.571914259495379, 1.3929655567790267, 57.40439696354795]
ego pose [-2.6022105072161854, 1.4107217215705155, 58.023513711104]
ego pose [-2.6346208081371483, 1.4282162294402656, 58.64590419397308]
ego pose [-2.680338182903232, 1.4460837916851599, 59.28291202467797]
ego pose [-2.7311550036995853, 1.4643032744446636, 59.93662545165568]
ego pose [-2.780177602205105, 1.4837329680957287, 60.592209861250325]
ego pose [-2.8239559065009154, 1.5025837598537695, 61.24529197116231]
ego pose [-2.8594421392607203, 1.5203510054428848, 61.86859608786241]
ego pose [-2.8902444181540985, 1.5357620817077353, 62.471439596831836]
ego pose [-2.9188607702566935, 1.5514257348688958, 63.07500267897384]
ego pose [-2.9561272775613676, 1.5673405947333847, 63.66338545677185]
ego pose [-2.999668383130119, 1.5832727117436267, 64.25338640212455]
ego pose [-3.0609675239652256, 1.5996766678454069, 64.87980489758094]
ego pose [-3.136457803809147, 1.6156693328250282, 65.48854105828495]
ego pose [-3.2208961448455313, 1.6324284707710108, 66.1000972301526]
ego pose [-3.3047240809622798, 1.6454189567273396, 66.70254151791349]
ego pose [-3.3746669592719263, 1.6549503156482759, 67.29780494572016]
ego pose [-3.4223528355268567, 1.6692544155647009, 67.8798297441046]
ego pose [-3.4574934244785642, 1.6880460258471082, 68.48234543769622]
ego pose [-3.4901743125274076, 1.7058953046436143, 69.0609030263968]
ego pose [-3.5304650449064003, 1.7239382673690513, 69.58871659594365]
ego pose [-3.568711712234947, 1.7328270389449838, 70.07739225667436]
ego pose [-3.6152607511494113, 1.754415862932076, 70.6133741976237]
ego pose [-3.657590095639797, 1.7696899632349254, 71.16894466940242]
ego pose [-3.695400175510332, 1.7830129901884535, 71.72522735466964]
ego pose [-3.730279331741685, 1.7926110014330896, 72.27040755940789]
ego pose [-3.7660504861815025, 1.8075187390489957, 72.81593737381539]
ego pose [-3.7978450092290097, 1.8249478321901214, 73.36005700223502]
ego pose [-3.8230402203107383, 1.8444959327688084, 73.91534879281463]
ego pose [-3.8432438933124944, 1.8635125016326999, 74.46114969321555]
ego pose [-3.861249033615851, 1.8829384178219841, 74.98117560960175]
ego pose [-3.8809398219078126, 1.90065429209729, 75.48716343973562]
ego pose [-3.9037902002549623, 1.9182126872476115, 75.97731469458837]
ego pose [-3.931398062175669, 1.9342115986556196, 76.45967267619362]
ego pose [-3.9686388224574447, 1.9445061586893868, 76.89456338134404]
ego pose [-4.016067077044933, 1.9486543477585507, 77.30757209071064]
ego pose [-4.069000157789943, 1.9547858567282521, 77.7129208056935]
ego pose [-4.125410886039991, 1.9634854657358027, 78.12456608495089]
ego pose [-4.185014195722597, 1.9736893014041126, 78.52777041104173]
ego pose [-4.253471933633555, 1.9822751820633855, 78.94737879802196]
ego pose [-4.337523011468493, 1.9886766233258126, 79.38221240369414]
ego pose [-4.449318831801262, 1.9947688840472488, 79.88458187833811]
ego pose [-4.568302871938765, 2.0011318734134176, 80.38778555627714]
ego pose [-4.681539831153441, 2.009346006798961, 80.8796074756423]
ego pose [-4.772888628624978, 2.019080753477248, 81.32631111383499]
ego pose [-4.843522629571151, 2.028989241393569, 81.72536924625906]
ego pose [-4.904399313921489, 2.0390699786527593, 82.13920276852032]
ego pose [-4.957972336729402, 2.048412726633329, 82.58731988681791]
ego pose [-5.007439915281727, 2.062784030512711, 83.04888999788454]
ego pose [-5.056014821466265, 2.079868487474017, 83.52760520052267]
ego pose [-5.103749249978468, 2.100403693110373, 84.00728036682005]
Complete
MoviePy - Building video /datasets/nuscenes-full/hugsim/outputs/nusc_uniad/scene-0064_easy_00/video.mp4.
MoviePy - Writing video /datasets/nuscenes-full/hugsim/outputs/nusc_uniad/scene-0064_easy_00/video.mp4

frame_index:   0%|          | 0/146 [00:00<?, ?it/s, now=None]frame_index:   6%|▌         | 9/146 [00:00<00:01, 86.17it/s, now=None]frame_index:  13%|█▎        | 19/146 [00:00<00:01, 92.08it/s, now=None]frame_index:  23%|██▎       | 33/146 [00:00<00:01, 109.95it/s, now=None]frame_index:  33%|███▎      | 48/146 [00:00<00:00, 123.61it/s, now=None]frame_index:  44%|████▍     | 64/146 [00:00<00:00, 134.29it/s, now=None]frame_index:  53%|█████▎    | 78/146 [00:01<00:01, 45.38it/s, now=None] frame_index:  60%|██████    | 88/146 [00:01<00:01, 30.02it/s, now=None]frame_index:  65%|██████▌   | 95/146 [00:03<00:03, 16.53it/s, now=None]frame_index:  68%|██████▊   | 100/146 [00:03<00:02, 15.37it/s, now=None]frame_index:  71%|███████   | 104/146 [00:04<00:03, 11.72it/s, now=None]frame_index:  73%|███████▎  | 107/146 [00:04<00:03, 11.04it/s, now=None]frame_index:  75%|███████▌  | 110/146 [00:04<00:03, 11.35it/s, now=None]frame_index:  77%|███████▋  | 113/146 [00:04<00:02, 12.63it/s, now=None]frame_index:  79%|███████▉  | 116/146 [00:05<00:02, 10.98it/s, now=None]frame_index:  81%|████████  | 118/146 [00:05<00:02, 11.61it/s, now=None]frame_index:  82%|████████▏ | 120/146 [00:05<00:02,  9.07it/s, now=None]frame_index:  84%|████████▎ | 122/146 [00:06<00:02,  9.39it/s, now=None]frame_index:  85%|████████▍ | 124/146 [00:06<00:02, 10.68it/s, now=None]frame_index:  88%|████████▊ | 128/146 [00:06<00:01, 12.21it/s, now=None]frame_index:  90%|████████▉ | 131/146 [00:06<00:01,  8.88it/s, now=None]frame_index:  91%|█████████ | 133/146 [00:07<00:01,  9.72it/s, now=None]frame_index:  93%|█████████▎| 136/146 [00:07<00:00, 11.18it/s, now=None]frame_index:  95%|█████████▌| 139/146 [00:07<00:00, 13.76it/s, now=None]frame_index:  97%|█████████▋| 141/146 [00:07<00:00, 12.78it/s, now=None]frame_index:  98%|█████████▊| 143/146 [00:07<00:00, 10.55it/s, now=None]frame_index:  99%|█████████▉| 145/146 [00:08<00:00,  9.68it/s, now=None]                                                                        MoviePy - Done !
MoviePy - video ready /datasets/nuscenes-full/hugsim/outputs/nusc_uniad/scene-0064_easy_00/video.mp4
this pkl file contains 1 experiment records.
current exp has 146 frames
frame 0 / 146
comfortable: [True, True, True, True, True, True]
frame 1 / 146
comfortable: [True, True, True, True, True, True]
frame 2 / 146
comfortable: [True, True, True, True, True, True]
frame 3 / 146
comfortable: [True, True, True, True, True, True]
frame 4 / 146
comfortable: [True, True, True, True, True, True]
frame 5 / 146
comfortable: [True, True, True, True, True, True]
frame 6 / 146
comfortable: [True, True, True, True, True, True]
frame 7 / 146
comfortable: [True, True, True, True, True, True]
frame 8 / 146
comfortable: [True, True, True, True, True, True]
frame 9 / 146
comfortable: [True, True, True, True, True, True]
frame 10 / 146
comfortable: [True, True, True, True, True, True]
frame 11 / 146
comfortable: [True, True, True, True, True, True]
frame 12 / 146
comfortable: [True, True, True, True, True, True]
frame 13 / 146
comfortable: [True, True, True, True, True, True]
frame 14 / 146
comfortable: [True, True, True, True, True, True]
frame 15 / 146
comfortable: [True, True, True, True, True, True]
frame 16 / 146
comfortable: [True, True, True, True, True, True]
frame 17 / 146
comfortable: [True, True, True, True, True, True]
frame 18 / 146
comfortable: [True, True, True, True, True, True]
frame 19 / 146
comfortable: [True, True, True, True, True, True]
frame 20 / 146
comfortable: [True, True, True, True, True, True]
frame 21 / 146
comfortable: [True, True, True, True, True, True]
frame 22 / 146
comfortable: [True, True, True, True, False, True]
frame 23 / 146
comfortable: [True, True, True, True, True, True]
frame 24 / 146
comfortable: [True, True, True, True, True, True]
frame 25 / 146
comfortable: [True, True, True, True, True, True]
frame 26 / 146
comfortable: [True, True, True, True, True, True]
frame 27 / 146
comfortable: [True, True, True, True, True, True]
frame 28 / 146
comfortable: [True, True, True, True, True, True]
frame 29 / 146
comfortable: [True, True, True, True, True, True]
frame 30 / 146
comfortable: [True, True, True, True, True, True]
frame 31 / 146
comfortable: [True, True, True, True, True, True]
frame 32 / 146
comfortable: [True, True, True, True, True, True]
frame 33 / 146
comfortable: [True, True, True, True, True, True]
frame 34 / 146
comfortable: [True, True, True, True, True, True]
frame 35 / 146
comfortable: [True, True, True, True, True, True]
frame 36 / 146
comfortable: [True, True, True, True, True, True]
frame 37 / 146
comfortable: [True, True, True, True, True, True]
frame 38 / 146
comfortable: [True, True, True, True, True, True]
frame 39 / 146
comfortable: [True, True, True, True, True, True]
frame 40 / 146
comfortable: [True, True, True, True, True, True]
frame 41 / 146
comfortable: [True, True, True, True, True, True]
frame 42 / 146
comfortable: [True, True, True, True, True, True]
frame 43 / 146
comfortable: [True, True, True, True, True, True]
frame 44 / 146
comfortable: [True, True, True, True, True, True]
frame 45 / 146
comfortable: [True, True, True, True, True, True]
frame 46 / 146
comfortable: [True, True, True, True, True, True]
frame 47 / 146
comfortable: [True, True, True, True, True, True]
frame 48 / 146
comfortable: [True, True, True, True, True, True]
frame 49 / 146
comfortable: [True, True, True, True, True, True]
frame 50 / 146
comfortable: [True, True, True, True, True, True]
frame 51 / 146
comfortable: [True, True, True, True, True, True]
frame 52 / 146
comfortable: [True, True, True, True, True, True]
frame 53 / 146
comfortable: [True, True, True, True, True, True]
frame 54 / 146
comfortable: [True, True, True, True, True, True]
frame 55 / 146
comfortable: [True, True, True, True, True, True]
frame 56 / 146
comfortable: [True, True, True, True, True, True]
frame 57 / 146
comfortable: [True, True, True, True, True, True]
frame 58 / 146
comfortable: [True, True, True, True, True, True]
frame 59 / 146
collision with background detected! @ timestep4
 failed to pass ttc collision check, t=1
comfortable: [True, True, True, True, True, True]
frame 60 / 146
collision with background detected! @ timestep5
 failed to pass ttc collision check, t=1
comfortable: [True, True, True, True, True, True]
frame 61 / 146
comfortable: [True, True, True, True, True, True]
frame 62 / 146
comfortable: [True, True, True, True, True, True]
frame 63 / 146
comfortable: [True, True, True, True, True, True]
frame 64 / 146
comfortable: [True, True, True, True, True, True]
frame 65 / 146
collision with background detected! @ timestep3
 failed to pass ttc collision check, t=1
comfortable: [True, True, True, True, True, True]
frame 66 / 146
collision with background detected! @ timestep3
 failed to pass ttc collision check, t=0.5
comfortable: [True, True, True, True, True, True]
frame 67 / 146
collision with background detected! @ timestep5
collision with background detected! @ timestep3
 failed to pass ttc collision check, t=0.5
comfortable: [True, True, True, True, True, True]
frame 68 / 146
collision with background detected! @ timestep4
collision with background detected! @ timestep2
 failed to pass ttc collision check, t=0.5
comfortable: [True, True, True, True, True, True]
frame 69 / 146
collision with background detected! @ timestep3
collision with background detected! @ timestep2
 failed to pass ttc collision check, t=0.5
comfortable: [True, True, True, True, True, True]
frame 70 / 146
collision with background detected! @ timestep2
collision with background detected! @ timestep2
 failed to pass ttc collision check, t=0.5
comfortable: [True, True, True, True, True, True]
frame 71 / 146
collision with background detected! @ timestep2
collision with background detected! @ timestep2
 failed to pass ttc collision check, t=0.5
comfortable: [True, True, True, True, True, True]
frame 72 / 146
collision with background detected! @ timestep2
collision with background detected! @ timestep1
 failed to pass ttc collision check, t=0.5
comfortable: [True, True, True, True, True, True]
frame 73 / 146
comfortable: [True, True, True, True, True, True]
frame 74 / 146
collision with background detected! @ timestep1
collision with background detected! @ timestep0
 failed to pass ttc collision check, t=0.5
comfortable: [True, True, True, True, True, True]
frame 75 / 146
collision with background detected! @ timestep0
collision with background detected! @ timestep0
 failed to pass ttc collision check, t=0.5
comfortable: [True, True, True, True, True, True]
frame 76 / 146
collision with background detected! @ timestep0
comfortable: [True, True, True, True, True, True]
frame 77 / 146
comfortable: [True, True, True, True, True, True]
frame 78 / 146
comfortable: [True, True, True, True, True, True]
frame 79 / 146
comfortable: [True, True, True, True, True, True]
frame 80 / 146
comfortable: [True, True, True, True, True, True]
frame 81 / 146
comfortable: [True, True, True, True, True, True]
frame 82 / 146
comfortable: [True, True, True, True, True, True]
frame 83 / 146
comfortable: [True, True, True, True, True, True]
frame 84 / 146
comfortable: [True, True, True, True, True, True]
frame 85 / 146
comfortable: [True, True, True, True, True, True]
frame 86 / 146
comfortable: [True, True, True, True, True, True]
frame 87 / 146
comfortable: [True, True, True, True, True, True]
frame 88 / 146
comfortable: [True, True, True, True, True, True]
frame 89 / 146
comfortable: [True, True, True, True, True, True]
frame 90 / 146
comfortable: [True, True, True, True, True, True]
frame 91 / 146
collision with background detected! @ timestep5
 failed to pass ttc collision check, t=1
comfortable: [True, True, True, True, True, True]
frame 92 / 146
collision with background detected! @ timestep5
 failed to pass ttc collision check, t=1
comfortable: [True, True, True, True, True, True]
frame 93 / 146
comfortable: [True, True, True, True, True, True]
frame 94 / 146
collision with background detected! @ timestep5
 failed to pass ttc collision check, t=0.5
comfortable: [True, True, True, True, True, True]
frame 95 / 146
collision with background detected! @ timestep3
 failed to pass ttc collision check, t=1
comfortable: [True, True, True, True, True, True]
frame 96 / 146
collision with background detected! @ timestep3
 failed to pass ttc collision check, t=1
comfortable: [True, True, True, True, True, True]
frame 97 / 146
collision with background detected! @ timestep4
collision with background detected! @ timestep3
 failed to pass ttc collision check, t=0.5
comfortable: [True, True, True, True, True, True]
frame 98 / 146
collision with background detected! @ timestep4
collision with background detected! @ timestep2
 failed to pass ttc collision check, t=0.5
comfortable: [True, True, True, True, True, True]
frame 99 / 146
collision with background detected! @ timestep3
collision with background detected! @ timestep2
 failed to pass ttc collision check, t=0.5
comfortable: [True, True, True, True, True, True]
frame 100 / 146
collision with background detected! @ timestep2
collision with background detected! @ timestep2
 failed to pass ttc collision check, t=0.5
comfortable: [True, True, True, True, True, True]
frame 101 / 146
collision with background detected! @ timestep2
collision with background detected! @ timestep2
 failed to pass ttc collision check, t=0.5
comfortable: [True, True, True, True, True, True]
frame 102 / 146
collision with background detected! @ timestep2
collision with background detected! @ timestep1
 failed to pass ttc collision check, t=0.5
comfortable: [True, True, True, True, True, True]
frame 103 / 146
collision with background detected! @ timestep1
collision with background detected! @ timestep0
 failed to pass ttc collision check, t=0.5
comfortable: [True, True, True, True, True, True]
frame 104 / 146
collision with background detected! @ timestep0
collision with background detected! @ timestep0
 failed to pass ttc collision check, t=0.5
comfortable: [True, True, True, True, True, True]
frame 105 / 146
collision with background detected! @ timestep0
collision with background detected! @ timestep0
 failed to pass ttc collision check, t=0.5
comfortable: [True, True, True, True, True, True]
frame 106 / 146
collision with background detected! @ timestep0
collision with background detected! @ timestep0
 failed to pass ttc collision check, t=0.5
comfortable: [True, True, True, True, True, True]
frame 107 / 146
collision with background detected! @ timestep0
collision with background detected! @ timestep0
 failed to pass ttc collision check, t=0.5
comfortable: [True, True, True, True, True, True]
frame 108 / 146
collision with background detected! @ timestep0
comfortable: [True, True, True, True, True, True]
frame 109 / 146
collision with background detected! @ timestep0
comfortable: [True, True, True, True, True, True]
frame 110 / 146
comfortable: [True, True, True, True, True, True]
frame 111 / 146
comfortable: [True, True, True, True, True, True]
frame 112 / 146
comfortable: [True, True, True, True, True, True]
frame 113 / 146
comfortable: [True, True, True, True, True, True]
frame 114 / 146
comfortable: [True, True, True, True, True, True]
frame 115 / 146
comfortable: [True, True, True, True, True, True]
frame 116 / 146
comfortable: [True, True, True, True, True, True]
frame 117 / 146
comfortable: [True, True, True, True, True, True]
frame 118 / 146
collision with background detected! @ timestep2
 failed to pass ttc collision check, t=1
comfortable: [True, True, True, True, True, True]
frame 119 / 146
collision with background detected! @ timestep5
 failed to pass ttc collision check, t=1
comfortable: [True, True, True, True, True, True]
frame 120 / 146
collision with background detected! @ timestep5
 failed to pass ttc collision check, t=0.5
comfortable: [True, True, True, True, True, True]
frame 121 / 146
collision with background detected! @ timestep4
 failed to pass ttc collision check, t=0.5
comfortable: [True, True, True, True, True, True]
frame 122 / 146
collision with background detected! @ timestep4
collision with background detected! @ timestep3
 failed to pass ttc collision check, t=0.5
comfortable: [True, True, True, True, True, True]
frame 123 / 146
collision with background detected! @ timestep4
collision with background detected! @ timestep3
 failed to pass ttc collision check, t=0.5
comfortable: [True, True, True, True, True, True]
frame 124 / 146
collision with background detected! @ timestep4
collision with background detected! @ timestep2
 failed to pass ttc collision check, t=0.5
comfortable: [True, True, True, True, True, True]
frame 125 / 146
collision with background detected! @ timestep3
collision with background detected! @ timestep2
 failed to pass ttc collision check, t=0.5
comfortable: [True, True, True, True, True, True]
frame 126 / 146
collision with background detected! @ timestep3
collision with background detected! @ timestep2
 failed to pass ttc collision check, t=0.5
comfortable: [True, True, True, True, True, True]
frame 127 / 146
collision with background detected! @ timestep2
collision with background detected! @ timestep2
 failed to pass ttc collision check, t=0.5
comfortable: [True, True, True, True, True, True]
frame 128 / 146
collision with background detected! @ timestep2
collision with background detected! @ timestep1
 failed to pass ttc collision check, t=0.5
comfortable: [True, True, True, True, True, True]
frame 129 / 146
collision with background detected! @ timestep2
collision with background detected! @ timestep1
 failed to pass ttc collision check, t=0.5
comfortable: [True, True, True, True, True, True]
frame 130 / 146
collision with background detected! @ timestep2
collision with background detected! @ timestep1
 failed to pass ttc collision check, t=0.5
comfortable: [True, True, True, True, True, True]
frame 131 / 146
collision with background detected! @ timestep3
collision with background detected! @ timestep3
 failed to pass ttc collision check, t=0.5
comfortable: [True, True, True, True, True, True]
frame 132 / 146
collision with background detected! @ timestep3
comfortable: [True, True, True, True, True, True]
frame 133 / 146
comfortable: [True, True, True, True, True, True]
frame 134 / 146
comfortable: [True, True, True, True, True, True]
frame 135 / 146
comfortable: [True, True, True, True, True, True]
frame 136 / 146
comfortable: [True, True, True, True, True, True]
frame 137 / 146
comfortable: [True, True, True, True, True, True]
frame 138 / 146
comfortable: [True, True, True, True, True, True]
frame 139 / 146
comfortable: [True, True, True, True, True, True]
frame 140 / 146
comfortable: [True, True, True, True, True, True]
frame 141 / 146
comfortable: [True, True, True, True, True, True]
frame 142 / 146
comfortable: [True, True, True, True, True, True]
frame 143 / 146
comfortable: [True, True, True, True, True, True]
frame 144 / 146
comfortable: [True, True, True, True, True, True]
frame 145 / 146
comfortable: [True, True, True, True, True, True]
The score of experiment is (0.7084148727984348, 1.0, 0.7084148727984348, {'nc': 0.773972602739726, 'dac': 1.0, 'ttc': 0.7123287671232876, 'c': 0.9931506849315068, 'pdms': 0.7084148727984348}, {0.25: {'nc': 1.0, 'dac': 1.0, 'ttc': 1.0, 'c': 1.0, 'pdms': 1.0}, 0.5: {'nc': 1.0, 'dac': 1.0, 'ttc': 1.0, 'c': 1.0, 'pdms': 1.0}, 0.75: {'nc': 1.0, 'dac': 1.0, 'ttc': 1.0, 'c': 1.0, 'pdms': 1.0}, 1.0: {'nc': 1.0, 'dac': 1.0, 'ttc': 1.0, 'c': 1.0, 'pdms': 1.0}, 1.25: {'nc': 1.0, 'dac': 1.0, 'ttc': 1.0, 'c': 1.0, 'pdms': 1.0}, 1.5: {'nc': 1.0, 'dac': 1.0, 'ttc': 1.0, 'c': 1.0, 'pdms': 1.0}, 1.75: {'nc': 1.0, 'dac': 1.0, 'ttc': 1.0, 'c': 1.0, 'pdms': 1.0}, 2.0: {'nc': 1.0, 'dac': 1.0, 'ttc': 1.0, 'c': 1.0, 'pdms': 1.0}, 2.25: {'nc': 1.0, 'dac': 1.0, 'ttc': 1.0, 'c': 1.0, 'pdms': 1.0}, 2.5: {'nc': 1.0, 'dac': 1.0, 'ttc': 1.0, 'c': 1.0, 'pdms': 1.0}, 2.75: {'nc': 1.0, 'dac': 1.0, 'ttc': 1.0, 'c': 1.0, 'pdms': 1.0}, 3.0: {'nc': 1.0, 'dac': 1.0, 'ttc': 1.0, 'c': 1.0, 'pdms': 1.0}, 3.25: {'nc': 1.0, 'dac': 1.0, 'ttc': 1.0, 'c': 1.0, 'pdms': 1.0}, 3.5: {'nc': 1.0, 'dac': 1.0, 'ttc': 1.0, 'c': 1.0, 'pdms': 1.0}, 3.75: {'nc': 1.0, 'dac': 1.0, 'ttc': 1.0, 'c': 1.0, 'pdms': 1.0}, 4.0: {'nc': 1.0, 'dac': 1.0, 'ttc': 1.0, 'c': 1.0, 'pdms': 1.0}, 4.25: {'nc': 1.0, 'dac': 1.0, 'ttc': 1.0, 'c': 1.0, 'pdms': 1.0}, 4.5: {'nc': 1.0, 'dac': 1.0, 'ttc': 1.0, 'c': 1.0, 'pdms': 1.0}, 4.75: {'nc': 1.0, 'dac': 1.0, 'ttc': 1.0, 'c': 1.0, 'pdms': 1.0}, 5.0: {'nc': 1.0, 'dac': 1.0, 'ttc': 1.0, 'c': 1.0, 'pdms': 1.0}, 5.25: {'nc': 1.0, 'dac': 1.0, 'ttc': 1.0, 'c': 1.0, 'pdms': 1.0}, 5.5: {'nc': 1.0, 'dac': 1.0, 'ttc': 1.0, 'c': 1.0, 'pdms': 1.0}, 5.75: {'nc': 1.0, 'dac': 1.0, 'ttc': 1.0, 'c': 0.0, 'pdms': 0.7142857142857143}, 6.0: {'nc': 1.0, 'dac': 1.0, 'ttc': 1.0, 'c': 1.0, 'pdms': 1.0}, 6.25: {'nc': 1.0, 'dac': 1.0, 'ttc': 1.0, 'c': 1.0, 'pdms': 1.0}, 6.5: {'nc': 1.0, 'dac': 1.0, 'ttc': 1.0, 'c': 1.0, 'pdms': 1.0}, 6.75: {'nc': 1.0, 'dac': 1.0, 'ttc': 1.0, 'c': 1.0, 'pdms': 1.0}, 7.0: {'nc': 1.0, 'dac': 1.0, 'ttc': 1.0, 'c': 1.0, 'pdms': 1.0}, 7.25: {'nc': 1.0, 'dac': 1.0, 'ttc': 1.0, 'c': 1.0, 'pdms': 1.0}, 7.5: {'nc': 1.0, 'dac': 1.0, 'ttc': 1.0, 'c': 1.0, 'pdms': 1.0}, 7.75: {'nc': 1.0, 'dac': 1.0, 'ttc': 1.0, 'c': 1.0, 'pdms': 1.0}, 8.0: {'nc': 1.0, 'dac': 1.0, 'ttc': 1.0, 'c': 1.0, 'pdms': 1.0}, 8.25: {'nc': 1.0, 'dac': 1.0, 'ttc': 1.0, 'c': 1.0, 'pdms': 1.0}, 8.5: {'nc': 1.0, 'dac': 1.0, 'ttc': 1.0, 'c': 1.0, 'pdms': 1.0}, 8.75: {'nc': 1.0, 'dac': 1.0, 'ttc': 1.0, 'c': 1.0, 'pdms': 1.0}, 9.0: {'nc': 1.0, 'dac': 1.0, 'ttc': 1.0, 'c': 1.0, 'pdms': 1.0}, 9.25: {'nc': 1.0, 'dac': 1.0, 'ttc': 1.0, 'c': 1.0, 'pdms': 1.0}, 9.5: {'nc': 1.0, 'dac': 1.0, 'ttc': 1.0, 'c': 1.0, 'pdms': 1.0}, 9.75: {'nc': 1.0, 'dac': 1.0, 'ttc': 1.0, 'c': 1.0, 'pdms': 1.0}, 10.0: {'nc': 1.0, 'dac': 1.0, 'ttc': 1.0, 'c': 1.0, 'pdms': 1.0}, 10.25: {'nc': 1.0, 'dac': 1.0, 'ttc': 1.0, 'c': 1.0, 'pdms': 1.0}, 10.5: {'nc': 1.0, 'dac': 1.0, 'ttc': 1.0, 'c': 1.0, 'pdms': 1.0}, 10.75: {'nc': 1.0, 'dac': 1.0, 'ttc': 1.0, 'c': 1.0, 'pdms': 1.0}, 11.0: {'nc': 1.0, 'dac': 1.0, 'ttc': 1.0, 'c': 1.0, 'pdms': 1.0}, 11.25: {'nc': 1.0, 'dac': 1.0, 'ttc': 1.0, 'c': 1.0, 'pdms': 1.0}, 11.5: {'nc': 1.0, 'dac': 1.0, 'ttc': 1.0, 'c': 1.0, 'pdms': 1.0}, 11.75: {'nc': 1.0, 'dac': 1.0, 'ttc': 1.0, 'c': 1.0, 'pdms': 1.0}, 12.0: {'nc': 1.0, 'dac': 1.0, 'ttc': 1.0, 'c': 1.0, 'pdms': 1.0}, 12.25: {'nc': 1.0, 'dac': 1.0, 'ttc': 1.0, 'c': 1.0, 'pdms': 1.0}, 12.5: {'nc': 1.0, 'dac': 1.0, 'ttc': 1.0, 'c': 1.0, 'pdms': 1.0}, 12.75: {'nc': 1.0, 'dac': 1.0, 'ttc': 1.0, 'c': 1.0, 'pdms': 1.0}, 13.0: {'nc': 1.0, 'dac': 1.0, 'ttc': 1.0, 'c': 1.0, 'pdms': 1.0}, 13.25: {'nc': 1.0, 'dac': 1.0, 'ttc': 1.0, 'c': 1.0, 'pdms': 1.0}, 13.5: {'nc': 1.0, 'dac': 1.0, 'ttc': 1.0, 'c': 1.0, 'pdms': 1.0}, 13.75: {'nc': 1.0, 'dac': 1.0, 'ttc': 1.0, 'c': 1.0, 'pdms': 1.0}, 14.0: {'nc': 1.0, 'dac': 1.0, 'ttc': 1.0, 'c': 1.0, 'pdms': 1.0}, 14.25: {'nc': 1.0, 'dac': 1.0, 'ttc': 1.0, 'c': 1.0, 'pdms': 1.0}, 14.5: {'nc': 1.0, 'dac': 1.0, 'ttc': 1.0, 'c': 1.0, 'pdms': 1.0}, 14.75: {'nc': 1.0, 'dac': 1.0, 'ttc': 1.0, 'c': 1.0, 'pdms': 1.0}, 15.0: {'nc': 1.0, 'dac': 1.0, 'ttc': 0.0, 'c': 1.0, 'pdms': 0.2857142857142857}, 15.25: {'nc': 1.0, 'dac': 1.0, 'ttc': 0.0, 'c': 1.0, 'pdms': 0.2857142857142857}, 15.5: {'nc': 1.0, 'dac': 1.0, 'ttc': 1.0, 'c': 1.0, 'pdms': 1.0}, 15.75: {'nc': 1.0, 'dac': 1.0, 'ttc': 1.0, 'c': 1.0, 'pdms': 1.0}, 16.0: {'nc': 1.0, 'dac': 1.0, 'ttc': 1.0, 'c': 1.0, 'pdms': 1.0}, 16.25: {'nc': 1.0, 'dac': 1.0, 'ttc': 1.0, 'c': 1.0, 'pdms': 1.0}, 16.5: {'nc': 1.0, 'dac': 1.0, 'ttc': 0.0, 'c': 1.0, 'pdms': 0.2857142857142857}, 16.75: {'nc': 1.0, 'dac': 1.0, 'ttc': 0.0, 'c': 1.0, 'pdms': 0.2857142857142857}, 17.0: {'nc': 0.0, 'dac': 1.0, 'ttc': 0.0, 'c': 1.0, 'pdms': 0.0}, 17.25: {'nc': 0.0, 'dac': 1.0, 'ttc': 0.0, 'c': 1.0, 'pdms': 0.0}, 17.5: {'nc': 0.0, 'dac': 1.0, 'ttc': 0.0, 'c': 1.0, 'pdms': 0.0}, 17.75: {'nc': 0.0, 'dac': 1.0, 'ttc': 0.0, 'c': 1.0, 'pdms': 0.0}, 18.0: {'nc': 0.0, 'dac': 1.0, 'ttc': 0.0, 'c': 1.0, 'pdms': 0.0}, 18.25: {'nc': 0.0, 'dac': 1.0, 'ttc': 0.0, 'c': 1.0, 'pdms': 0.0}, 18.5: {'nc': 1.0, 'dac': 1.0, 'ttc': 1.0, 'c': 1.0, 'pdms': 1.0}, 18.75: {'nc': 0.0, 'dac': 1.0, 'ttc': 0.0, 'c': 1.0, 'pdms': 0.0}, 19.0: {'nc': 0.0, 'dac': 1.0, 'ttc': 0.0, 'c': 1.0, 'pdms': 0.0}, 19.25: {'nc': 0.0, 'dac': 1.0, 'ttc': 1.0, 'c': 1.0, 'pdms': 0.0}, 19.5: {'nc': 1.0, 'dac': 1.0, 'ttc': 1.0, 'c': 1.0, 'pdms': 1.0}, 19.75: {'nc': 1.0, 'dac': 1.0, 'ttc': 1.0, 'c': 1.0, 'pdms': 1.0}, 20.0: {'nc': 1.0, 'dac': 1.0, 'ttc': 1.0, 'c': 1.0, 'pdms': 1.0}, 20.25: {'nc': 1.0, 'dac': 1.0, 'ttc': 1.0, 'c': 1.0, 'pdms': 1.0}, 20.5: {'nc': 1.0, 'dac': 1.0, 'ttc': 1.0, 'c': 1.0, 'pdms': 1.0}, 20.75: {'nc': 1.0, 'dac': 1.0, 'ttc': 1.0, 'c': 1.0, 'pdms': 1.0}, 21.0: {'nc': 1.0, 'dac': 1.0, 'ttc': 1.0, 'c': 1.0, 'pdms': 1.0}, 21.25: {'nc': 1.0, 'dac': 1.0, 'ttc': 1.0, 'c': 1.0, 'pdms': 1.0}, 21.5: {'nc': 1.0, 'dac': 1.0, 'ttc': 1.0, 'c': 1.0, 'pdms': 1.0}, 21.75: {'nc': 1.0, 'dac': 1.0, 'ttc': 1.0, 'c': 1.0, 'pdms': 1.0}, 22.0: {'nc': 1.0, 'dac': 1.0, 'ttc': 1.0, 'c': 1.0, 'pdms': 1.0}, 22.25: {'nc': 1.0, 'dac': 1.0, 'ttc': 1.0, 'c': 1.0, 'pdms': 1.0}, 22.5: {'nc': 1.0, 'dac': 1.0, 'ttc': 1.0, 'c': 1.0, 'pdms': 1.0}, 22.75: {'nc': 1.0, 'dac': 1.0, 'ttc': 1.0, 'c': 1.0, 'pdms': 1.0}, 23.0: {'nc': 1.0, 'dac': 1.0, 'ttc': 0.0, 'c': 1.0, 'pdms': 0.2857142857142857}, 23.25: {'nc': 1.0, 'dac': 1.0, 'ttc': 0.0, 'c': 1.0, 'pdms': 0.2857142857142857}, 23.5: {'nc': 1.0, 'dac': 1.0, 'ttc': 1.0, 'c': 1.0, 'pdms': 1.0}, 23.75: {'nc': 1.0, 'dac': 1.0, 'ttc': 0.0, 'c': 1.0, 'pdms': 0.2857142857142857}, 24.0: {'nc': 1.0, 'dac': 1.0, 'ttc': 0.0, 'c': 1.0, 'pdms': 0.2857142857142857}, 24.25: {'nc': 1.0, 'dac': 1.0, 'ttc': 0.0, 'c': 1.0, 'pdms': 0.2857142857142857}, 24.5: {'nc': 0.0, 'dac': 1.0, 'ttc': 0.0, 'c': 1.0, 'pdms': 0.0}, 24.75: {'nc': 0.0, 'dac': 1.0, 'ttc': 0.0, 'c': 1.0, 'pdms': 0.0}, 25.0: {'nc': 0.0, 'dac': 1.0, 'ttc': 0.0, 'c': 1.0, 'pdms': 0.0}, 25.25: {'nc': 0.0, 'dac': 1.0, 'ttc': 0.0, 'c': 1.0, 'pdms': 0.0}, 25.5: {'nc': 0.0, 'dac': 1.0, 'ttc': 0.0, 'c': 1.0, 'pdms': 0.0}, 25.75: {'nc': 0.0, 'dac': 1.0, 'ttc': 0.0, 'c': 1.0, 'pdms': 0.0}, 26.0: {'nc': 0.0, 'dac': 1.0, 'ttc': 0.0, 'c': 1.0, 'pdms': 0.0}, 26.25: {'nc': 0.0, 'dac': 1.0, 'ttc': 0.0, 'c': 1.0, 'pdms': 0.0}, 26.5: {'nc': 0.0, 'dac': 1.0, 'ttc': 0.0, 'c': 1.0, 'pdms': 0.0}, 26.75: {'nc': 0.0, 'dac': 1.0, 'ttc': 0.0, 'c': 1.0, 'pdms': 0.0}, 27.0: {'nc': 0.0, 'dac': 1.0, 'ttc': 0.0, 'c': 1.0, 'pdms': 0.0}, 27.25: {'nc': 0.0, 'dac': 1.0, 'ttc': 1.0, 'c': 1.0, 'pdms': 0.0}, 27.5: {'nc': 0.0, 'dac': 1.0, 'ttc': 1.0, 'c': 1.0, 'pdms': 0.0}, 27.75: {'nc': 1.0, 'dac': 1.0, 'ttc': 1.0, 'c': 1.0, 'pdms': 1.0}, 28.0: {'nc': 1.0, 'dac': 1.0, 'ttc': 1.0, 'c': 1.0, 'pdms': 1.0}, 28.25: {'nc': 1.0, 'dac': 1.0, 'ttc': 1.0, 'c': 1.0, 'pdms': 1.0}, 28.5: {'nc': 1.0, 'dac': 1.0, 'ttc': 1.0, 'c': 1.0, 'pdms': 1.0}, 28.75: {'nc': 1.0, 'dac': 1.0, 'ttc': 1.0, 'c': 1.0, 'pdms': 1.0}, 29.0: {'nc': 1.0, 'dac': 1.0, 'ttc': 1.0, 'c': 1.0, 'pdms': 1.0}, 29.25: {'nc': 1.0, 'dac': 1.0, 'ttc': 1.0, 'c': 1.0, 'pdms': 1.0}, 29.5: {'nc': 1.0, 'dac': 1.0, 'ttc': 1.0, 'c': 1.0, 'pdms': 1.0}, 29.75: {'nc': 1.0, 'dac': 1.0, 'ttc': 0.0, 'c': 1.0, 'pdms': 0.2857142857142857}, 30.0: {'nc': 1.0, 'dac': 1.0, 'ttc': 0.0, 'c': 1.0, 'pdms': 0.2857142857142857}, 30.25: {'nc': 1.0, 'dac': 1.0, 'ttc': 0.0, 'c': 1.0, 'pdms': 0.2857142857142857}, 30.5: {'nc': 1.0, 'dac': 1.0, 'ttc': 0.0, 'c': 1.0, 'pdms': 0.2857142857142857}, 30.75: {'nc': 0.0, 'dac': 1.0, 'ttc': 0.0, 'c': 1.0, 'pdms': 0.0}, 31.0: {'nc': 0.0, 'dac': 1.0, 'ttc': 0.0, 'c': 1.0, 'pdms': 0.0}, 31.25: {'nc': 0.0, 'dac': 1.0, 'ttc': 0.0, 'c': 1.0, 'pdms': 0.0}, 31.5: {'nc': 0.0, 'dac': 1.0, 'ttc': 0.0, 'c': 1.0, 'pdms': 0.0}, 31.75: {'nc': 0.0, 'dac': 1.0, 'ttc': 0.0, 'c': 1.0, 'pdms': 0.0}, 32.0: {'nc': 0.0, 'dac': 1.0, 'ttc': 0.0, 'c': 1.0, 'pdms': 0.0}, 32.25: {'nc': 0.0, 'dac': 1.0, 'ttc': 0.0, 'c': 1.0, 'pdms': 0.0}, 32.5: {'nc': 0.0, 'dac': 1.0, 'ttc': 0.0, 'c': 1.0, 'pdms': 0.0}, 32.75: {'nc': 0.0, 'dac': 1.0, 'ttc': 0.0, 'c': 1.0, 'pdms': 0.0}, 33.0: {'nc': 0.0, 'dac': 1.0, 'ttc': 0.0, 'c': 1.0, 'pdms': 0.0}, 33.25: {'nc': 0.0, 'dac': 1.0, 'ttc': 1.0, 'c': 1.0, 'pdms': 0.0}, 33.5: {'nc': 1.0, 'dac': 1.0, 'ttc': 1.0, 'c': 1.0, 'pdms': 1.0}, 33.75: {'nc': 1.0, 'dac': 1.0, 'ttc': 1.0, 'c': 1.0, 'pdms': 1.0}, 34.0: {'nc': 1.0, 'dac': 1.0, 'ttc': 1.0, 'c': 1.0, 'pdms': 1.0}, 34.25: {'nc': 1.0, 'dac': 1.0, 'ttc': 1.0, 'c': 1.0, 'pdms': 1.0}, 34.5: {'nc': 1.0, 'dac': 1.0, 'ttc': 1.0, 'c': 1.0, 'pdms': 1.0}, 34.75: {'nc': 1.0, 'dac': 1.0, 'ttc': 1.0, 'c': 1.0, 'pdms': 1.0}, 35.0: {'nc': 1.0, 'dac': 1.0, 'ttc': 1.0, 'c': 1.0, 'pdms': 1.0}, 35.25: {'nc': 1.0, 'dac': 1.0, 'ttc': 1.0, 'c': 1.0, 'pdms': 1.0}, 35.5: {'nc': 1.0, 'dac': 1.0, 'ttc': 1.0, 'c': 1.0, 'pdms': 1.0}, 35.75: {'nc': 1.0, 'dac': 1.0, 'ttc': 1.0, 'c': 1.0, 'pdms': 1.0}, 36.0: {'nc': 1.0, 'dac': 1.0, 'ttc': 1.0, 'c': 1.0, 'pdms': 1.0}, 36.25: {'nc': 1.0, 'dac': 1.0, 'ttc': 1.0, 'c': 1.0, 'pdms': 1.0}, 36.5: {'nc': 1.0, 'dac': 1.0, 'ttc': 1.0, 'c': 1.0, 'pdms': 1.0}}).
=============================Results=============================
'nc': 0.773972602739726
'dac': 1.0
'ttc': 0.7123287671232876
'c': 0.9931506849315068
'pdms': 0.7084148727984348
'rc': 1.0
'hdscore': 0.7084148727984348
The AD algorithm is still running, remaining tolerant 100.
The AD algorithm is still running, remaining tolerant 95.
The AD algorithm is still running, remaining tolerant 90.
The AD algorithm is still running, remaining tolerant 85.
The AD algorithm is still running, remaining tolerant 80.
The AD algorithm is still running, remaining tolerant 75.
The AD algorithm is still running, remaining tolerant 70.
The AD algorithm is still running, remaining tolerant 65.
The AD algorithm is still running, remaining tolerant 60.
The AD algorithm is still running, remaining tolerant 55.
The AD algorithm completed with return code 0.
+ rc=0
+ echo 'I107_SLOT_RC=0 i106_s05_iter48_easy_medium_long_lead_fire_cpa_only_scene_0064_easy_00_r2 scene-0064-easy-00 on a1'
I107_SLOT_RC=0 i106_s05_iter48_easy_medium_long_lead_fire_cpa_only_scene_0064_easy_00_r2 scene-0064-easy-00 on a1
+ docker rm -f hugsim_uniad_client
++ python3 -c '
import json, math
try:
    v = json.load(open('\''/datasets/nuscenes-full/hugsim/outputs/nusc_uniad/scene-0064_easy_00/eval.json'\'')).get('\''hdscore'\'')
    print(v if isinstance(v, (int, float)) and math.isfinite(v) else '\''INVALID'\'')
except Exception:
    print('\''MISSING'\'')
'
+ hd=0.7084148727984348
++ python3 -c '
import json
try:
    data = json.load(open('\''/datasets/nuscenes-full/hugsim/outputs/nusc_uniad/scene-0064_easy_00/eval.json'\''))
    print(1 if '\''collision_provenance'\'' in data else 0)
except Exception:
    print(0)
'
+ provenance=1
++ grep -c sent /datasets/nuscenes-full/hugsim/outputs/nusc_uniad/scene-0064_easy_00/output.txt
+ steps=146
+ '[' -n 146 ']'
++ grep -c 'SENTINEL_I48_UNION_PATCH_LOADED enabled=1' /datasets/nuscenes-full/hugsim/outputs/nusc_uniad/scene-0064_easy_00/output.txt
+ marker=1
+ '[' -n 1 ']'
+ decisions=0
+ '[' -s /datasets/nuscenes-full/hugsim/outputs/nusc_uniad/scene-0064_easy_00/sentinel_iter48_decisions.jsonl ']'
++ grep -c 'SENTINEL_I48_DECISION frame=' /datasets/nuscenes-full/hugsim/outputs/nusc_uniad/scene-0064_easy_00/output.txt
+ '[' 146 -gt 0 ']'
+ decisions=1
+ '[' 0 = 0 ']'
+ '[' 0.7084148727984348 '!=' MISSING ']'
+ '[' 0.7084148727984348 '!=' INVALID ']'
+ '[' 1 = 1 ']'
+ '[' 146 -gt 0 ']'
+ '[' 1 -gt 0 ']'
+ '[' 1 = 1 ']'
+ rm -rf /datasets/nuscenes-full/hugsim/iter107_runs/i106_s05_iter48_easy_medium_long_lead_fire_cpa_only_scene_0064_easy_00_r2__scene-0064-easy-00__on
+ mkdir -p /datasets/nuscenes-full/hugsim/iter107_runs/i106_s05_iter48_easy_medium_long_lead_fire_cpa_only_scene_0064_easy_00_r2__scene-0064-easy-00__on
+ find /datasets/nuscenes-full/hugsim/outputs/nusc_uniad/scene-0064_easy_00 -type p -delete
+ mv /datasets/nuscenes-full/hugsim/outputs/nusc_uniad/scene-0064_easy_00/data.pkl /datasets/nuscenes-full/hugsim/outputs/nusc_uniad/scene-0064_easy_00/eval.json /datasets/nuscenes-full/hugsim/outputs/nusc_uniad/scene-0064_easy_00/ground.ply /datasets/nuscenes-full/hugsim/outputs/nusc_uniad/scene-0064_easy_00/infos.pkl /datasets/nuscenes-full/hugsim/outputs/nusc_uniad/scene-0064_easy_00/output.txt /datasets/nuscenes-full/hugsim/outputs/nusc_uniad/scene-0064_easy_00/scene.ply /datasets/nuscenes-full/hugsim/outputs/nusc_uniad/scene-0064_easy_00/sentinel_iter48_decisions.jsonl /datasets/nuscenes-full/hugsim/outputs/nusc_uniad/scene-0064_easy_00/uniad /datasets/nuscenes-full/hugsim/outputs/nusc_uniad/scene-0064_easy_00/video.mp4 /datasets/nuscenes-full/hugsim/iter107_runs/i106_s05_iter48_easy_medium_long_lead_fire_cpa_only_scene_0064_easy_00_r2__scene-0064-easy-00__on/
+ rmdir /datasets/nuscenes-full/hugsim/outputs/nusc_uniad/scene-0064_easy_00
++ date -u +%s
+ printf '{"slot_id":"%s","scenario":"%s","arm":"on","attempt":%s,"rc":%s,"hdscore":%s,"steps":%s,"start_epoch":%s,"end_epoch":%s}\n' i106_s05_iter48_easy_medium_long_lead_fire_cpa_only_scene_0064_easy_00_r2 scene-0064-easy-00 1 0 0.7084148727984348 146 1784012030 1784012530
+ echo 'I107_SLOT_DONE i106_s05_iter48_easy_medium_long_lead_fire_cpa_only_scene_0064_easy_00_r2 scene-0064-easy-00 on ok hd=0.7084148727984348 steps=146'
I107_SLOT_DONE i106_s05_iter48_easy_medium_long_lead_fire_cpa_only_scene_0064_easy_00_r2 scene-0064-easy-00 on ok hd=0.7084148727984348 steps=146
+ return 0
+ IFS='	'
+ read -r slot_id scenario _scenario_sha
+ run_one i106_s06_iter48_easy_medium_long_lead_fire_cpa_only_scene_0166_medium_01_r2 scene-0166-medium-01
+ local slot_id=i106_s06_iter48_easy_medium_long_lead_fire_cpa_only_scene_0166_medium_01_r2 scenario=scene-0166-medium-01
+ local scene=scene-0166
+ local mode_dashed=medium-01
+ local mode=medium_01
+ local out_dir=/datasets/nuscenes-full/hugsim/outputs/nusc_uniad/scene-0166_medium_01
+ local dest=/datasets/nuscenes-full/hugsim/iter107_runs/i106_s06_iter48_easy_medium_long_lead_fire_cpa_only_scene_0166_medium_01_r2__scene-0166-medium-01__on
+ '[' -f /datasets/nuscenes-full/hugsim/iter107_runs/i106_s06_iter48_easy_medium_long_lead_fire_cpa_only_scene_0166_medium_01_r2__scene-0166-medium-01__on/episode_meta.json ']'
+ prep_scene scene-0166
+ local scene=scene-0166
+ '[' '!' -d /datasets/nuscenes-full/hugsim/extracted/scenes/nuscenes/scene-0166 ']'
+ local cfg=/datasets/nuscenes-full/hugsim/extracted/scenes/nuscenes/scene-0166/cfg.yaml
+ '[' '!' -f /datasets/nuscenes-full/hugsim/extracted/scenes/nuscenes/scene-0166/cfg.yaml ']'
+ '[' -f /datasets/nuscenes-full/hugsim/extracted/scenes/nuscenes/scene-0166/cfg.yaml.orig ']'
+ python3 - /datasets/nuscenes-full/hugsim/extracted/scenes/nuscenes/scene-0166/cfg.yaml /datasets/nuscenes-full/hugsim/extracted/scenes/nuscenes/scene-0166
+ local attempt rc steps hd marker decisions provenance
+ for attempt in 1 2
+ disk_guard
+ local avail
++ df --output=avail -BG /datasets/nuscenes-full
++ tail -1
++ tr -dc 0-9
+ avail=116
+ '[' 116 -lt 20 ']'
++ date -u
+ echo 'I107_SLOT_START i106_s06_iter48_easy_medium_long_lead_fire_cpa_only_scene_0166_medium_01_r2 scene-0166-medium-01 on a1 Tue Jul 14 07:02:10 UTC 2026'
I107_SLOT_START i106_s06_iter48_easy_medium_long_lead_fire_cpa_only_scene_0166_medium_01_r2 scene-0166-medium-01 on a1 Tue Jul 14 07:02:10 UTC 2026
+ local t0
++ date -u +%s
+ t0=1784012530
+ docker rm -f hugsim_uniad_client
+ rm -rf /datasets/nuscenes-full/hugsim/outputs/nusc_uniad/scene-0166_medium_01
+ cd /opt/sentinel-stack/HUGSIM
+ SENTINEL_ENABLED=1
+ timeout 1200 pixi run python -u closed_loop.py --scenario_path /datasets/nuscenes-full/hugsim/extracted/scenarios/nuscenes/scene-0166-medium-01.yaml --base_path configs/sim/nuscenes_base.yaml --camera_path configs/sim/nuscenes_camera.yaml --kinematic_path configs/sim/kinematic.yaml --ad uniad --ad_cuda 0
/datasets/nuscenes-full/hugsim/outputs/nusc_uniad/scene-0166_medium_01/output.txt
/opt/sentinel-stack/UniAD_SIM/tools/e2e.sh 0 /datasets/nuscenes-full/hugsim/outputs/nusc_uniad/scene-0166_medium_01
Loading data for matched scene tags: ['nusc_trainval-train-boston', 'nusc_trainval-train-singapore', 'nusc_trainval-train_val-boston', 'nusc_trainval-singapore-train_val', 'nusc_trainval-val-boston', 'nusc_trainval-singapore-val']
Getting Scenes from nusc_trainval:   0%|          | 0/6 [00:00<?, ?it/s]Getting Scenes from nusc_trainval: 100%|██████████| 6/6 [00:00<00:00, 738.78it/s]
Calculating Agent Data (Serially):   0%|          | 0/850 [00:00<?, ?it/s]Calculating Agent Data (Serially): 100%|██████████| 850/850 [00:00<00:00, 58529.66it/s]
850 scenes in the scene index.
Creating Agent Data Index (4 CPUs):   0%|          | 0/850 [00:00<?, ?it/s]Creating Agent Data Index (4 CPUs):  32%|███▏      | 271/850 [00:00<00:00, 2555.77it/s]Creating Agent Data Index (4 CPUs):  84%|████████▍ | 714/850 [00:00<00:00, 3621.75it/s]Creating Agent Data Index (4 CPUs): 100%|██████████| 850/850 [00:00<00:00, 3588.55it/s]
Structuring Agent Data Index:   0%|          | 0/850 [00:00<?, ?it/s]Structuring Agent Data Index: 100%|██████████| 850/850 [00:00<00:00, 13082.86it/s]
/opt/sentinel-stack/HUGSIM/.pixi/envs/default/lib/python3.11/site-packages/pandas/io/feather_format.py:123: FutureWarning: pyarrow.feather.read_feather is deprecated as of 24.0.0. Use pyarrow.ipc.open_file() / RecordBatchFileReader instead. Feather V2 is the Arrow IPC file format.
  return feather.read_feather(
Ready for simulation
ego pose [0.0, 1.1102230246251565e-16, 0.0]
ego pose [0.0, 0.002989571601558439, 0.4375]
ego pose [0.00895761918457731, 0.006458409382118089, 1.0407216311948904]
ego pose [0.025135918018769597, 0.0053453624114080485, 1.7666825887558824]
ego pose [0.06476924338308573, 0.009507980896182584, 2.567970683492091]
ego pose [0.14293231668155465, 0.015853111285327078, 3.4007513496900366]
ego pose [0.21746972262596703, 0.015935695516000586, 4.045397185261301]
ego pose [0.27731846243991704, 0.02199196459556171, 4.502940276926685]
ego pose [0.3200507693404699, 0.026404464365252598, 4.805295460701755]
ego pose [0.34968824174067614, 0.02841490594253033, 5.005175640805496]
ego pose [0.4085570515305358, 0.03193291628060464, 5.390267502300386]
ego pose [0.491365907846546, 0.03693022147997287, 5.95192482263836]
ego pose [0.5742394409430424, 0.043504552434466146, 6.622698097250113]
ego pose [0.6321727838488659, 0.050881034511362014, 7.353047465848589]
ego pose [0.6431036448019176, 0.05479575588021971, 8.1286543350774]
ego pose [0.6225603175790998, 0.060081215929873026, 8.949287685265816]
ego pose [0.5825416611994623, 0.06465035685117572, 9.818745405593626]
ego pose [0.5270683007036454, 0.06609506366291336, 10.720117119446819]
ego pose [0.4595174852504387, 0.06822101205812513, 11.650900694398496]
ego pose [0.380184860974177, 0.07007003551348191, 12.617641858219653]
ego pose [0.3263821405609467, 0.07414377245352692, 13.581378226824446]
ego pose [0.2827966661231714, 0.08148252689843147, 14.549076774799666]
ego pose [0.24024529655335872, 0.08868851256759382, 15.536958356090546]
ego pose [0.19022308374083102, 0.08501032677968245, 16.533248925647644]
ego pose [0.09456257997600738, 0.08546962570060025, 17.542458698007962]
ego pose [-0.0236583468957519, 0.0777620127857796, 18.590183079589682]
ego pose [-0.16010332778125375, 0.07649055899479802, 19.65955496376468]
ego pose [-0.2726567906691043, 0.10195679669842765, 20.754023287567307]
ego pose [-0.38000965253050234, 0.13467984198679744, 21.86156722191505]
ego pose [-0.4882222709167553, 0.1417488267887861, 22.954574843256346]
ego pose [-0.5918688443008698, 0.10117574708263705, 24.043798589039604]
ego pose [-0.6900693788281937, 0.04832399212234508, 25.131775907127]
ego pose [-0.7862362584895589, 0.02624163835626093, 26.213936291828723]
ego pose [-0.8807209148125725, 0.04427662732930595, 27.299559706411046]
ego pose [-0.929436631880649, 0.05802208185188847, 28.394191770195974]
ego pose [-0.9222750703835586, 0.06320295934846522, 29.488637060961707]
ego pose [-0.8590912067217387, 0.06316838224381224, 30.580102575247647]
ego pose [-0.7851873632912393, 0.06576239363027327, 31.659028813727904]
ego pose [-0.6742759825027864, 0.06886617418774901, 32.705509088582815]
ego pose [-0.5554706100369882, 0.07031960774958489, 33.70227883712276]
ego pose [-0.4328744188348921, 0.06909384394721615, 34.625454384235184]
ego pose [-0.3336167165479983, 0.08096439649783435, 35.52476843333684]
ego pose [-0.28329805758953563, 0.07876868169830398, 36.4475495611058]
ego pose [-0.28791685795452693, 0.0802671817221089, 37.39197087232302]
ego pose [-0.32631853952629913, 0.0872054252391701, 38.364749967226324]
ego pose [-0.36391994708462, 0.0905616677972434, 39.33053318072667]
ego pose [-0.4161526375745551, 0.08536149097340298, 40.27727057006099]
ego pose [-0.49451600732144607, 0.08518355226053273, 41.239932384825956]
ego pose [-0.6059885730051344, 0.08633264755836892, 42.24838191951865]
ego pose [-0.7385379992503873, 0.0907206373175369, 43.289507687605266]
ego pose [-0.8876108474985129, 0.0906175604916023, 44.33114317809985]
ego pose [-1.056450180590545, 0.10164673294584177, 45.35172760080307]
ego pose [-1.2465987455628456, 0.1083448696503587, 46.33946062586816]
ego pose [-1.4896551689305337, 0.11261001752734395, 47.29015379332998]
ego pose [-1.750103634915832, 0.11045984695813076, 48.223486506757034]
ego pose [-2.0035148700193095, 0.10229053988298345, 49.14362302189998]
ego pose [-2.26713526711146, 0.10080502498980626, 50.027291270866954]
ego pose [-2.5268478133277354, 0.08925458124160987, 50.876709699905234]
ego pose [-2.734641726529505, 0.08606557031007989, 51.54592708428339]
ego pose [-2.8882814633990423, 0.08495270312048937, 52.03562647456069]
ego pose [-2.990680311845655, 0.08197499156960662, 52.35965121662113]
ego pose [-3.058775692976562, 0.08011477366617453, 52.57411042552502]
ego pose [-3.1039942580808146, 0.0787295249130691, 52.71607843108278]
ego pose [-3.2063079723084185, 0.07777700844157501, 53.03664210207594]
ego pose [-3.3556097872062534, 0.0800151066861701, 53.513542114243485]
ego pose [-3.5261812961859986, 0.08511088749630798, 54.09232424892331]
ego pose [-3.7206325032249072, 0.08980259762085878, 54.747038236961586]
ego pose [-3.9197129359332563, 0.09981739111103907, 55.461220545711306]
ego pose [-4.10441488071218, 0.11777733693713709, 56.208064712577304]
ego pose [-4.267342033413277, 0.12971763309781015, 56.98349004025139]
ego pose [-4.410418920006762, 0.13184546628007068, 57.803884500045115]
ego pose [-4.502153751114951, 0.11010952550545075, 58.617870077085485]
ego pose [-4.555007568859797, 0.09224279174754024, 59.24729330861455]
ego pose [-4.583377245410354, 0.08018217473783606, 59.69052476447212]
ego pose [-4.598145189920414, 0.07006055756883621, 59.98392766920881]
ego pose [-4.60617219909462, 0.06099269513440967, 60.17807570278531]
ego pose [-4.619685567631686, 0.049373362876388334, 60.5596503917656]
ego pose [-4.631278760988097, 0.0328550439154725, 61.09776656335734]
ego pose [-4.621283457692358, 0.030750233500116436, 61.736161641045896]
ego pose [-4.56889418311088, 0.02777137853526128, 62.43736253343414]
ego pose [-4.454477367234514, 0.032951689446149984, 63.194456448817746]
ego pose [-4.27403994902026, 0.037523486693165305, 63.97905518212177]
ego pose [-4.025880580905862, 0.027973357954627243, 64.77227157695779]
ego pose [-3.733771441646255, 0.023891280401780547, 65.57066328872516]
ego pose [-3.3976690936949936, 0.02045572193974722, 66.42598458035778]
ego pose [-3.135934821146299, 0.019711723186511196, 67.10904398344248]
ego pose [-2.9441849747086635, 0.017755928528545212, 67.6181168184187]
ego pose [-2.8185867075037483, 0.020782624008414227, 67.95567329925177]
ego pose [-2.7360124404343353, 0.024466848442651484, 68.17940450060192]
ego pose [-2.681594325261729, 0.02638334590102704, 68.32764269201375]
ego pose [-2.6456758301981687, 0.028118501860055996, 68.42583648417599]
ego pose [-2.621942082541648, 0.029026844323309188, 68.49087338260694]
ego pose [-2.606248586937932, 0.029858363000590013, 68.53394532747328]
ego pose [-2.5264396938450355, 0.03316768153204528, 68.75321451125129]
ego pose [-2.3866188418431977, 0.03817117148148376, 69.15015029931962]
ego pose [-2.2199418925936825, 0.041560861364504355, 69.6775158313802]
ego pose [-2.0652257885783825, 0.042106205227853445, 70.28142505888293]
ego pose [-1.9569132571076209, 0.0393098715202644, 70.90319537163334]
ego pose [-1.8832164678886456, 0.029350761443907556, 71.56521188791663]
ego pose [-1.8523127934139683, 0.01981110471790833, 72.26677502102288]
ego pose [-1.8518899832039937, 0.013834057155048693, 72.78151830005328]
ego pose [-1.8619005193359528, 0.009086071709030353, 73.12086516419109]
ego pose [-1.872944462344182, 0.0036116161192184977, 73.3444885241386]
Collision with background
MoviePy - Building video /datasets/nuscenes-full/hugsim/outputs/nusc_uniad/scene-0166_medium_01/video.mp4.
MoviePy - Writing video /datasets/nuscenes-full/hugsim/outputs/nusc_uniad/scene-0166_medium_01/video.mp4

frame_index:   0%|          | 0/103 [00:00<?, ?it/s, now=None]frame_index:  10%|▉         | 10/103 [00:00<00:00, 96.14it/s, now=None]frame_index:  23%|██▎       | 24/103 [00:00<00:00, 118.60it/s, now=None]frame_index:  40%|███▉      | 41/103 [00:00<00:00, 139.63it/s, now=None]frame_index:  53%|█████▎    | 55/103 [00:00<00:00, 120.55it/s, now=None]frame_index:  66%|██████▌   | 68/103 [00:00<00:00, 115.70it/s, now=None]frame_index:  78%|███████▊  | 80/103 [00:01<00:00, 40.00it/s, now=None] frame_index:  86%|████████▋ | 89/103 [00:01<00:00, 34.02it/s, now=None]frame_index:  93%|█████████▎| 96/103 [00:02<00:00, 17.91it/s, now=None]frame_index:  98%|█████████▊| 101/103 [00:03<00:00, 17.74it/s, now=None]                                                                        MoviePy - Done !
MoviePy - video ready /datasets/nuscenes-full/hugsim/outputs/nusc_uniad/scene-0166_medium_01/video.mp4
this pkl file contains 1 experiment records.
current exp has 103 frames
frame 0 / 103
comfortable: [True, True, True, True, True, True]
frame 1 / 103
comfortable: [True, True, True, True, True, True]
frame 2 / 103
comfortable: [True, True, True, True, True, True]
frame 3 / 103
comfortable: [True, True, True, True, True, True]
frame 4 / 103
comfortable: [True, True, True, True, True, True]
frame 5 / 103
comfortable: [True, True, True, True, True, True]
frame 6 / 103
comfortable: [True, True, True, True, True, True]
frame 7 / 103
comfortable: [True, True, True, True, True, True]
frame 8 / 103
comfortable: [True, True, True, True, True, True]
frame 9 / 103
comfortable: [True, True, True, True, True, True]
frame 10 / 103
comfortable: [True, True, True, True, True, True]
frame 11 / 103
comfortable: [True, True, True, True, True, True]
frame 12 / 103
comfortable: [True, True, True, True, True, True]
frame 13 / 103
comfortable: [True, True, True, True, True, True]
frame 14 / 103
comfortable: [True, True, True, True, True, True]
frame 15 / 103
comfortable: [True, True, True, True, True, True]
frame 16 / 103
comfortable: [True, True, True, True, True, True]
frame 17 / 103
comfortable: [True, True, True, True, True, True]
frame 18 / 103
comfortable: [True, True, True, True, True, True]
frame 19 / 103
comfortable: [True, True, True, True, True, True]
frame 20 / 103
comfortable: [True, True, True, True, True, True]
frame 21 / 103
comfortable: [True, True, True, True, True, True]
frame 22 / 103
comfortable: [True, True, True, True, True, True]
frame 23 / 103
comfortable: [True, True, True, True, True, True]
frame 24 / 103
comfortable: [True, True, True, True, True, True]
frame 25 / 103
comfortable: [True, True, True, True, True, True]
frame 26 / 103
comfortable: [True, True, True, True, False, True]
frame 27 / 103
comfortable: [True, True, True, True, False, True]
frame 28 / 103
comfortable: [True, True, True, True, False, False]
frame 29 / 103
comfortable: [True, True, True, True, False, False]
frame 30 / 103
comfortable: [True, True, True, True, True, True]
frame 31 / 103
comfortable: [True, True, True, True, True, True]
frame 32 / 103
comfortable: [True, True, True, True, True, True]
frame 33 / 103
comfortable: [True, True, True, True, True, True]
frame 34 / 103
comfortable: [True, True, True, True, True, True]
frame 35 / 103
comfortable: [True, True, True, True, True, True]
frame 36 / 103
comfortable: [True, True, True, True, True, True]
frame 37 / 103
comfortable: [True, True, True, True, True, True]
frame 38 / 103
comfortable: [True, True, True, True, False, True]
frame 39 / 103
comfortable: [True, True, True, False, False, False]
frame 40 / 103
comfortable: [True, True, True, False, False, True]
frame 41 / 103
comfortable: [True, False, False, False, True, True]
frame 42 / 103
comfortable: [True, True, True, True, True, True]
frame 43 / 103
comfortable: [True, True, True, True, True, True]
frame 44 / 103
comfortable: [True, True, True, True, False, True]
frame 45 / 103
comfortable: [True, True, True, True, False, True]
frame 46 / 103
comfortable: [True, True, True, True, False, True]
frame 47 / 103
comfortable: [True, True, True, True, False, True]
frame 48 / 103
comfortable: [True, True, True, True, True, True]
frame 49 / 103
collision with background detected! @ timestep4
 failed to pass ttc collision check, t=1
comfortable: [True, True, True, True, False, True]
frame 50 / 103
collision with background detected! @ timestep5
 failed to pass ttc collision check, t=0.5
comfortable: [True, True, True, True, False, True]
frame 51 / 103
collision with background detected! @ timestep5
 failed to pass ttc collision check, t=0.5
comfortable: [True, True, True, True, False, True]
frame 52 / 103
collision with background detected! @ timestep5
 failed to pass ttc collision check, t=0.5
comfortable: [True, True, True, True, False, True]
frame 53 / 103
collision with background detected! @ timestep5
collision with background detected! @ timestep4
 failed to pass ttc collision check, t=0.5
comfortable: [True, True, True, True, False, False]
frame 54 / 103
collision with background detected! @ timestep5
collision with background detected! @ timestep4
 failed to pass ttc collision check, t=0.5
comfortable: [True, True, True, True, False, True]
frame 55 / 103
collision with background detected! @ timestep5
collision with background detected! @ timestep3
 failed to pass ttc collision check, t=0.5
comfortable: [True, True, True, True, True, True]
frame 56 / 103
collision with background detected! @ timestep4
collision with obstacle detected! @ timestep1
ego_poly: (56.380365652111514, 0.8051366793503845, 0.2586628202399666, 1.707277673482895, 4.036070466041565), obs_poly: (58.86756896972656, -0.7086758613586426, -0.0120703098749948, 1.707277673482895, 4.036070466041565)
 failed to pass ttc collision check, t=1
comfortable: [True, True, True, True, True, True]
frame 57 / 103
comfortable: [True, True, True, True, True, True]
frame 58 / 103
comfortable: [True, True, True, True, True, True]
frame 59 / 103
comfortable: [True, True, True, True, True, True]
frame 60 / 103
comfortable: [True, True, True, True, True, True]
frame 61 / 103
comfortable: [True, True, True, True, True, True]
frame 62 / 103
collision with background detected! @ timestep5
collision with background detected! @ timestep3
 failed to pass ttc collision check, t=0.5
comfortable: [True, True, True, True, True, False]
frame 63 / 103
collision with background detected! @ timestep1
 failed to pass ttc collision check, t=0.5
comfortable: [True, True, True, True, False, True]
frame 64 / 103
collision with background detected! @ timestep2
collision with background detected! @ timestep2
 failed to pass ttc collision check, t=0.5
comfortable: [True, True, True, True, True, False]
frame 65 / 103
collision with background detected! @ timestep2
collision with background detected! @ timestep0
 failed to pass ttc collision check, t=0.5
comfortable: [True, False, True, False, True, True]
frame 66 / 103
collision with background detected! @ timestep1
collision with background detected! @ timestep0
 failed to pass ttc collision check, t=0.5
comfortable: [True, True, True, True, False, True]
frame 67 / 103
collision with background detected! @ timestep1
collision with background detected! @ timestep0
 failed to pass ttc collision check, t=0.5
comfortable: [True, True, True, True, False, True]
frame 68 / 103
collision with background detected! @ timestep0
collision with background detected! @ timestep0
 failed to pass ttc collision check, t=0.5
comfortable: [True, True, True, True, True, True]
frame 69 / 103
collision with background detected! @ timestep0
collision with background detected! @ timestep1
 failed to pass ttc collision check, t=0.5
comfortable: [True, True, True, True, True, True]
frame 70 / 103
collision with background detected! @ timestep0
collision with background detected! @ timestep2
 failed to pass ttc collision check, t=0.5
comfortable: [True, True, False, False, False, False]
frame 71 / 103
comfortable: [True, True, True, True, True, True]
frame 72 / 103
comfortable: [True, True, True, True, True, True]
frame 73 / 103
comfortable: [True, True, True, True, True, True]
frame 74 / 103
comfortable: [True, True, True, True, True, True]
frame 75 / 103
collision with background detected! @ timestep1
collision with background detected! @ timestep0
 failed to pass ttc collision check, t=0.5
comfortable: [True, True, True, True, True, True]
frame 76 / 103
collision with background detected! @ timestep0
collision with background detected! @ timestep0
 failed to pass ttc collision check, t=0.5
comfortable: [True, True, True, True, True, True]
frame 77 / 103
collision with background detected! @ timestep0
collision with background detected! @ timestep0
 failed to pass ttc collision check, t=0.5
comfortable: [True, True, True, True, True, True]
frame 78 / 103
collision with background detected! @ timestep0
collision with background detected! @ timestep0
 failed to pass ttc collision check, t=0.5
comfortable: [True, True, True, True, True, True]
frame 79 / 103
collision with background detected! @ timestep0
collision with background detected! @ timestep4
 failed to pass ttc collision check, t=0.5
comfortable: [True, True, True, True, True, True]
frame 80 / 103
collision with background detected! @ timestep0
collision with background detected! @ timestep4
 failed to pass ttc collision check, t=0.5
comfortable: [True, True, True, True, True, True]
frame 81 / 103
collision with background detected! @ timestep4
collision with background detected! @ timestep4
 failed to pass ttc collision check, t=0.5
comfortable: [True, True, True, True, False, True]
frame 82 / 103
collision with background detected! @ timestep4
collision with background detected! @ timestep3
 failed to pass ttc collision check, t=0.5
comfortable: [True, True, True, True, True, True]
frame 83 / 103
collision with background detected! @ timestep3
collision with background detected! @ timestep2
 failed to pass ttc collision check, t=0.5
comfortable: [True, True, True, True, True, True]
frame 84 / 103
comfortable: [True, True, True, True, True, True]
frame 85 / 103
comfortable: [True, True, True, True, True, True]
frame 86 / 103
comfortable: [True, True, True, True, True, True]
frame 87 / 103
comfortable: [True, True, True, True, True, True]
frame 88 / 103
comfortable: [True, True, True, True, True, True]
frame 89 / 103
comfortable: [True, True, True, True, True, True]
frame 90 / 103
comfortable: [True, True, True, True, True, True]
frame 91 / 103
comfortable: [True, True, True, True, True, True]
frame 92 / 103
collision with background detected! @ timestep2
collision with background detected! @ timestep1
 failed to pass ttc collision check, t=0.5
comfortable: [True, True, True, True, True, True]
frame 93 / 103
collision with background detected! @ timestep2
collision with background detected! @ timestep1
 failed to pass ttc collision check, t=0.5
comfortable: [True, True, True, True, True, True]
frame 94 / 103
collision with background detected! @ timestep1
collision with background detected! @ timestep0
 failed to pass ttc collision check, t=0.5
comfortable: [True, True, True, True, True, True]
frame 95 / 103
collision with background detected! @ timestep1
collision with background detected! @ timestep0
 failed to pass ttc collision check, t=0.5
comfortable: [True, True, True, True, True, True]
frame 96 / 103
collision with background detected! @ timestep0
collision with background detected! @ timestep0
 failed to pass ttc collision check, t=0.5
comfortable: [True, True, True, True, True, True]
frame 97 / 103
collision with background detected! @ timestep0
collision with background detected! @ timestep0
 failed to pass ttc collision check, t=0.5
comfortable: [True, True, True, True, False, True]
frame 98 / 103
collision with background detected! @ timestep0
collision with background detected! @ timestep0
 failed to pass ttc collision check, t=0.5
comfortable: [True, True, True, True, True, True]
frame 99 / 103
collision with background detected! @ timestep0
collision with background detected! @ timestep0
 failed to pass ttc collision check, t=0.5
comfortable: [True, True, True, True, True, True]
frame 100 / 103
collision with background detected! @ timestep0
collision with background detected! @ timestep0
 failed to pass ttc collision check, t=0.5
comfortable: [True, True, True, True, True, True]
frame 101 / 103
collision with background detected! @ timestep0
collision with background detected! @ timestep0
 failed to pass ttc collision check, t=0.5
comfortable: [True, True, True, True, True, True]
frame 102 / 103
collision with background detected! @ timestep0
collision with background detected! @ timestep0
 failed to pass ttc collision check, t=0.5
comfortable: [True, True, True, True, True, True]
The score of experiment is (0.60748959778086, 0.7118996769070697, 0.43247164838459995, {'nc': 0.6893203883495146, 'dac': 1.0, 'ttc': 0.6407766990291263, 'c': 0.7378640776699029, 'pdms': 0.60748959778086}, {0.25: {'nc': 1.0, 'dac': 1.0, 'ttc': 1.0, 'c': 1.0, 'pdms': 1.0}, 0.5: {'nc': 1.0, 'dac': 1.0, 'ttc': 1.0, 'c': 1.0, 'pdms': 1.0}, 0.75: {'nc': 1.0, 'dac': 1.0, 'ttc': 1.0, 'c': 1.0, 'pdms': 1.0}, 1.0: {'nc': 1.0, 'dac': 1.0, 'ttc': 1.0, 'c': 1.0, 'pdms': 1.0}, 1.25: {'nc': 1.0, 'dac': 1.0, 'ttc': 1.0, 'c': 1.0, 'pdms': 1.0}, 1.5: {'nc': 1.0, 'dac': 1.0, 'ttc': 1.0, 'c': 1.0, 'pdms': 1.0}, 1.75: {'nc': 1.0, 'dac': 1.0, 'ttc': 1.0, 'c': 1.0, 'pdms': 1.0}, 2.0: {'nc': 1.0, 'dac': 1.0, 'ttc': 1.0, 'c': 1.0, 'pdms': 1.0}, 2.25: {'nc': 1.0, 'dac': 1.0, 'ttc': 1.0, 'c': 1.0, 'pdms': 1.0}, 2.5: {'nc': 1.0, 'dac': 1.0, 'ttc': 1.0, 'c': 1.0, 'pdms': 1.0}, 2.75: {'nc': 1.0, 'dac': 1.0, 'ttc': 1.0, 'c': 1.0, 'pdms': 1.0}, 3.0: {'nc': 1.0, 'dac': 1.0, 'ttc': 1.0, 'c': 1.0, 'pdms': 1.0}, 3.25: {'nc': 1.0, 'dac': 1.0, 'ttc': 1.0, 'c': 1.0, 'pdms': 1.0}, 3.5: {'nc': 1.0, 'dac': 1.0, 'ttc': 1.0, 'c': 1.0, 'pdms': 1.0}, 3.75: {'nc': 1.0, 'dac': 1.0, 'ttc': 1.0, 'c': 1.0, 'pdms': 1.0}, 4.0: {'nc': 1.0, 'dac': 1.0, 'ttc': 1.0, 'c': 1.0, 'pdms': 1.0}, 4.25: {'nc': 1.0, 'dac': 1.0, 'ttc': 1.0, 'c': 1.0, 'pdms': 1.0}, 4.5: {'nc': 1.0, 'dac': 1.0, 'ttc': 1.0, 'c': 1.0, 'pdms': 1.0}, 4.75: {'nc': 1.0, 'dac': 1.0, 'ttc': 1.0, 'c': 1.0, 'pdms': 1.0}, 5.0: {'nc': 1.0, 'dac': 1.0, 'ttc': 1.0, 'c': 1.0, 'pdms': 1.0}, 5.25: {'nc': 1.0, 'dac': 1.0, 'ttc': 1.0, 'c': 1.0, 'pdms': 1.0}, 5.5: {'nc': 1.0, 'dac': 1.0, 'ttc': 1.0, 'c': 1.0, 'pdms': 1.0}, 5.75: {'nc': 1.0, 'dac': 1.0, 'ttc': 1.0, 'c': 1.0, 'pdms': 1.0}, 6.0: {'nc': 1.0, 'dac': 1.0, 'ttc': 1.0, 'c': 1.0, 'pdms': 1.0}, 6.25: {'nc': 1.0, 'dac': 1.0, 'ttc': 1.0, 'c': 1.0, 'pdms': 1.0}, 6.5: {'nc': 1.0, 'dac': 1.0, 'ttc': 1.0, 'c': 1.0, 'pdms': 1.0}, 6.75: {'nc': 1.0, 'dac': 1.0, 'ttc': 1.0, 'c': 0.0, 'pdms': 0.7142857142857143}, 7.0: {'nc': 1.0, 'dac': 1.0, 'ttc': 1.0, 'c': 0.0, 'pdms': 0.7142857142857143}, 7.25: {'nc': 1.0, 'dac': 1.0, 'ttc': 1.0, 'c': 0.0, 'pdms': 0.7142857142857143}, 7.5: {'nc': 1.0, 'dac': 1.0, 'ttc': 1.0, 'c': 0.0, 'pdms': 0.7142857142857143}, 7.75: {'nc': 1.0, 'dac': 1.0, 'ttc': 1.0, 'c': 1.0, 'pdms': 1.0}, 8.0: {'nc': 1.0, 'dac': 1.0, 'ttc': 1.0, 'c': 1.0, 'pdms': 1.0}, 8.25: {'nc': 1.0, 'dac': 1.0, 'ttc': 1.0, 'c': 1.0, 'pdms': 1.0}, 8.5: {'nc': 1.0, 'dac': 1.0, 'ttc': 1.0, 'c': 1.0, 'pdms': 1.0}, 8.75: {'nc': 1.0, 'dac': 1.0, 'ttc': 1.0, 'c': 1.0, 'pdms': 1.0}, 9.0: {'nc': 1.0, 'dac': 1.0, 'ttc': 1.0, 'c': 1.0, 'pdms': 1.0}, 9.25: {'nc': 1.0, 'dac': 1.0, 'ttc': 1.0, 'c': 1.0, 'pdms': 1.0}, 9.5: {'nc': 1.0, 'dac': 1.0, 'ttc': 1.0, 'c': 1.0, 'pdms': 1.0}, 9.75: {'nc': 1.0, 'dac': 1.0, 'ttc': 1.0, 'c': 0.0, 'pdms': 0.7142857142857143}, 10.0: {'nc': 1.0, 'dac': 1.0, 'ttc': 1.0, 'c': 0.0, 'pdms': 0.7142857142857143}, 10.25: {'nc': 1.0, 'dac': 1.0, 'ttc': 1.0, 'c': 0.0, 'pdms': 0.7142857142857143}, 10.5: {'nc': 1.0, 'dac': 1.0, 'ttc': 1.0, 'c': 0.0, 'pdms': 0.7142857142857143}, 10.75: {'nc': 1.0, 'dac': 1.0, 'ttc': 1.0, 'c': 1.0, 'pdms': 1.0}, 11.0: {'nc': 1.0, 'dac': 1.0, 'ttc': 1.0, 'c': 1.0, 'pdms': 1.0}, 11.25: {'nc': 1.0, 'dac': 1.0, 'ttc': 1.0, 'c': 0.0, 'pdms': 0.7142857142857143}, 11.5: {'nc': 1.0, 'dac': 1.0, 'ttc': 1.0, 'c': 0.0, 'pdms': 0.7142857142857143}, 11.75: {'nc': 1.0, 'dac': 1.0, 'ttc': 1.0, 'c': 0.0, 'pdms': 0.7142857142857143}, 12.0: {'nc': 1.0, 'dac': 1.0, 'ttc': 1.0, 'c': 0.0, 'pdms': 0.7142857142857143}, 12.25: {'nc': 1.0, 'dac': 1.0, 'ttc': 1.0, 'c': 1.0, 'pdms': 1.0}, 12.5: {'nc': 1.0, 'dac': 1.0, 'ttc': 0.0, 'c': 0.0, 'pdms': 0.0}, 12.75: {'nc': 1.0, 'dac': 1.0, 'ttc': 0.0, 'c': 0.0, 'pdms': 0.0}, 13.0: {'nc': 1.0, 'dac': 1.0, 'ttc': 0.0, 'c': 0.0, 'pdms': 0.0}, 13.25: {'nc': 1.0, 'dac': 1.0, 'ttc': 0.0, 'c': 0.0, 'pdms': 0.0}, 13.5: {'nc': 0.0, 'dac': 1.0, 'ttc': 0.0, 'c': 0.0, 'pdms': 0.0}, 13.75: {'nc': 0.0, 'dac': 1.0, 'ttc': 0.0, 'c': 0.0, 'pdms': 0.0}, 14.0: {'nc': 0.0, 'dac': 1.0, 'ttc': 0.0, 'c': 1.0, 'pdms': 0.0}, 14.25: {'nc': 0.0, 'dac': 1.0, 'ttc': 0.0, 'c': 1.0, 'pdms': 0.0}, 14.5: {'nc': 1.0, 'dac': 1.0, 'ttc': 1.0, 'c': 1.0, 'pdms': 1.0}, 14.75: {'nc': 1.0, 'dac': 1.0, 'ttc': 1.0, 'c': 1.0, 'pdms': 1.0}, 15.0: {'nc': 1.0, 'dac': 1.0, 'ttc': 1.0, 'c': 1.0, 'pdms': 1.0}, 15.25: {'nc': 1.0, 'dac': 1.0, 'ttc': 1.0, 'c': 1.0, 'pdms': 1.0}, 15.5: {'nc': 1.0, 'dac': 1.0, 'ttc': 1.0, 'c': 1.0, 'pdms': 1.0}, 15.75: {'nc': 0.0, 'dac': 1.0, 'ttc': 0.0, 'c': 0.0, 'pdms': 0.0}, 16.0: {'nc': 1.0, 'dac': 1.0, 'ttc': 0.0, 'c': 0.0, 'pdms': 0.0}, 16.25: {'nc': 0.0, 'dac': 1.0, 'ttc': 0.0, 'c': 0.0, 'pdms': 0.0}, 16.5: {'nc': 0.0, 'dac': 1.0, 'ttc': 0.0, 'c': 0.0, 'pdms': 0.0}, 16.75: {'nc': 0.0, 'dac': 1.0, 'ttc': 0.0, 'c': 0.0, 'pdms': 0.0}, 17.0: {'nc': 0.0, 'dac': 1.0, 'ttc': 0.0, 'c': 0.0, 'pdms': 0.0}, 17.25: {'nc': 0.0, 'dac': 1.0, 'ttc': 0.0, 'c': 1.0, 'pdms': 0.0}, 17.5: {'nc': 0.0, 'dac': 1.0, 'ttc': 0.0, 'c': 1.0, 'pdms': 0.0}, 17.75: {'nc': 0.0, 'dac': 1.0, 'ttc': 0.0, 'c': 0.0, 'pdms': 0.0}, 18.0: {'nc': 1.0, 'dac': 1.0, 'ttc': 1.0, 'c': 1.0, 'pdms': 1.0}, 18.25: {'nc': 1.0, 'dac': 1.0, 'ttc': 1.0, 'c': 1.0, 'pdms': 1.0}, 18.5: {'nc': 1.0, 'dac': 1.0, 'ttc': 1.0, 'c': 1.0, 'pdms': 1.0}, 18.75: {'nc': 1.0, 'dac': 1.0, 'ttc': 1.0, 'c': 1.0, 'pdms': 1.0}, 19.0: {'nc': 0.0, 'dac': 1.0, 'ttc': 0.0, 'c': 1.0, 'pdms': 0.0}, 19.25: {'nc': 0.0, 'dac': 1.0, 'ttc': 0.0, 'c': 1.0, 'pdms': 0.0}, 19.5: {'nc': 0.0, 'dac': 1.0, 'ttc': 0.0, 'c': 1.0, 'pdms': 0.0}, 19.75: {'nc': 0.0, 'dac': 1.0, 'ttc': 0.0, 'c': 1.0, 'pdms': 0.0}, 20.0: {'nc': 0.0, 'dac': 1.0, 'ttc': 0.0, 'c': 1.0, 'pdms': 0.0}, 20.25: {'nc': 0.0, 'dac': 1.0, 'ttc': 0.0, 'c': 1.0, 'pdms': 0.0}, 20.5: {'nc': 0.0, 'dac': 1.0, 'ttc': 0.0, 'c': 0.0, 'pdms': 0.0}, 20.75: {'nc': 0.0, 'dac': 1.0, 'ttc': 0.0, 'c': 1.0, 'pdms': 0.0}, 21.0: {'nc': 0.0, 'dac': 1.0, 'ttc': 0.0, 'c': 1.0, 'pdms': 0.0}, 21.25: {'nc': 1.0, 'dac': 1.0, 'ttc': 1.0, 'c': 1.0, 'pdms': 1.0}, 21.5: {'nc': 1.0, 'dac': 1.0, 'ttc': 1.0, 'c': 1.0, 'pdms': 1.0}, 21.75: {'nc': 1.0, 'dac': 1.0, 'ttc': 1.0, 'c': 1.0, 'pdms': 1.0}, 22.0: {'nc': 1.0, 'dac': 1.0, 'ttc': 1.0, 'c': 1.0, 'pdms': 1.0}, 22.25: {'nc': 1.0, 'dac': 1.0, 'ttc': 1.0, 'c': 1.0, 'pdms': 1.0}, 22.5: {'nc': 1.0, 'dac': 1.0, 'ttc': 1.0, 'c': 1.0, 'pdms': 1.0}, 22.75: {'nc': 1.0, 'dac': 1.0, 'ttc': 1.0, 'c': 1.0, 'pdms': 1.0}, 23.0: {'nc': 1.0, 'dac': 1.0, 'ttc': 1.0, 'c': 1.0, 'pdms': 1.0}, 23.25: {'nc': 0.0, 'dac': 1.0, 'ttc': 0.0, 'c': 1.0, 'pdms': 0.0}, 23.5: {'nc': 0.0, 'dac': 1.0, 'ttc': 0.0, 'c': 1.0, 'pdms': 0.0}, 23.75: {'nc': 0.0, 'dac': 1.0, 'ttc': 0.0, 'c': 1.0, 'pdms': 0.0}, 24.0: {'nc': 0.0, 'dac': 1.0, 'ttc': 0.0, 'c': 1.0, 'pdms': 0.0}, 24.25: {'nc': 0.0, 'dac': 1.0, 'ttc': 0.0, 'c': 1.0, 'pdms': 0.0}, 24.5: {'nc': 0.0, 'dac': 1.0, 'ttc': 0.0, 'c': 0.0, 'pdms': 0.0}, 24.75: {'nc': 0.0, 'dac': 1.0, 'ttc': 0.0, 'c': 1.0, 'pdms': 0.0}, 25.0: {'nc': 0.0, 'dac': 1.0, 'ttc': 0.0, 'c': 1.0, 'pdms': 0.0}, 25.25: {'nc': 0.0, 'dac': 1.0, 'ttc': 0.0, 'c': 1.0, 'pdms': 0.0}, 25.5: {'nc': 0.0, 'dac': 1.0, 'ttc': 0.0, 'c': 1.0, 'pdms': 0.0}, 25.75: {'nc': 0.0, 'dac': 1.0, 'ttc': 0.0, 'c': 1.0, 'pdms': 0.0}}).
=============================Results=============================
'nc': 0.6893203883495146
'dac': 1.0
'ttc': 0.6407766990291263
'c': 0.7378640776699029
'pdms': 0.60748959778086
'rc': 0.7118996769070697
'hdscore': 0.43247164838459995
The AD algorithm is still running, remaining tolerant 100.
The AD algorithm is still running, remaining tolerant 95.
The AD algorithm is still running, remaining tolerant 90.
The AD algorithm is still running, remaining tolerant 85.
The AD algorithm is still running, remaining tolerant 80.
The AD algorithm is still running, remaining tolerant 75.
The AD algorithm completed with return code 0.
+ rc=0
+ echo 'I107_SLOT_RC=0 i106_s06_iter48_easy_medium_long_lead_fire_cpa_only_scene_0166_medium_01_r2 scene-0166-medium-01 on a1'
I107_SLOT_RC=0 i106_s06_iter48_easy_medium_long_lead_fire_cpa_only_scene_0166_medium_01_r2 scene-0166-medium-01 on a1
+ docker rm -f hugsim_uniad_client
++ python3 -c '
import json, math
try:
    v = json.load(open('\''/datasets/nuscenes-full/hugsim/outputs/nusc_uniad/scene-0166_medium_01/eval.json'\'')).get('\''hdscore'\'')
    print(v if isinstance(v, (int, float)) and math.isfinite(v) else '\''INVALID'\'')
except Exception:
    print('\''MISSING'\'')
'
+ hd=0.43247164838459995
++ python3 -c '
import json
try:
    data = json.load(open('\''/datasets/nuscenes-full/hugsim/outputs/nusc_uniad/scene-0166_medium_01/eval.json'\''))
    print(1 if '\''collision_provenance'\'' in data else 0)
except Exception:
    print(0)
'
+ provenance=1
++ grep -c sent /datasets/nuscenes-full/hugsim/outputs/nusc_uniad/scene-0166_medium_01/output.txt
+ steps=103
+ '[' -n 103 ']'
++ grep -c 'SENTINEL_I48_UNION_PATCH_LOADED enabled=1' /datasets/nuscenes-full/hugsim/outputs/nusc_uniad/scene-0166_medium_01/output.txt
+ marker=1
+ '[' -n 1 ']'
+ decisions=0
+ '[' -s /datasets/nuscenes-full/hugsim/outputs/nusc_uniad/scene-0166_medium_01/sentinel_iter48_decisions.jsonl ']'
++ grep -c 'SENTINEL_I48_DECISION frame=' /datasets/nuscenes-full/hugsim/outputs/nusc_uniad/scene-0166_medium_01/output.txt
+ '[' 103 -gt 0 ']'
+ decisions=1
+ '[' 0 = 0 ']'
+ '[' 0.43247164838459995 '!=' MISSING ']'
+ '[' 0.43247164838459995 '!=' INVALID ']'
+ '[' 1 = 1 ']'
+ '[' 103 -gt 0 ']'
+ '[' 1 -gt 0 ']'
+ '[' 1 = 1 ']'
+ rm -rf /datasets/nuscenes-full/hugsim/iter107_runs/i106_s06_iter48_easy_medium_long_lead_fire_cpa_only_scene_0166_medium_01_r2__scene-0166-medium-01__on
+ mkdir -p /datasets/nuscenes-full/hugsim/iter107_runs/i106_s06_iter48_easy_medium_long_lead_fire_cpa_only_scene_0166_medium_01_r2__scene-0166-medium-01__on
+ find /datasets/nuscenes-full/hugsim/outputs/nusc_uniad/scene-0166_medium_01 -type p -delete
+ mv /datasets/nuscenes-full/hugsim/outputs/nusc_uniad/scene-0166_medium_01/data.pkl /datasets/nuscenes-full/hugsim/outputs/nusc_uniad/scene-0166_medium_01/eval.json /datasets/nuscenes-full/hugsim/outputs/nusc_uniad/scene-0166_medium_01/ground.ply /datasets/nuscenes-full/hugsim/outputs/nusc_uniad/scene-0166_medium_01/infos.pkl /datasets/nuscenes-full/hugsim/outputs/nusc_uniad/scene-0166_medium_01/output.txt /datasets/nuscenes-full/hugsim/outputs/nusc_uniad/scene-0166_medium_01/scene.ply /datasets/nuscenes-full/hugsim/outputs/nusc_uniad/scene-0166_medium_01/sentinel_iter48_decisions.jsonl /datasets/nuscenes-full/hugsim/outputs/nusc_uniad/scene-0166_medium_01/uniad /datasets/nuscenes-full/hugsim/outputs/nusc_uniad/scene-0166_medium_01/video.mp4 /datasets/nuscenes-full/hugsim/iter107_runs/i106_s06_iter48_easy_medium_long_lead_fire_cpa_only_scene_0166_medium_01_r2__scene-0166-medium-01__on/
+ rmdir /datasets/nuscenes-full/hugsim/outputs/nusc_uniad/scene-0166_medium_01
++ date -u +%s
+ printf '{"slot_id":"%s","scenario":"%s","arm":"on","attempt":%s,"rc":%s,"hdscore":%s,"steps":%s,"start_epoch":%s,"end_epoch":%s}\n' i106_s06_iter48_easy_medium_long_lead_fire_cpa_only_scene_0166_medium_01_r2 scene-0166-medium-01 1 0 0.43247164838459995 103 1784012530 1784012894
+ echo 'I107_SLOT_DONE i106_s06_iter48_easy_medium_long_lead_fire_cpa_only_scene_0166_medium_01_r2 scene-0166-medium-01 on ok hd=0.43247164838459995 steps=103'
I107_SLOT_DONE i106_s06_iter48_easy_medium_long_lead_fire_cpa_only_scene_0166_medium_01_r2 scene-0166-medium-01 on ok hd=0.43247164838459995 steps=103
+ return 0
+ IFS='	'
+ read -r slot_id scenario _scenario_sha
+ run_one i106_s07_iter49_hard_extreme_long_lead_fire_cpa_only_scene_0064_hard_00_r1 scene-0064-hard-00
+ local slot_id=i106_s07_iter49_hard_extreme_long_lead_fire_cpa_only_scene_0064_hard_00_r1 scenario=scene-0064-hard-00
+ local scene=scene-0064
+ local mode_dashed=hard-00
+ local mode=hard_00
+ local out_dir=/datasets/nuscenes-full/hugsim/outputs/nusc_uniad/scene-0064_hard_00
+ local dest=/datasets/nuscenes-full/hugsim/iter107_runs/i106_s07_iter49_hard_extreme_long_lead_fire_cpa_only_scene_0064_hard_00_r1__scene-0064-hard-00__on
+ '[' -f /datasets/nuscenes-full/hugsim/iter107_runs/i106_s07_iter49_hard_extreme_long_lead_fire_cpa_only_scene_0064_hard_00_r1__scene-0064-hard-00__on/episode_meta.json ']'
+ prep_scene scene-0064
+ local scene=scene-0064
+ '[' '!' -d /datasets/nuscenes-full/hugsim/extracted/scenes/nuscenes/scene-0064 ']'
+ local cfg=/datasets/nuscenes-full/hugsim/extracted/scenes/nuscenes/scene-0064/cfg.yaml
+ '[' '!' -f /datasets/nuscenes-full/hugsim/extracted/scenes/nuscenes/scene-0064/cfg.yaml ']'
+ '[' -f /datasets/nuscenes-full/hugsim/extracted/scenes/nuscenes/scene-0064/cfg.yaml.orig ']'
+ python3 - /datasets/nuscenes-full/hugsim/extracted/scenes/nuscenes/scene-0064/cfg.yaml /datasets/nuscenes-full/hugsim/extracted/scenes/nuscenes/scene-0064
+ local attempt rc steps hd marker decisions provenance
+ for attempt in 1 2
+ disk_guard
+ local avail
++ df --output=avail -BG /datasets/nuscenes-full
++ tail -1
++ tr -dc 0-9
+ avail=116
+ '[' 116 -lt 20 ']'
++ date -u
+ echo 'I107_SLOT_START i106_s07_iter49_hard_extreme_long_lead_fire_cpa_only_scene_0064_hard_00_r1 scene-0064-hard-00 on a1 Tue Jul 14 07:08:14 UTC 2026'
I107_SLOT_START i106_s07_iter49_hard_extreme_long_lead_fire_cpa_only_scene_0064_hard_00_r1 scene-0064-hard-00 on a1 Tue Jul 14 07:08:14 UTC 2026
+ local t0
++ date -u +%s
+ t0=1784012894
+ docker rm -f hugsim_uniad_client
+ rm -rf /datasets/nuscenes-full/hugsim/outputs/nusc_uniad/scene-0064_hard_00
+ cd /opt/sentinel-stack/HUGSIM
+ SENTINEL_ENABLED=1
+ timeout 1200 pixi run python -u closed_loop.py --scenario_path /datasets/nuscenes-full/hugsim/extracted/scenarios/nuscenes/scene-0064-hard-00.yaml --base_path configs/sim/nuscenes_base.yaml --camera_path configs/sim/nuscenes_camera.yaml --kinematic_path configs/sim/kinematic.yaml --ad uniad --ad_cuda 0
/datasets/nuscenes-full/hugsim/outputs/nusc_uniad/scene-0064_hard_00/output.txt
/opt/sentinel-stack/UniAD_SIM/tools/e2e.sh 0 /datasets/nuscenes-full/hugsim/outputs/nusc_uniad/scene-0064_hard_00
Ready for simulation
ego pose [0.0, 2.5479643102357533e-37, 0.0]
ego pose [0.0, 0.007530851150400777, 0.4119062969890905]
ego pose [0.005231280515083641, 0.021002946398176563, 0.9896181715219479]
ego pose [0.02939886366631094, 0.033527210040871655, 1.6617858835934083]
ego pose [0.07591605279396949, 0.04389527751970462, 2.2928615680927957]
ego pose [0.1288883398330879, 0.057888401315759695, 2.9123961310634967]
ego pose [0.17361338529006504, 0.0723814696428894, 3.517641190282122]
ego pose [0.20069573623212986, 0.08354413729914893, 4.126366850918217]
ego pose [0.20486703918304577, 0.09606464424999613, 4.717245740858404]
ego pose [0.1946531124759182, 0.11272937153915526, 5.30713799940548]
ego pose [0.18278391654207146, 0.132642064784059, 5.9096443291533]
ego pose [0.18293067985851233, 0.1531480393942286, 6.521091353686577]
ego pose [0.20898356663626141, 0.17449906072337293, 7.118536581981222]
ego pose [0.25341505667336545, 0.19753350354415597, 7.731693720733435]
ego pose [0.31710459502478167, 0.21785827038863337, 8.39010225767127]
ego pose [0.3859849747664519, 0.228638681422484, 9.092416642886757]
ego pose [0.4383526878855153, 0.25125636613375707, 9.8087712408166]
ego pose [0.45222323113318125, 0.25448396110071964, 10.48362493547092]
ego pose [0.44700111894694566, 0.28148393377278774, 11.117949223162048]
ego pose [0.4299978322701, 0.27171152686208017, 11.770294960089291]
ego pose [0.4116493203748449, 0.2865361665735594, 12.404907980844204]
ego pose [0.39504311148076227, 0.30195797053694357, 13.000054493198046]
ego pose [0.3922202372960043, 0.3254679492250036, 13.58642283603956]
ego pose [0.41393138814374303, 0.3549498875361216, 14.126465277452665]
ego pose [0.453229386122726, 0.37949117579782277, 14.648940458464486]
ego pose [0.501757890497218, 0.3959406400550525, 15.167657020731339]
ego pose [0.5579123978289675, 0.4092052334199309, 15.714769260823912]
ego pose [0.612478452245176, 0.42183801578579694, 16.310174005981064]
ego pose [0.6473702277789497, 0.4368151785845627, 16.920046462341702]
ego pose [0.6541847903487272, 0.45346930844636135, 17.56498849384325]
ego pose [0.615487215279311, 0.4798852153663767, 18.16758591598366]
ego pose [0.5487901116132473, 0.504613332882552, 18.769612196762132]
ego pose [0.46671599197386554, 0.522070829174422, 19.379837424079223]
ego pose [0.38309517579617225, 0.5382035085692483, 19.99756702947336]
ego pose [0.3335340901409948, 0.5387933569593555, 20.43060382516632]
ego pose [0.30479360268867456, 0.5505821666974184, 20.717422463066857]
ego pose [0.28754499547925827, 0.5652364112154906, 20.90728027263007]
ego pose [0.2769059895691476, 0.5685276659557018, 21.032912267479226]
ego pose [0.27020593713623975, 0.5711552555173846, 21.116026615098836]
ego pose [0.26592187121143496, 0.5733276845949121, 21.171005384117812]
ego pose [0.24843115570078328, 0.580914530729857, 21.400711563403885]
ego pose [0.23835190923241492, 0.585999778047939, 21.55259693295316]
ego pose [0.23233702935608375, 0.587444130572177, 21.65299375266397]
ego pose [0.22864432441084778, 0.5882928635161722, 21.71934460534547]
ego pose [0.22632724555730258, 0.589041343569883, 21.76319270664104]
ego pose [0.21454377438891606, 0.5920319752429821, 21.994301781597557]
ego pose [0.20834281385418035, 0.5939678770016081, 22.147036852981678]
ego pose [0.2049368079556216, 0.5956004070975492, 22.247953190686665]
ego pose [0.20298810652477425, 0.5965555731678109, 22.314619292869867]
ego pose [0.20183227700455675, 0.5975300812753881, 22.358656743997578]
ego pose [0.20112610323427857, 0.597924854424536, 22.387746353323344]
ego pose [0.1965177049284168, 0.601281719528414, 22.588336085382814]
ego pose [0.19167544880393947, 0.6047707739229427, 22.885467857785912]
ego pose [0.1879046065386273, 0.6089478579135289, 23.229969571309137]
ego pose [0.18404183106112385, 0.6152402382864238, 23.59139196388172]
ego pose [0.17766999927682353, 0.6221112512826334, 23.971694894253027]
ego pose [0.16687212732893614, 0.6268870266111084, 24.37045714242229]
ego pose [0.1498490556183183, 0.6337249091194787, 24.794627352695244]
ego pose [0.12480894653640437, 0.6420332434800332, 25.260089839272666]
ego pose [0.09076446700277652, 0.6530975665129759, 25.78863180117169]
ego pose [0.05209354655523761, 0.6662728356889782, 26.36755388631571]
ego pose [-0.0009138092540358911, 0.6852653195027075, 26.98643558689905]
ego pose [-0.05839784992625316, 0.6978874269036921, 27.633699951977096]
ego pose [-0.10615781446516578, 0.7183668701552748, 28.337662792767098]
ego pose [-0.13117820362814323, 0.7356257387866175, 29.07434063565655]
ego pose [-0.1274653906032318, 0.7686001648797997, 29.834590982694575]
ego pose [-0.11516369193055168, 0.7909724344565754, 30.579179194617566]
ego pose [-0.11084402369238447, 0.8081244920309507, 31.281954233885436]
ego pose [-0.1255027245427787, 0.8161839452981808, 31.928876146266276]
ego pose [-0.16714160077029624, 0.8282987981971596, 32.559499338668125]
ego pose [-0.22565643054446877, 0.8405754531754236, 33.20864125709242]
ego pose [-0.3008583756729939, 0.8520587705442743, 33.83609888215235]
ego pose [-0.38047496521504387, 0.8640473490794387, 34.47368513516625]
ego pose [-0.47249418419289785, 0.878341026392101, 35.14840022068824]
ego pose [-0.5859840980056419, 0.8945213366322343, 35.8606367133887]
ego pose [-0.7067158318040626, 0.9132621649303059, 36.633116539186375]
ego pose [-0.8054478916210501, 0.9339221070624041, 37.43361771389009]
ego pose [-0.8545395111553392, 0.9519962107439432, 38.211104087863156]
ego pose [-0.8535443465993968, 0.9690799604922027, 38.942464063767545]
ego pose [-0.8256074904214358, 0.9841330079750283, 39.596635537064046]
ego pose [-0.7870050034963969, 1.0067144710314315, 40.23306149128035]
ego pose [-0.7533862117487684, 1.0166151055993489, 40.850843853133505]
ego pose [-0.736731484386913, 1.0296379186287672, 41.43440074420363]
ego pose [-0.7434759145637461, 1.0415298728757465, 41.98911751885525]
ego pose [-0.7761336930520571, 1.053612465546038, 42.513523271857395]
ego pose [-0.8392835854728098, 1.065761399243927, 43.041056912362414]
ego pose [-0.939567165542941, 1.0787272357430127, 43.6078877930935]
ego pose [-1.0705109104309727, 1.0956772930697924, 44.21254705843244]
ego pose [-1.2304274979145529, 1.114643590518754, 44.89257160935343]
ego pose [-1.3982930062518477, 1.131240134800213, 45.62587197501516]
ego pose [-1.5053010027689024, 1.1379215266221878, 46.18041053711153]
ego pose [-1.5677629774150144, 1.144881190094152, 46.55247263259473]
ego pose [-1.60507848730037, 1.1496082199883257, 46.79892460125431]
ego pose [-1.628010250335712, 1.1536790079432258, 46.9620122254798]
ego pose [-1.642409576345822, 1.1558723396589317, 47.069871504891076]
ego pose [-1.6802664197880544, 1.1642042996746842, 47.36375949044052]
ego pose [-1.727647678075492, 1.1730662206664937, 47.7765069934386]
ego pose [-1.7751064485368224, 1.180190235304244, 48.293605471221234]
ego pose [-1.8105607416469038, 1.188288066243313, 48.86429537951242]
ego pose [-1.831292905911943, 1.1948490246546803, 49.48307777170799]
ego pose [-1.8470642100874473, 1.2017041089422509, 50.10445373467497]
ego pose [-1.8691217233334816, 1.2122716175195396, 50.710449565294084]
ego pose [-1.9063228237907568, 1.2285547063352906, 51.30570881269003]
ego pose [-1.955066842438719, 1.2475243503044005, 51.92783702745192]
ego pose [-2.0260730495315453, 1.2664601386634617, 52.57886893463459]
ego pose [-2.1078593138899064, 1.2848658206291623, 53.26733073422731]
ego pose [-2.187181804259312, 1.3048976321436356, 53.99374784824079]
ego pose [-2.2327725265996095, 1.3189019532867279, 54.53506654389363]
ego pose [-2.2566684319528827, 1.3279473735080276, 54.89356344797746]
ego pose [-2.26975406045018, 1.3356597774356311, 55.13081716656189]
ego pose [-2.277222732071872, 1.3401022733184393, 55.287789220760104]
ego pose [-2.2918842939277644, 1.3479678244465891, 55.632126856634464]
ego pose [-2.3055891718617323, 1.3586703373550397, 56.12477787431488]
ego pose [-2.307187071039387, 1.3708750274238595, 56.63599117778808]
ego pose [-2.305427564467118, 1.3863717580731765, 57.154305277094856]
ego pose [-2.3101891896612905, 1.4013575652224586, 57.6711824760444]
ego pose [-2.329557337009651, 1.4168782219381948, 58.18642336095811]
ego pose [-2.372087499294923, 1.433342980801427, 58.7365573510661]
ego pose [-2.4301372033747057, 1.4501377386521748, 59.31390893704053]
ego pose [-2.497817504232023, 1.466465290113899, 59.92214437812477]
ego pose [-2.5681959389210203, 1.4841075705459472, 60.55288502705064]
ego pose [-2.6340568425529725, 1.5045864219005995, 61.19673108166194]
ego pose [-2.691799859237007, 1.5227431934731395, 61.86091610814327]
ego pose [-2.7206965097427283, 1.5387665568893931, 62.48853139489414]
ego pose [-2.7302741598500986, 1.5504389524557198, 62.929207490981746]
ego pose [-2.7317579909972416, 1.558013975200695, 63.22058006118596]
ego pose [-2.7306307023565357, 1.5643368408692373, 63.41318656760413]
ego pose [-2.7289660897568253, 1.5674426440825187, 63.54049954875973]
ego pose [-2.7274642732221994, 1.569967691777082, 63.62465331600688]
ego pose [-2.726296175856462, 1.5721085988914936, 63.68027851137414]
ego pose [-2.7254473995812654, 1.5726167312473986, 63.717047833516396]
ego pose [-2.719962786887571, 1.5797342860020396, 63.94125987934873]
ego pose [-2.7101900868913007, 1.5905749581228297, 64.33974851671076]
ego pose [-2.705048197917891, 1.6060059763810703, 64.86338403471575]
ego pose [-2.7222787697776187, 1.6233935584004182, 65.45041307467503]
ego pose [-2.7753389797124752, 1.640230945681462, 65.99884760818944]
ego pose [-2.86422701715038, 1.651439675219657, 66.54118331336682]
ego pose [-2.9874366267042, 1.65966242320743, 67.12951240735548]
ego pose [-3.1412483953167465, 1.6719709530790832, 67.78153524342565]
ego pose [-3.2971711451930745, 1.689547110544093, 68.43322037066491]
ego pose [-3.441155401939933, 1.707643794792254, 69.09844730331436]
ego pose [-3.5528701169593693, 1.7284694529779265, 69.76764717900417]
ego pose [-3.6148384385599486, 1.747348815940527, 70.44524873842596]
ego pose [-3.607647245715715, 1.7682315620875686, 71.06725781630459]
ego pose [-3.564915387673732, 1.7848807218966782, 71.60292917327035]
ego pose [-3.5049393991391677, 1.7969852151606878, 72.11189324103822]
ego pose [-3.435600836346359, 1.8125619419595438, 72.62663702040958]
ego pose [-3.3614810228039, 1.831649379411139, 73.14719708698179]
ego pose [-3.284262006427045, 1.8522923719323814, 73.68094017804704]
ego pose [-3.209941828134469, 1.8772043454073093, 74.19923736035283]
ego pose [-3.1418113900002465, 1.8971382146796438, 74.70478255260593]
ego pose [-3.0839793430197604, 1.9199322341470475, 75.18283551324681]
ego pose [-3.037783468178091, 1.9389080646560417, 75.63564086338681]
Collision with background
MoviePy - Building video /datasets/nuscenes-full/hugsim/outputs/nusc_uniad/scene-0064_hard_00/video.mp4.
MoviePy - Writing video /datasets/nuscenes-full/hugsim/outputs/nusc_uniad/scene-0064_hard_00/video.mp4

frame_index:   0%|          | 0/153 [00:00<?, ?it/s, now=None]frame_index:   7%|▋         | 10/153 [00:00<00:01, 96.10it/s, now=None]frame_index:  14%|█▍        | 22/153 [00:00<00:01, 105.15it/s, now=None]frame_index:  22%|██▏       | 33/153 [00:00<00:01, 104.71it/s, now=None]frame_index:  32%|███▏      | 49/153 [00:00<00:00, 123.95it/s, now=None]frame_index:  41%|████      | 62/153 [00:00<00:00, 125.23it/s, now=None]frame_index:  49%|████▉     | 75/153 [00:01<00:01, 40.92it/s, now=None] frame_index:  55%|█████▍    | 84/153 [00:01<00:01, 38.55it/s, now=None]frame_index:  60%|██████    | 92/153 [00:02<00:03, 16.78it/s, now=None]frame_index:  63%|██████▎   | 97/153 [00:03<00:03, 15.88it/s, now=None]frame_index:  66%|██████▌   | 101/153 [00:03<00:03, 15.66it/s, now=None]frame_index:  69%|██████▊   | 105/153 [00:04<00:03, 12.75it/s, now=None]frame_index:  71%|███████   | 108/153 [00:04<00:04, 10.23it/s, now=None]frame_index:  72%|███████▏  | 110/153 [00:04<00:04,  9.63it/s, now=None]frame_index:  73%|███████▎  | 112/153 [00:05<00:04, 10.20it/s, now=None]frame_index:  75%|███████▍  | 114/153 [00:05<00:04,  8.84it/s, now=None]frame_index:  76%|███████▌  | 116/153 [00:05<00:03,  9.85it/s, now=None]frame_index:  77%|███████▋  | 118/153 [00:05<00:03,  8.81it/s, now=None]frame_index:  78%|███████▊  | 120/153 [00:05<00:03,  9.89it/s, now=None]frame_index:  80%|███████▉  | 122/153 [00:06<00:02, 10.71it/s, now=None]frame_index:  82%|████████▏ | 126/153 [00:06<00:01, 14.19it/s, now=None]frame_index:  84%|████████▍ | 129/153 [00:06<00:02, 11.01it/s, now=None]frame_index:  86%|████████▌ | 131/153 [00:06<00:01, 12.06it/s, now=None]frame_index:  88%|████████▊ | 134/153 [00:06<00:01, 14.72it/s, now=None]frame_index:  89%|████████▉ | 136/153 [00:07<00:01, 15.68it/s, now=None]frame_index:  90%|█████████ | 138/153 [00:07<00:01,  9.69it/s, now=None]frame_index:  92%|█████████▏| 141/153 [00:07<00:01, 10.70it/s, now=None]frame_index:  93%|█████████▎| 143/153 [00:07<00:01,  9.38it/s, now=None]frame_index:  95%|█████████▌| 146/153 [00:08<00:00, 11.85it/s, now=None]frame_index:  97%|█████████▋| 148/153 [00:08<00:00, 12.62it/s, now=None]frame_index:  98%|█████████▊| 150/153 [00:08<00:00, 13.17it/s, now=None]frame_index: 100%|██████████| 153/153 [00:08<00:00, 12.88it/s, now=None]                                                                        MoviePy - Done !
MoviePy - video ready /datasets/nuscenes-full/hugsim/outputs/nusc_uniad/scene-0064_hard_00/video.mp4
this pkl file contains 1 experiment records.
current exp has 153 frames
frame 0 / 153
comfortable: [True, True, True, True, True, True]
frame 1 / 153
comfortable: [True, True, True, True, True, True]
frame 2 / 153
comfortable: [True, True, True, True, True, True]
frame 3 / 153
comfortable: [True, True, True, True, True, True]
frame 4 / 153
comfortable: [True, True, True, True, True, True]
frame 5 / 153
comfortable: [True, True, True, True, True, True]
frame 6 / 153
comfortable: [True, True, True, True, True, True]
frame 7 / 153
comfortable: [True, True, True, True, True, True]
frame 8 / 153
comfortable: [True, True, True, True, True, True]
frame 9 / 153
comfortable: [True, True, True, True, True, True]
frame 10 / 153
comfortable: [True, True, True, True, True, True]
frame 11 / 153
comfortable: [True, True, True, True, True, True]
frame 12 / 153
comfortable: [True, True, True, True, True, True]
frame 13 / 153
comfortable: [True, True, True, True, True, True]
frame 14 / 153
comfortable: [True, True, True, True, True, True]
frame 15 / 153
comfortable: [True, True, True, True, True, True]
frame 16 / 153
comfortable: [True, True, True, True, True, True]
frame 17 / 153
comfortable: [True, True, True, True, True, True]
frame 18 / 153
comfortable: [True, True, True, True, True, True]
frame 19 / 153
comfortable: [True, True, True, True, True, True]
frame 20 / 153
comfortable: [True, True, True, True, True, True]
frame 21 / 153
comfortable: [True, True, True, True, True, True]
frame 22 / 153
comfortable: [True, True, True, True, True, True]
frame 23 / 153
comfortable: [True, True, True, True, True, True]
frame 24 / 153
comfortable: [True, True, True, True, True, True]
frame 25 / 153
comfortable: [True, True, True, True, True, True]
frame 26 / 153
comfortable: [True, True, True, True, True, True]
frame 27 / 153
comfortable: [True, True, True, True, True, True]
frame 28 / 153
comfortable: [True, True, True, True, True, True]
frame 29 / 153
comfortable: [True, True, True, True, True, True]
frame 30 / 153
comfortable: [True, True, True, True, True, True]
frame 31 / 153
comfortable: [True, True, True, True, True, True]
frame 32 / 153
comfortable: [True, True, True, True, True, True]
frame 33 / 153
comfortable: [True, True, True, True, True, True]
frame 34 / 153
comfortable: [True, True, True, True, True, True]
frame 35 / 153
comfortable: [True, True, True, True, True, True]
frame 36 / 153
comfortable: [True, True, True, True, True, True]
frame 37 / 153
comfortable: [True, True, True, True, True, True]
frame 38 / 153
comfortable: [True, True, True, True, True, True]
frame 39 / 153
comfortable: [True, True, True, True, True, True]
frame 40 / 153
comfortable: [True, True, True, True, True, True]
frame 41 / 153
comfortable: [True, True, True, True, True, True]
frame 42 / 153
comfortable: [True, True, True, True, True, True]
frame 43 / 153
comfortable: [True, True, True, True, True, True]
frame 44 / 153
comfortable: [True, True, True, True, True, True]
frame 45 / 153
comfortable: [True, True, True, True, True, True]
frame 46 / 153
comfortable: [True, True, True, True, True, True]
frame 47 / 153
comfortable: [True, True, True, True, True, True]
frame 48 / 153
comfortable: [True, True, True, True, True, True]
frame 49 / 153
comfortable: [True, True, True, True, True, True]
frame 50 / 153
comfortable: [True, True, True, True, True, True]
frame 51 / 153
comfortable: [True, True, True, True, True, True]
frame 52 / 153
comfortable: [True, True, True, True, True, True]
frame 53 / 153
comfortable: [True, True, True, True, True, True]
frame 54 / 153
comfortable: [True, True, True, True, True, True]
frame 55 / 153
comfortable: [True, True, True, True, True, True]
frame 56 / 153
comfortable: [True, True, True, True, True, True]
frame 57 / 153
comfortable: [True, True, True, True, True, True]
frame 58 / 153
comfortable: [True, True, True, True, True, True]
frame 59 / 153
comfortable: [True, True, True, True, True, True]
frame 60 / 153
comfortable: [True, True, True, True, True, True]
frame 61 / 153
collision with background detected! @ timestep3
 failed to pass ttc collision check, t=1
comfortable: [True, True, True, True, True, True]
frame 62 / 153
collision with background detected! @ timestep4
collision with background detected! @ timestep3
 failed to pass ttc collision check, t=0.5
comfortable: [True, True, True, True, True, True]
frame 63 / 153
collision with background detected! @ timestep3
collision with background detected! @ timestep2
 failed to pass ttc collision check, t=0.5
comfortable: [True, True, True, True, True, True]
frame 64 / 153
collision with background detected! @ timestep3
collision with background detected! @ timestep2
 failed to pass ttc collision check, t=0.5
comfortable: [True, True, True, True, True, True]
frame 65 / 153
collision with background detected! @ timestep2
collision with background detected! @ timestep2
 failed to pass ttc collision check, t=0.5
comfortable: [True, True, True, True, True, True]
frame 66 / 153
collision with background detected! @ timestep3
collision with background detected! @ timestep3
 failed to pass ttc collision check, t=0.5
comfortable: [True, True, True, True, True, True]
frame 67 / 153
comfortable: [True, True, True, True, True, True]
frame 68 / 153
collision with background detected! @ timestep2
comfortable: [True, True, True, True, True, True]
frame 69 / 153
comfortable: [True, True, True, True, True, True]
frame 70 / 153
comfortable: [True, True, True, True, True, True]
frame 71 / 153
comfortable: [True, True, True, True, True, True]
frame 72 / 153
comfortable: [True, True, True, True, True, True]
frame 73 / 153
comfortable: [True, True, True, True, True, True]
frame 74 / 153
collision with background detected! @ timestep5
 failed to pass ttc collision check, t=1
comfortable: [True, True, True, True, True, True]
frame 75 / 153
collision with background detected! @ timestep5
 failed to pass ttc collision check, t=1
comfortable: [True, True, True, True, True, True]
frame 76 / 153
collision with background detected! @ timestep4
 failed to pass ttc collision check, t=0.5
comfortable: [True, True, True, True, True, True]
frame 77 / 153
collision with background detected! @ timestep3
 failed to pass ttc collision check, t=1
comfortable: [True, True, True, True, True, True]
frame 78 / 153
collision with background detected! @ timestep3
 failed to pass ttc collision check, t=0.5
comfortable: [True, True, True, True, True, True]
frame 79 / 153
collision with background detected! @ timestep3
 failed to pass ttc collision check, t=0.5
comfortable: [True, True, True, True, True, True]
frame 80 / 153
collision with background detected! @ timestep3
 failed to pass ttc collision check, t=0.5
comfortable: [True, True, True, True, True, True]
frame 81 / 153
comfortable: [True, True, True, True, True, True]
frame 82 / 153
comfortable: [True, True, True, True, True, True]
frame 83 / 153
comfortable: [True, True, True, True, True, True]
frame 84 / 153
comfortable: [True, True, True, True, True, True]
frame 85 / 153
comfortable: [True, True, True, True, True, True]
frame 86 / 153
comfortable: [True, True, True, True, True, True]
frame 87 / 153
comfortable: [True, True, True, True, True, True]
frame 88 / 153
collision with background detected! @ timestep3
collision with background detected! @ timestep3
 failed to pass ttc collision check, t=0.5
comfortable: [True, True, True, True, True, True]
frame 89 / 153
comfortable: [True, True, True, True, True, True]
frame 90 / 153
comfortable: [True, True, True, True, True, True]
frame 91 / 153
comfortable: [True, True, True, True, True, True]
frame 92 / 153
comfortable: [True, True, True, True, True, True]
frame 93 / 153
comfortable: [True, True, True, True, True, True]
frame 94 / 153
collision with background detected! @ timestep2
collision with background detected! @ timestep1
 failed to pass ttc collision check, t=0.5
comfortable: [True, True, True, True, True, True]
frame 95 / 153
collision with background detected! @ timestep2
collision with background detected! @ timestep1
 failed to pass ttc collision check, t=0.5
comfortable: [True, True, True, True, True, True]
frame 96 / 153
collision with background detected! @ timestep1
collision with background detected! @ timestep0
 failed to pass ttc collision check, t=0.5
comfortable: [True, True, True, True, True, True]
frame 97 / 153
collision with background detected! @ timestep1
collision with background detected! @ timestep0
 failed to pass ttc collision check, t=0.5
comfortable: [True, True, True, True, True, True]
frame 98 / 153
collision with background detected! @ timestep0
collision with background detected! @ timestep0
 failed to pass ttc collision check, t=0.5
comfortable: [True, True, True, True, True, True]
frame 99 / 153
collision with background detected! @ timestep0
collision with background detected! @ timestep0
 failed to pass ttc collision check, t=0.5
comfortable: [True, True, True, True, True, True]
frame 100 / 153
collision with background detected! @ timestep0
collision with background detected! @ timestep0
 failed to pass ttc collision check, t=0.5
comfortable: [True, True, True, True, True, True]
frame 101 / 153
collision with background detected! @ timestep0
comfortable: [True, True, True, True, True, True]
frame 102 / 153
collision with background detected! @ timestep0
comfortable: [True, True, True, True, True, True]
frame 103 / 153
comfortable: [True, True, True, True, True, True]
frame 104 / 153
comfortable: [True, True, True, True, True, True]
frame 105 / 153
collision with background detected! @ timestep5
 failed to pass ttc collision check, t=1
comfortable: [True, True, True, True, True, True]
frame 106 / 153
comfortable: [True, True, True, True, True, True]
frame 107 / 153
comfortable: [True, True, True, True, True, True]
frame 108 / 153
comfortable: [True, True, True, True, True, True]
frame 109 / 153
comfortable: [True, True, True, True, True, True]
frame 110 / 153
collision with background detected! @ timestep5
 failed to pass ttc collision check, t=0.5
comfortable: [True, True, True, True, True, True]
frame 111 / 153
collision with background detected! @ timestep5
collision with background detected! @ timestep4
 failed to pass ttc collision check, t=0.5
comfortable: [True, True, True, True, True, True]
frame 112 / 153
comfortable: [True, True, True, True, True, True]
frame 113 / 153
collision with background detected! @ timestep5
 failed to pass ttc collision check, t=1
comfortable: [True, True, True, True, True, True]
frame 114 / 153
collision with background detected! @ timestep5
 failed to pass ttc collision check, t=1
comfortable: [True, True, True, True, True, True]
frame 115 / 153
collision with background detected! @ timestep3
 failed to pass ttc collision check, t=1
comfortable: [True, True, True, True, True, True]
frame 116 / 153
collision with background detected! @ timestep4
collision with background detected! @ timestep3
 failed to pass ttc collision check, t=0.5
comfortable: [True, True, True, True, True, True]
frame 117 / 153
collision with background detected! @ timestep3
collision with background detected! @ timestep2
 failed to pass ttc collision check, t=0.5
comfortable: [True, True, True, True, True, True]
frame 118 / 153
collision with background detected! @ timestep3
collision with background detected! @ timestep2
 failed to pass ttc collision check, t=0.5
comfortable: [True, True, True, True, True, True]
frame 119 / 153
collision with background detected! @ timestep3
collision with background detected! @ timestep2
 failed to pass ttc collision check, t=0.5
comfortable: [True, True, True, True, True, True]
frame 120 / 153
collision with background detected! @ timestep2
collision with background detected! @ timestep1
 failed to pass ttc collision check, t=0.5
comfortable: [True, True, True, True, True, True]
frame 121 / 153
collision with background detected! @ timestep1
collision with background detected! @ timestep0
 failed to pass ttc collision check, t=0.5
comfortable: [True, True, True, True, True, True]
frame 122 / 153
collision with background detected! @ timestep1
collision with background detected! @ timestep0
 failed to pass ttc collision check, t=0.5
comfortable: [True, True, True, True, True, True]
frame 123 / 153
comfortable: [True, True, True, True, True, True]
frame 124 / 153
collision with background detected! @ timestep0
collision with background detected! @ timestep0
 failed to pass ttc collision check, t=0.5
comfortable: [True, True, True, True, True, True]
frame 125 / 153
collision with background detected! @ timestep0
collision with background detected! @ timestep0
 failed to pass ttc collision check, t=0.5
comfortable: [True, True, True, True, True, True]
frame 126 / 153
collision with background detected! @ timestep0
collision with background detected! @ timestep0
 failed to pass ttc collision check, t=0.5
comfortable: [True, True, True, True, True, True]
frame 127 / 153
collision with background detected! @ timestep0
collision with background detected! @ timestep0
 failed to pass ttc collision check, t=0.5
comfortable: [True, True, True, True, True, True]
frame 128 / 153
collision with background detected! @ timestep0
collision with background detected! @ timestep0
 failed to pass ttc collision check, t=0.5
comfortable: [True, True, True, True, True, True]
frame 129 / 153
collision with background detected! @ timestep0
collision with background detected! @ timestep0
 failed to pass ttc collision check, t=0.5
comfortable: [True, True, True, True, True, True]
frame 130 / 153
collision with background detected! @ timestep0
collision with background detected! @ timestep0
 failed to pass ttc collision check, t=0.5
comfortable: [True, True, True, True, True, True]
frame 131 / 153
collision with background detected! @ timestep0
collision with background detected! @ timestep0
 failed to pass ttc collision check, t=0.5
comfortable: [True, True, True, True, True, True]
frame 132 / 153
collision with background detected! @ timestep0
collision with background detected! @ timestep0
 failed to pass ttc collision check, t=0.5
comfortable: [True, True, True, True, True, True]
frame 133 / 153
collision with background detected! @ timestep0
collision with background detected! @ timestep0
 failed to pass ttc collision check, t=0.5
comfortable: [True, True, True, True, True, True]
frame 134 / 153
collision with background detected! @ timestep0
collision with background detected! @ timestep0
 failed to pass ttc collision check, t=0.5
comfortable: [True, True, True, True, True, True]
frame 135 / 153
collision with background detected! @ timestep0
comfortable: [True, True, True, True, True, True]
frame 136 / 153
collision with background detected! @ timestep0
comfortable: [True, True, True, True, True, True]
frame 137 / 153
collision with background detected! @ timestep5
 failed to pass ttc collision check, t=1
comfortable: [True, True, True, True, True, True]
frame 138 / 153
comfortable: [True, True, True, True, True, True]
frame 139 / 153
comfortable: [True, True, True, True, True, True]
frame 140 / 153
collision with background detected! @ timestep5
 failed to pass ttc collision check, t=1
comfortable: [True, True, True, True, True, True]
frame 141 / 153
collision with background detected! @ timestep5
collision with background detected! @ timestep4
 failed to pass ttc collision check, t=0.5
comfortable: [True, True, True, True, True, True]
frame 142 / 153
collision with background detected! @ timestep5
collision with background detected! @ timestep5
 failed to pass ttc collision check, t=0.5
comfortable: [True, True, True, True, True, True]
frame 143 / 153
collision with background detected! @ timestep5
 failed to pass ttc collision check, t=1
comfortable: [True, True, True, True, True, True]
frame 144 / 153
collision with background detected! @ timestep5
collision with background detected! @ timestep4
 failed to pass ttc collision check, t=0.5
comfortable: [True, True, True, True, True, True]
frame 145 / 153
collision with background detected! @ timestep4
collision with background detected! @ timestep2
 failed to pass ttc collision check, t=0.5
comfortable: [True, True, True, True, False, True]
frame 146 / 153
collision with background detected! @ timestep3
collision with background detected! @ timestep2
 failed to pass ttc collision check, t=0.5
comfortable: [True, True, True, True, True, True]
frame 147 / 153
collision with background detected! @ timestep2
collision with background detected! @ timestep2
 failed to pass ttc collision check, t=0.5
comfortable: [True, True, True, True, True, True]
frame 148 / 153
collision with background detected! @ timestep2
collision with background detected! @ timestep2
 failed to pass ttc collision check, t=0.5
comfortable: [True, True, True, True, True, True]
frame 149 / 153
collision with background detected! @ timestep2
collision with background detected! @ timestep2
 failed to pass ttc collision check, t=0.5
comfortable: [True, True, True, True, True, True]
frame 150 / 153
collision with background detected! @ timestep1
collision with background detected! @ timestep0
 failed to pass ttc collision check, t=0.5
comfortable: [True, True, True, True, True, True]
frame 151 / 153
collision with background detected! @ timestep1
collision with background detected! @ timestep0
 failed to pass ttc collision check, t=0.5
comfortable: [True, True, True, True, True, True]
frame 152 / 153
collision with background detected! @ timestep0
collision with background detected! @ timestep0
 failed to pass ttc collision check, t=0.5
comfortable: [True, True, True, True, True, True]
The score of experiment is (0.6115779645191415, 0.896358543417367, 0.5481931334625358, {'nc': 0.6862745098039216, 'dac': 1.0, 'ttc': 0.6143790849673203, 'c': 0.9934640522875817, 'pdms': 0.6115779645191415}, {0.25: {'nc': 1.0, 'dac': 1.0, 'ttc': 1.0, 'c': 1.0, 'pdms': 1.0}, 0.5: {'nc': 1.0, 'dac': 1.0, 'ttc': 1.0, 'c': 1.0, 'pdms': 1.0}, 0.75: {'nc': 1.0, 'dac': 1.0, 'ttc': 1.0, 'c': 1.0, 'pdms': 1.0}, 1.0: {'nc': 1.0, 'dac': 1.0, 'ttc': 1.0, 'c': 1.0, 'pdms': 1.0}, 1.25: {'nc': 1.0, 'dac': 1.0, 'ttc': 1.0, 'c': 1.0, 'pdms': 1.0}, 1.5: {'nc': 1.0, 'dac': 1.0, 'ttc': 1.0, 'c': 1.0, 'pdms': 1.0}, 1.75: {'nc': 1.0, 'dac': 1.0, 'ttc': 1.0, 'c': 1.0, 'pdms': 1.0}, 2.0: {'nc': 1.0, 'dac': 1.0, 'ttc': 1.0, 'c': 1.0, 'pdms': 1.0}, 2.25: {'nc': 1.0, 'dac': 1.0, 'ttc': 1.0, 'c': 1.0, 'pdms': 1.0}, 2.5: {'nc': 1.0, 'dac': 1.0, 'ttc': 1.0, 'c': 1.0, 'pdms': 1.0}, 2.75: {'nc': 1.0, 'dac': 1.0, 'ttc': 1.0, 'c': 1.0, 'pdms': 1.0}, 3.0: {'nc': 1.0, 'dac': 1.0, 'ttc': 1.0, 'c': 1.0, 'pdms': 1.0}, 3.25: {'nc': 1.0, 'dac': 1.0, 'ttc': 1.0, 'c': 1.0, 'pdms': 1.0}, 3.5: {'nc': 1.0, 'dac': 1.0, 'ttc': 1.0, 'c': 1.0, 'pdms': 1.0}, 3.75: {'nc': 1.0, 'dac': 1.0, 'ttc': 1.0, 'c': 1.0, 'pdms': 1.0}, 4.0: {'nc': 1.0, 'dac': 1.0, 'ttc': 1.0, 'c': 1.0, 'pdms': 1.0}, 4.25: {'nc': 1.0, 'dac': 1.0, 'ttc': 1.0, 'c': 1.0, 'pdms': 1.0}, 4.5: {'nc': 1.0, 'dac': 1.0, 'ttc': 1.0, 'c': 1.0, 'pdms': 1.0}, 4.75: {'nc': 1.0, 'dac': 1.0, 'ttc': 1.0, 'c': 1.0, 'pdms': 1.0}, 5.0: {'nc': 1.0, 'dac': 1.0, 'ttc': 1.0, 'c': 1.0, 'pdms': 1.0}, 5.25: {'nc': 1.0, 'dac': 1.0, 'ttc': 1.0, 'c': 1.0, 'pdms': 1.0}, 5.5: {'nc': 1.0, 'dac': 1.0, 'ttc': 1.0, 'c': 1.0, 'pdms': 1.0}, 5.75: {'nc': 1.0, 'dac': 1.0, 'ttc': 1.0, 'c': 1.0, 'pdms': 1.0}, 6.0: {'nc': 1.0, 'dac': 1.0, 'ttc': 1.0, 'c': 1.0, 'pdms': 1.0}, 6.25: {'nc': 1.0, 'dac': 1.0, 'ttc': 1.0, 'c': 1.0, 'pdms': 1.0}, 6.5: {'nc': 1.0, 'dac': 1.0, 'ttc': 1.0, 'c': 1.0, 'pdms': 1.0}, 6.75: {'nc': 1.0, 'dac': 1.0, 'ttc': 1.0, 'c': 1.0, 'pdms': 1.0}, 7.0: {'nc': 1.0, 'dac': 1.0, 'ttc': 1.0, 'c': 1.0, 'pdms': 1.0}, 7.25: {'nc': 1.0, 'dac': 1.0, 'ttc': 1.0, 'c': 1.0, 'pdms': 1.0}, 7.5: {'nc': 1.0, 'dac': 1.0, 'ttc': 1.0, 'c': 1.0, 'pdms': 1.0}, 7.75: {'nc': 1.0, 'dac': 1.0, 'ttc': 1.0, 'c': 1.0, 'pdms': 1.0}, 8.0: {'nc': 1.0, 'dac': 1.0, 'ttc': 1.0, 'c': 1.0, 'pdms': 1.0}, 8.25: {'nc': 1.0, 'dac': 1.0, 'ttc': 1.0, 'c': 1.0, 'pdms': 1.0}, 8.5: {'nc': 1.0, 'dac': 1.0, 'ttc': 1.0, 'c': 1.0, 'pdms': 1.0}, 8.75: {'nc': 1.0, 'dac': 1.0, 'ttc': 1.0, 'c': 1.0, 'pdms': 1.0}, 9.0: {'nc': 1.0, 'dac': 1.0, 'ttc': 1.0, 'c': 1.0, 'pdms': 1.0}, 9.25: {'nc': 1.0, 'dac': 1.0, 'ttc': 1.0, 'c': 1.0, 'pdms': 1.0}, 9.5: {'nc': 1.0, 'dac': 1.0, 'ttc': 1.0, 'c': 1.0, 'pdms': 1.0}, 9.75: {'nc': 1.0, 'dac': 1.0, 'ttc': 1.0, 'c': 1.0, 'pdms': 1.0}, 10.0: {'nc': 1.0, 'dac': 1.0, 'ttc': 1.0, 'c': 1.0, 'pdms': 1.0}, 10.25: {'nc': 1.0, 'dac': 1.0, 'ttc': 1.0, 'c': 1.0, 'pdms': 1.0}, 10.5: {'nc': 1.0, 'dac': 1.0, 'ttc': 1.0, 'c': 1.0, 'pdms': 1.0}, 10.75: {'nc': 1.0, 'dac': 1.0, 'ttc': 1.0, 'c': 1.0, 'pdms': 1.0}, 11.0: {'nc': 1.0, 'dac': 1.0, 'ttc': 1.0, 'c': 1.0, 'pdms': 1.0}, 11.25: {'nc': 1.0, 'dac': 1.0, 'ttc': 1.0, 'c': 1.0, 'pdms': 1.0}, 11.5: {'nc': 1.0, 'dac': 1.0, 'ttc': 1.0, 'c': 1.0, 'pdms': 1.0}, 11.75: {'nc': 1.0, 'dac': 1.0, 'ttc': 1.0, 'c': 1.0, 'pdms': 1.0}, 12.0: {'nc': 1.0, 'dac': 1.0, 'ttc': 1.0, 'c': 1.0, 'pdms': 1.0}, 12.25: {'nc': 1.0, 'dac': 1.0, 'ttc': 1.0, 'c': 1.0, 'pdms': 1.0}, 12.5: {'nc': 1.0, 'dac': 1.0, 'ttc': 1.0, 'c': 1.0, 'pdms': 1.0}, 12.75: {'nc': 1.0, 'dac': 1.0, 'ttc': 1.0, 'c': 1.0, 'pdms': 1.0}, 13.0: {'nc': 1.0, 'dac': 1.0, 'ttc': 1.0, 'c': 1.0, 'pdms': 1.0}, 13.25: {'nc': 1.0, 'dac': 1.0, 'ttc': 1.0, 'c': 1.0, 'pdms': 1.0}, 13.5: {'nc': 1.0, 'dac': 1.0, 'ttc': 1.0, 'c': 1.0, 'pdms': 1.0}, 13.75: {'nc': 1.0, 'dac': 1.0, 'ttc': 1.0, 'c': 1.0, 'pdms': 1.0}, 14.0: {'nc': 1.0, 'dac': 1.0, 'ttc': 1.0, 'c': 1.0, 'pdms': 1.0}, 14.25: {'nc': 1.0, 'dac': 1.0, 'ttc': 1.0, 'c': 1.0, 'pdms': 1.0}, 14.5: {'nc': 1.0, 'dac': 1.0, 'ttc': 1.0, 'c': 1.0, 'pdms': 1.0}, 14.75: {'nc': 1.0, 'dac': 1.0, 'ttc': 1.0, 'c': 1.0, 'pdms': 1.0}, 15.0: {'nc': 1.0, 'dac': 1.0, 'ttc': 1.0, 'c': 1.0, 'pdms': 1.0}, 15.25: {'nc': 1.0, 'dac': 1.0, 'ttc': 1.0, 'c': 1.0, 'pdms': 1.0}, 15.5: {'nc': 1.0, 'dac': 1.0, 'ttc': 0.0, 'c': 1.0, 'pdms': 0.2857142857142857}, 15.75: {'nc': 0.0, 'dac': 1.0, 'ttc': 0.0, 'c': 1.0, 'pdms': 0.0}, 16.0: {'nc': 0.0, 'dac': 1.0, 'ttc': 0.0, 'c': 1.0, 'pdms': 0.0}, 16.25: {'nc': 0.0, 'dac': 1.0, 'ttc': 0.0, 'c': 1.0, 'pdms': 0.0}, 16.5: {'nc': 0.0, 'dac': 1.0, 'ttc': 0.0, 'c': 1.0, 'pdms': 0.0}, 16.75: {'nc': 0.0, 'dac': 1.0, 'ttc': 0.0, 'c': 1.0, 'pdms': 0.0}, 17.0: {'nc': 1.0, 'dac': 1.0, 'ttc': 1.0, 'c': 1.0, 'pdms': 1.0}, 17.25: {'nc': 0.0, 'dac': 1.0, 'ttc': 1.0, 'c': 1.0, 'pdms': 0.0}, 17.5: {'nc': 1.0, 'dac': 1.0, 'ttc': 1.0, 'c': 1.0, 'pdms': 1.0}, 17.75: {'nc': 1.0, 'dac': 1.0, 'ttc': 1.0, 'c': 1.0, 'pdms': 1.0}, 18.0: {'nc': 1.0, 'dac': 1.0, 'ttc': 1.0, 'c': 1.0, 'pdms': 1.0}, 18.25: {'nc': 1.0, 'dac': 1.0, 'ttc': 1.0, 'c': 1.0, 'pdms': 1.0}, 18.5: {'nc': 1.0, 'dac': 1.0, 'ttc': 1.0, 'c': 1.0, 'pdms': 1.0}, 18.75: {'nc': 1.0, 'dac': 1.0, 'ttc': 0.0, 'c': 1.0, 'pdms': 0.2857142857142857}, 19.0: {'nc': 1.0, 'dac': 1.0, 'ttc': 0.0, 'c': 1.0, 'pdms': 0.2857142857142857}, 19.25: {'nc': 1.0, 'dac': 1.0, 'ttc': 0.0, 'c': 1.0, 'pdms': 0.2857142857142857}, 19.5: {'nc': 1.0, 'dac': 1.0, 'ttc': 0.0, 'c': 1.0, 'pdms': 0.2857142857142857}, 19.75: {'nc': 1.0, 'dac': 1.0, 'ttc': 0.0, 'c': 1.0, 'pdms': 0.2857142857142857}, 20.0: {'nc': 1.0, 'dac': 1.0, 'ttc': 0.0, 'c': 1.0, 'pdms': 0.2857142857142857}, 20.25: {'nc': 1.0, 'dac': 1.0, 'ttc': 0.0, 'c': 1.0, 'pdms': 0.2857142857142857}, 20.5: {'nc': 1.0, 'dac': 1.0, 'ttc': 1.0, 'c': 1.0, 'pdms': 1.0}, 20.75: {'nc': 1.0, 'dac': 1.0, 'ttc': 1.0, 'c': 1.0, 'pdms': 1.0}, 21.0: {'nc': 1.0, 'dac': 1.0, 'ttc': 1.0, 'c': 1.0, 'pdms': 1.0}, 21.25: {'nc': 1.0, 'dac': 1.0, 'ttc': 1.0, 'c': 1.0, 'pdms': 1.0}, 21.5: {'nc': 1.0, 'dac': 1.0, 'ttc': 1.0, 'c': 1.0, 'pdms': 1.0}, 21.75: {'nc': 1.0, 'dac': 1.0, 'ttc': 1.0, 'c': 1.0, 'pdms': 1.0}, 22.0: {'nc': 1.0, 'dac': 1.0, 'ttc': 1.0, 'c': 1.0, 'pdms': 1.0}, 22.25: {'nc': 0.0, 'dac': 1.0, 'ttc': 0.0, 'c': 1.0, 'pdms': 0.0}, 22.5: {'nc': 1.0, 'dac': 1.0, 'ttc': 1.0, 'c': 1.0, 'pdms': 1.0}, 22.75: {'nc': 1.0, 'dac': 1.0, 'ttc': 1.0, 'c': 1.0, 'pdms': 1.0}, 23.0: {'nc': 1.0, 'dac': 1.0, 'ttc': 1.0, 'c': 1.0, 'pdms': 1.0}, 23.25: {'nc': 1.0, 'dac': 1.0, 'ttc': 1.0, 'c': 1.0, 'pdms': 1.0}, 23.5: {'nc': 1.0, 'dac': 1.0, 'ttc': 1.0, 'c': 1.0, 'pdms': 1.0}, 23.75: {'nc': 0.0, 'dac': 1.0, 'ttc': 0.0, 'c': 1.0, 'pdms': 0.0}, 24.0: {'nc': 0.0, 'dac': 1.0, 'ttc': 0.0, 'c': 1.0, 'pdms': 0.0}, 24.25: {'nc': 0.0, 'dac': 1.0, 'ttc': 0.0, 'c': 1.0, 'pdms': 0.0}, 24.5: {'nc': 0.0, 'dac': 1.0, 'ttc': 0.0, 'c': 1.0, 'pdms': 0.0}, 24.75: {'nc': 0.0, 'dac': 1.0, 'ttc': 0.0, 'c': 1.0, 'pdms': 0.0}, 25.0: {'nc': 0.0, 'dac': 1.0, 'ttc': 0.0, 'c': 1.0, 'pdms': 0.0}, 25.25: {'nc': 0.0, 'dac': 1.0, 'ttc': 0.0, 'c': 1.0, 'pdms': 0.0}, 25.5: {'nc': 0.0, 'dac': 1.0, 'ttc': 1.0, 'c': 1.0, 'pdms': 0.0}, 25.75: {'nc': 0.0, 'dac': 1.0, 'ttc': 1.0, 'c': 1.0, 'pdms': 0.0}, 26.0: {'nc': 1.0, 'dac': 1.0, 'ttc': 1.0, 'c': 1.0, 'pdms': 1.0}, 26.25: {'nc': 1.0, 'dac': 1.0, 'ttc': 1.0, 'c': 1.0, 'pdms': 1.0}, 26.5: {'nc': 1.0, 'dac': 1.0, 'ttc': 0.0, 'c': 1.0, 'pdms': 0.2857142857142857}, 26.75: {'nc': 1.0, 'dac': 1.0, 'ttc': 1.0, 'c': 1.0, 'pdms': 1.0}, 27.0: {'nc': 1.0, 'dac': 1.0, 'ttc': 1.0, 'c': 1.0, 'pdms': 1.0}, 27.25: {'nc': 1.0, 'dac': 1.0, 'ttc': 1.0, 'c': 1.0, 'pdms': 1.0}, 27.5: {'nc': 1.0, 'dac': 1.0, 'ttc': 1.0, 'c': 1.0, 'pdms': 1.0}, 27.75: {'nc': 1.0, 'dac': 1.0, 'ttc': 0.0, 'c': 1.0, 'pdms': 0.2857142857142857}, 28.0: {'nc': 0.0, 'dac': 1.0, 'ttc': 0.0, 'c': 1.0, 'pdms': 0.0}, 28.25: {'nc': 1.0, 'dac': 1.0, 'ttc': 1.0, 'c': 1.0, 'pdms': 1.0}, 28.5: {'nc': 1.0, 'dac': 1.0, 'ttc': 0.0, 'c': 1.0, 'pdms': 0.2857142857142857}, 28.75: {'nc': 1.0, 'dac': 1.0, 'ttc': 0.0, 'c': 1.0, 'pdms': 0.2857142857142857}, 29.0: {'nc': 1.0, 'dac': 1.0, 'ttc': 0.0, 'c': 1.0, 'pdms': 0.2857142857142857}, 29.25: {'nc': 0.0, 'dac': 1.0, 'ttc': 0.0, 'c': 1.0, 'pdms': 0.0}, 29.5: {'nc': 0.0, 'dac': 1.0, 'ttc': 0.0, 'c': 1.0, 'pdms': 0.0}, 29.75: {'nc': 0.0, 'dac': 1.0, 'ttc': 0.0, 'c': 1.0, 'pdms': 0.0}, 30.0: {'nc': 0.0, 'dac': 1.0, 'ttc': 0.0, 'c': 1.0, 'pdms': 0.0}, 30.25: {'nc': 0.0, 'dac': 1.0, 'ttc': 0.0, 'c': 1.0, 'pdms': 0.0}, 30.5: {'nc': 0.0, 'dac': 1.0, 'ttc': 0.0, 'c': 1.0, 'pdms': 0.0}, 30.75: {'nc': 0.0, 'dac': 1.0, 'ttc': 0.0, 'c': 1.0, 'pdms': 0.0}, 31.0: {'nc': 1.0, 'dac': 1.0, 'ttc': 1.0, 'c': 1.0, 'pdms': 1.0}, 31.25: {'nc': 0.0, 'dac': 1.0, 'ttc': 0.0, 'c': 1.0, 'pdms': 0.0}, 31.5: {'nc': 0.0, 'dac': 1.0, 'ttc': 0.0, 'c': 1.0, 'pdms': 0.0}, 31.75: {'nc': 0.0, 'dac': 1.0, 'ttc': 0.0, 'c': 1.0, 'pdms': 0.0}, 32.0: {'nc': 0.0, 'dac': 1.0, 'ttc': 0.0, 'c': 1.0, 'pdms': 0.0}, 32.25: {'nc': 0.0, 'dac': 1.0, 'ttc': 0.0, 'c': 1.0, 'pdms': 0.0}, 32.5: {'nc': 0.0, 'dac': 1.0, 'ttc': 0.0, 'c': 1.0, 'pdms': 0.0}, 32.75: {'nc': 0.0, 'dac': 1.0, 'ttc': 0.0, 'c': 1.0, 'pdms': 0.0}, 33.0: {'nc': 0.0, 'dac': 1.0, 'ttc': 0.0, 'c': 1.0, 'pdms': 0.0}, 33.25: {'nc': 0.0, 'dac': 1.0, 'ttc': 0.0, 'c': 1.0, 'pdms': 0.0}, 33.5: {'nc': 0.0, 'dac': 1.0, 'ttc': 0.0, 'c': 1.0, 'pdms': 0.0}, 33.75: {'nc': 0.0, 'dac': 1.0, 'ttc': 0.0, 'c': 1.0, 'pdms': 0.0}, 34.0: {'nc': 0.0, 'dac': 1.0, 'ttc': 1.0, 'c': 1.0, 'pdms': 0.0}, 34.25: {'nc': 0.0, 'dac': 1.0, 'ttc': 1.0, 'c': 1.0, 'pdms': 0.0}, 34.5: {'nc': 1.0, 'dac': 1.0, 'ttc': 0.0, 'c': 1.0, 'pdms': 0.2857142857142857}, 34.75: {'nc': 1.0, 'dac': 1.0, 'ttc': 1.0, 'c': 1.0, 'pdms': 1.0}, 35.0: {'nc': 1.0, 'dac': 1.0, 'ttc': 1.0, 'c': 1.0, 'pdms': 1.0}, 35.25: {'nc': 1.0, 'dac': 1.0, 'ttc': 0.0, 'c': 1.0, 'pdms': 0.2857142857142857}, 35.5: {'nc': 0.0, 'dac': 1.0, 'ttc': 0.0, 'c': 1.0, 'pdms': 0.0}, 35.75: {'nc': 0.0, 'dac': 1.0, 'ttc': 0.0, 'c': 1.0, 'pdms': 0.0}, 36.0: {'nc': 1.0, 'dac': 1.0, 'ttc': 0.0, 'c': 1.0, 'pdms': 0.2857142857142857}, 36.25: {'nc': 0.0, 'dac': 1.0, 'ttc': 0.0, 'c': 1.0, 'pdms': 0.0}, 36.5: {'nc': 0.0, 'dac': 1.0, 'ttc': 0.0, 'c': 0.0, 'pdms': 0.0}, 36.75: {'nc': 0.0, 'dac': 1.0, 'ttc': 0.0, 'c': 1.0, 'pdms': 0.0}, 37.0: {'nc': 0.0, 'dac': 1.0, 'ttc': 0.0, 'c': 1.0, 'pdms': 0.0}, 37.25: {'nc': 0.0, 'dac': 1.0, 'ttc': 0.0, 'c': 1.0, 'pdms': 0.0}, 37.5: {'nc': 0.0, 'dac': 1.0, 'ttc': 0.0, 'c': 1.0, 'pdms': 0.0}, 37.75: {'nc': 0.0, 'dac': 1.0, 'ttc': 0.0, 'c': 1.0, 'pdms': 0.0}, 38.0: {'nc': 0.0, 'dac': 1.0, 'ttc': 0.0, 'c': 1.0, 'pdms': 0.0}, 38.25: {'nc': 0.0, 'dac': 1.0, 'ttc': 0.0, 'c': 1.0, 'pdms': 0.0}}).
=============================Results=============================
'nc': 0.6862745098039216
'dac': 1.0
'ttc': 0.6143790849673203
'c': 0.9934640522875817
'pdms': 0.6115779645191415
'rc': 0.896358543417367
'hdscore': 0.5481931334625358
The AD algorithm is still running, remaining tolerant 100.
The AD algorithm is still running, remaining tolerant 95.
The AD algorithm is still running, remaining tolerant 90.
The AD algorithm is still running, remaining tolerant 85.
The AD algorithm is still running, remaining tolerant 80.
The AD algorithm is still running, remaining tolerant 75.
The AD algorithm is still running, remaining tolerant 70.
The AD algorithm is still running, remaining tolerant 65.
The AD algorithm is still running, remaining tolerant 60.
The AD algorithm is still running, remaining tolerant 55.
The AD algorithm is still running, remaining tolerant 50.
The AD algorithm completed with return code 0.
+ rc=0
+ echo 'I107_SLOT_RC=0 i106_s07_iter49_hard_extreme_long_lead_fire_cpa_only_scene_0064_hard_00_r1 scene-0064-hard-00 on a1'
I107_SLOT_RC=0 i106_s07_iter49_hard_extreme_long_lead_fire_cpa_only_scene_0064_hard_00_r1 scene-0064-hard-00 on a1
+ docker rm -f hugsim_uniad_client
++ python3 -c '
import json, math
try:
    v = json.load(open('\''/datasets/nuscenes-full/hugsim/outputs/nusc_uniad/scene-0064_hard_00/eval.json'\'')).get('\''hdscore'\'')
    print(v if isinstance(v, (int, float)) and math.isfinite(v) else '\''INVALID'\'')
except Exception:
    print('\''MISSING'\'')
'
+ hd=0.5481931334625358
++ python3 -c '
import json
try:
    data = json.load(open('\''/datasets/nuscenes-full/hugsim/outputs/nusc_uniad/scene-0064_hard_00/eval.json'\''))
    print(1 if '\''collision_provenance'\'' in data else 0)
except Exception:
    print(0)
'
+ provenance=1
++ grep -c sent /datasets/nuscenes-full/hugsim/outputs/nusc_uniad/scene-0064_hard_00/output.txt
+ steps=153
+ '[' -n 153 ']'
++ grep -c 'SENTINEL_I48_UNION_PATCH_LOADED enabled=1' /datasets/nuscenes-full/hugsim/outputs/nusc_uniad/scene-0064_hard_00/output.txt
+ marker=1
+ '[' -n 1 ']'
+ decisions=0
+ '[' -s /datasets/nuscenes-full/hugsim/outputs/nusc_uniad/scene-0064_hard_00/sentinel_iter48_decisions.jsonl ']'
++ grep -c 'SENTINEL_I48_DECISION frame=' /datasets/nuscenes-full/hugsim/outputs/nusc_uniad/scene-0064_hard_00/output.txt
+ '[' 153 -gt 0 ']'
+ decisions=1
+ '[' 0 = 0 ']'
+ '[' 0.5481931334625358 '!=' MISSING ']'
+ '[' 0.5481931334625358 '!=' INVALID ']'
+ '[' 1 = 1 ']'
+ '[' 153 -gt 0 ']'
+ '[' 1 -gt 0 ']'
+ '[' 1 = 1 ']'
+ rm -rf /datasets/nuscenes-full/hugsim/iter107_runs/i106_s07_iter49_hard_extreme_long_lead_fire_cpa_only_scene_0064_hard_00_r1__scene-0064-hard-00__on
+ mkdir -p /datasets/nuscenes-full/hugsim/iter107_runs/i106_s07_iter49_hard_extreme_long_lead_fire_cpa_only_scene_0064_hard_00_r1__scene-0064-hard-00__on
+ find /datasets/nuscenes-full/hugsim/outputs/nusc_uniad/scene-0064_hard_00 -type p -delete
+ mv /datasets/nuscenes-full/hugsim/outputs/nusc_uniad/scene-0064_hard_00/data.pkl /datasets/nuscenes-full/hugsim/outputs/nusc_uniad/scene-0064_hard_00/eval.json /datasets/nuscenes-full/hugsim/outputs/nusc_uniad/scene-0064_hard_00/ground.ply /datasets/nuscenes-full/hugsim/outputs/nusc_uniad/scene-0064_hard_00/infos.pkl /datasets/nuscenes-full/hugsim/outputs/nusc_uniad/scene-0064_hard_00/output.txt /datasets/nuscenes-full/hugsim/outputs/nusc_uniad/scene-0064_hard_00/scene.ply /datasets/nuscenes-full/hugsim/outputs/nusc_uniad/scene-0064_hard_00/sentinel_iter48_decisions.jsonl /datasets/nuscenes-full/hugsim/outputs/nusc_uniad/scene-0064_hard_00/uniad /datasets/nuscenes-full/hugsim/outputs/nusc_uniad/scene-0064_hard_00/video.mp4 /datasets/nuscenes-full/hugsim/iter107_runs/i106_s07_iter49_hard_extreme_long_lead_fire_cpa_only_scene_0064_hard_00_r1__scene-0064-hard-00__on/
+ rmdir /datasets/nuscenes-full/hugsim/outputs/nusc_uniad/scene-0064_hard_00
++ date -u +%s
+ printf '{"slot_id":"%s","scenario":"%s","arm":"on","attempt":%s,"rc":%s,"hdscore":%s,"steps":%s,"start_epoch":%s,"end_epoch":%s}\n' i106_s07_iter49_hard_extreme_long_lead_fire_cpa_only_scene_0064_hard_00_r1 scene-0064-hard-00 1 0 0.5481931334625358 153 1784012894 1784013449
+ echo 'I107_SLOT_DONE i106_s07_iter49_hard_extreme_long_lead_fire_cpa_only_scene_0064_hard_00_r1 scene-0064-hard-00 on ok hd=0.5481931334625358 steps=153'
I107_SLOT_DONE i106_s07_iter49_hard_extreme_long_lead_fire_cpa_only_scene_0064_hard_00_r1 scene-0064-hard-00 on ok hd=0.5481931334625358 steps=153
+ return 0
+ IFS='	'
+ read -r slot_id scenario _scenario_sha
+ run_one i106_s08_iter49_hard_extreme_long_lead_fire_ttc_only_scene_0411_extreme_00_r1 scene-0411-extreme-00
+ local slot_id=i106_s08_iter49_hard_extreme_long_lead_fire_ttc_only_scene_0411_extreme_00_r1 scenario=scene-0411-extreme-00
+ local scene=scene-0411
+ local mode_dashed=extreme-00
+ local mode=extreme_00
+ local out_dir=/datasets/nuscenes-full/hugsim/outputs/nusc_uniad/scene-0411_extreme_00
+ local dest=/datasets/nuscenes-full/hugsim/iter107_runs/i106_s08_iter49_hard_extreme_long_lead_fire_ttc_only_scene_0411_extreme_00_r1__scene-0411-extreme-00__on
+ '[' -f /datasets/nuscenes-full/hugsim/iter107_runs/i106_s08_iter49_hard_extreme_long_lead_fire_ttc_only_scene_0411_extreme_00_r1__scene-0411-extreme-00__on/episode_meta.json ']'
+ prep_scene scene-0411
+ local scene=scene-0411
+ '[' '!' -d /datasets/nuscenes-full/hugsim/extracted/scenes/nuscenes/scene-0411 ']'
+ local cfg=/datasets/nuscenes-full/hugsim/extracted/scenes/nuscenes/scene-0411/cfg.yaml
+ '[' '!' -f /datasets/nuscenes-full/hugsim/extracted/scenes/nuscenes/scene-0411/cfg.yaml ']'
+ '[' -f /datasets/nuscenes-full/hugsim/extracted/scenes/nuscenes/scene-0411/cfg.yaml.orig ']'
+ python3 - /datasets/nuscenes-full/hugsim/extracted/scenes/nuscenes/scene-0411/cfg.yaml /datasets/nuscenes-full/hugsim/extracted/scenes/nuscenes/scene-0411
+ local attempt rc steps hd marker decisions provenance
+ for attempt in 1 2
+ disk_guard
+ local avail
++ df --output=avail -BG /datasets/nuscenes-full
++ tail -1
++ tr -dc 0-9
+ avail=116
+ '[' 116 -lt 20 ']'
++ date -u
+ echo 'I107_SLOT_START i106_s08_iter49_hard_extreme_long_lead_fire_ttc_only_scene_0411_extreme_00_r1 scene-0411-extreme-00 on a1 Tue Jul 14 07:17:29 UTC 2026'
I107_SLOT_START i106_s08_iter49_hard_extreme_long_lead_fire_ttc_only_scene_0411_extreme_00_r1 scene-0411-extreme-00 on a1 Tue Jul 14 07:17:29 UTC 2026
+ local t0
++ date -u +%s
+ t0=1784013449
+ docker rm -f hugsim_uniad_client
+ rm -rf /datasets/nuscenes-full/hugsim/outputs/nusc_uniad/scene-0411_extreme_00
+ cd /opt/sentinel-stack/HUGSIM
+ SENTINEL_ENABLED=1
+ timeout 1200 pixi run python -u closed_loop.py --scenario_path /datasets/nuscenes-full/hugsim/extracted/scenarios/nuscenes/scene-0411-extreme-00.yaml --base_path configs/sim/nuscenes_base.yaml --camera_path configs/sim/nuscenes_camera.yaml --kinematic_path configs/sim/kinematic.yaml --ad uniad --ad_cuda 0
/datasets/nuscenes-full/hugsim/outputs/nusc_uniad/scene-0411_extreme_00/output.txt
/opt/sentinel-stack/UniAD_SIM/tools/e2e.sh 0 /datasets/nuscenes-full/hugsim/outputs/nusc_uniad/scene-0411_extreme_00
/opt/sentinel-stack/HUGSIM/submodules/Pplan/Sampling/spline_planner.py:102: UserWarning: To copy construct from a tensor, it is recommended to use sourceTensor.clone().detach() or sourceTensor.clone().detach().requires_grad_(True), rather than torch.tensor(sourceTensor).
  self.acce_grid = torch.tensor(acce_grid).to(self.device)
/opt/sentinel-stack/HUGSIM/submodules/Pplan/Sampling/forward_sampler.py:24: UserWarning: To copy construct from a tensor, it is recommended to use sourceTensor.clone().detach() or sourceTensor.clone().detach().requires_grad_(True), rather than torch.tensor(sourceTensor).
  self.accels = torch.tensor(acce_grid,device=self.device)
/opt/sentinel-stack/HUGSIM/submodules/Pplan/Sampling/forward_sampler.py:26: UserWarning: To copy construct from a tensor, it is recommended to use sourceTensor.clone().detach() or sourceTensor.clone().detach().requires_grad_(True), rather than torch.tensor(sourceTensor).
  self.dhm_grid = torch.tensor(dhm_grid,device=self.device)
Ready for simulation
ego pose [0.0, -1.0808430643926773e-34, 0.0]
ego pose [0.0, -0.001726138371843387, 0.4375]
ego pose [0.009631424412041562, -0.003952109298586028, 1.0624257841246392]
ego pose [0.021911670176155112, -0.006382897359034748, 1.797761245103161]
ego pose [0.014522305862539355, -0.014440986614139045, 2.6096445580961802]
ego pose [-0.03503125902397178, -0.024380164395832737, 3.433926596866206]
ego pose [-0.13918091677882102, -0.03312739895072822, 4.295942789581136]
ego pose [-0.2710716145834743, -0.03376273176215203, 5.164709223279202]
ego pose [-0.39791141926687235, -0.03228682881386094, 5.8441927627651005]
ego pose [-0.5017748970811676, -0.03237680230655814, 6.337089342644979]
ego pose [-0.5757423397023624, -0.032707339528659105, 6.661931005330679]
ego pose [-0.6269398365300538, -0.03325325193217097, 6.876211445968513]
ego pose [-0.7110702912992671, -0.0355491656098461, 7.217702368208958]
ego pose [-0.817162404334661, -0.038071269460506804, 7.651783734573383]
ego pose [-0.9321159638869624, -0.04357012252588498, 8.164086408078315]
ego pose [-1.0408279438297685, -0.04842809278606727, 8.76685852882483]
ego pose [-1.1151579567687429, -0.06103081388329007, 9.443432037451075]
ego pose [-1.1337900372880567, -0.06462956125829133, 10.175592817927324]
ego pose [-1.0871209584819987, -0.06345516217808442, 10.905210345392165]
ego pose [-1.0168347442719077, -0.06490685204824304, 11.444255913142296]
ego pose [-0.9543324328672739, -0.06396913741833299, 11.795733586533647]
ego pose [-0.9063433189879023, -0.06294320456319373, 12.02517289360244]
ego pose [-0.8718598657000595, -0.06231831210362234, 12.175174437078654]
ego pose [-0.8479418913916577, -0.061905781331767454, 12.273365563513524]
ego pose [-0.8316889002870402, -0.06165580707394058, 12.337702354417893]
ego pose [-0.8207812244987425, -0.06154475281133373, 12.379885696975698]
ego pose [-0.8135178164960621, -0.06140100662979531, 12.407556204070694]
Collision with foreground
MoviePy - Building video /datasets/nuscenes-full/hugsim/outputs/nusc_uniad/scene-0411_extreme_00/video.mp4.
MoviePy - Writing video /datasets/nuscenes-full/hugsim/outputs/nusc_uniad/scene-0411_extreme_00/video.mp4

frame_index:   0%|          | 0/27 [00:00<?, ?it/s, now=None]frame_index:  37%|███▋      | 10/27 [00:00<00:00, 95.60it/s, now=None]frame_index:  89%|████████▉ | 24/27 [00:00<00:00, 120.96it/s, now=None]                                                                       MoviePy - Done !
MoviePy - video ready /datasets/nuscenes-full/hugsim/outputs/nusc_uniad/scene-0411_extreme_00/video.mp4
this pkl file contains 1 experiment records.
current exp has 27 frames
frame 0 / 27
comfortable: [True, True, True, True, True, True]
frame 1 / 27
comfortable: [True, True, True, True, True, True]
frame 2 / 27
comfortable: [True, True, True, True, True, True]
frame 3 / 27
comfortable: [True, True, True, True, True, True]
frame 4 / 27
comfortable: [True, True, True, True, True, True]
frame 5 / 27
comfortable: [True, True, True, True, True, True]
frame 6 / 27
comfortable: [True, True, True, True, True, True]
frame 7 / 27
comfortable: [True, True, True, True, True, True]
frame 8 / 27
comfortable: [True, True, True, True, True, True]
frame 9 / 27
comfortable: [True, True, True, True, True, True]
frame 10 / 27
comfortable: [True, True, True, True, True, True]
frame 11 / 27
comfortable: [True, True, True, True, True, True]
frame 12 / 27
comfortable: [True, True, True, True, True, True]
frame 13 / 27
comfortable: [True, True, True, True, True, True]
frame 14 / 27
comfortable: [True, True, True, True, True, True]
frame 15 / 27
comfortable: [True, True, True, True, True, True]
frame 16 / 27
comfortable: [True, True, True, True, True, True]
frame 17 / 27
comfortable: [True, True, True, True, False, False]
frame 18 / 27
collision with obstacle detected! @ timestep4
ego_poly: (11.444255913142296, 1.0168347442719077, -0.17598759072789294, 1.6528551697731018, 4.08380401134491), obs_poly: (8.778595924377441, 0.772575318813324, -0.03998943258542331, 1.6528551697731018, 4.08380401134491)
collision with obstacle detected! @ timestep4
ego_poly: (11.444255913142296, 1.0168347442719077, -0.17598759072789294, 1.6528551697731018, 4.08380401134491), obs_poly: (8.778595924377441, 0.772575318813324, -0.03998943258542331, 1.6528551697731018, 4.08380401134491)
 failed to pass ttc collision check, t=0.5
comfortable: [True, True, True, True, True, True]
frame 19 / 27
comfortable: [True, True, True, True, True, True]
frame 20 / 27
collision with obstacle detected! @ timestep3
ego_poly: (12.02517289360244, 0.9063433189879023, -0.22596136957664648, 1.6528551697731018, 4.08380401134491), obs_poly: (8.778595924377441, 0.772575318813324, -0.03998943258542331, 1.6528551697731018, 4.08380401134491)
collision with obstacle detected! @ timestep3
ego_poly: (12.02517289360244, 0.9063433189879023, -0.22596136957664648, 1.6528551697731018, 4.08380401134491), obs_poly: (8.778595924377441, 0.772575318813324, -0.03998943258542331, 1.6528551697731018, 4.08380401134491)
 failed to pass ttc collision check, t=0.5
comfortable: [True, True, True, True, True, True]
frame 21 / 27
comfortable: [True, True, True, True, True, True]
frame 22 / 27
collision with obstacle detected! @ timestep2
ego_poly: (12.273365563513524, 0.8479418913916577, -0.24744639617419958, 1.6528551697731018, 4.08380401134491), obs_poly: (8.778595924377441, 0.772575318813324, -0.03998943258542331, 1.6528551697731018, 4.08380401134491)
collision with obstacle detected! @ timestep2
ego_poly: (12.273365563513524, 0.8479418913916577, -0.24744639617419958, 1.6528551697731018, 4.08380401134491), obs_poly: (8.778595924377441, 0.772575318813324, -0.03998943258542331, 1.6528551697731018, 4.08380401134491)
 failed to pass ttc collision check, t=0.5
comfortable: [True, True, True, True, True, True]
frame 23 / 27
comfortable: [True, True, True, True, True, True]
frame 24 / 27
collision with obstacle detected! @ timestep1
ego_poly: (12.379885696975698, 0.8207812244987425, -0.2567049457343771, 1.6528551697731018, 4.08380401134491), obs_poly: (8.778595924377441, 0.772575318813324, -0.03998943258542331, 1.6528551697731018, 4.08380401134491)
collision with obstacle detected! @ timestep1
ego_poly: (12.379885696975698, 0.8207812244987425, -0.2567049457343771, 1.6528551697731018, 4.08380401134491), obs_poly: (8.778595924377441, 0.772575318813324, -0.03998943258542331, 1.6528551697731018, 4.08380401134491)
 failed to pass ttc collision check, t=0.5
comfortable: [True, True, True, True, True, True]
frame 25 / 27
comfortable: [True, True, True, True, True, True]
frame 26 / 27
collision with obstacle detected! @ timestep0
ego_poly: (12.425712697780872, 0.8087050150717969, -0.2606960671630858, 1.6528551697731018, 4.08380401134491), obs_poly: (8.778595924377441, 0.772575318813324, -0.03998943258542331, 1.6528551697731018, 4.08380401134491)
collision with obstacle detected! @ timestep0
ego_poly: (12.425712697780872, 0.8087050150717969, -0.2606960671630858, 1.6528551697731018, 4.08380401134491), obs_poly: (8.778595924377441, 0.772575318813324, -0.03998943258542331, 1.6528551697731018, 4.08380401134491)
 failed to pass ttc collision check, t=0.5
comfortable: [True, True, True, True, True, True]
The score of experiment is (0.8042328042328043, 0.10489290873688838, 0.08435831813760336, {'nc': 0.8148148148148148, 'dac': 1.0, 'ttc': 0.8148148148148148, 'c': 0.9629629629629629, 'pdms': 0.8042328042328043}, {0.25: {'nc': 1.0, 'dac': 1.0, 'ttc': 1.0, 'c': 1.0, 'pdms': 1.0}, 0.5: {'nc': 1.0, 'dac': 1.0, 'ttc': 1.0, 'c': 1.0, 'pdms': 1.0}, 0.75: {'nc': 1.0, 'dac': 1.0, 'ttc': 1.0, 'c': 1.0, 'pdms': 1.0}, 1.0: {'nc': 1.0, 'dac': 1.0, 'ttc': 1.0, 'c': 1.0, 'pdms': 1.0}, 1.25: {'nc': 1.0, 'dac': 1.0, 'ttc': 1.0, 'c': 1.0, 'pdms': 1.0}, 1.5: {'nc': 1.0, 'dac': 1.0, 'ttc': 1.0, 'c': 1.0, 'pdms': 1.0}, 1.75: {'nc': 1.0, 'dac': 1.0, 'ttc': 1.0, 'c': 1.0, 'pdms': 1.0}, 2.0: {'nc': 1.0, 'dac': 1.0, 'ttc': 1.0, 'c': 1.0, 'pdms': 1.0}, 2.25: {'nc': 1.0, 'dac': 1.0, 'ttc': 1.0, 'c': 1.0, 'pdms': 1.0}, 2.5: {'nc': 1.0, 'dac': 1.0, 'ttc': 1.0, 'c': 1.0, 'pdms': 1.0}, 2.75: {'nc': 1.0, 'dac': 1.0, 'ttc': 1.0, 'c': 1.0, 'pdms': 1.0}, 3.0: {'nc': 1.0, 'dac': 1.0, 'ttc': 1.0, 'c': 1.0, 'pdms': 1.0}, 3.25: {'nc': 1.0, 'dac': 1.0, 'ttc': 1.0, 'c': 1.0, 'pdms': 1.0}, 3.5: {'nc': 1.0, 'dac': 1.0, 'ttc': 1.0, 'c': 1.0, 'pdms': 1.0}, 3.75: {'nc': 1.0, 'dac': 1.0, 'ttc': 1.0, 'c': 1.0, 'pdms': 1.0}, 4.0: {'nc': 1.0, 'dac': 1.0, 'ttc': 1.0, 'c': 1.0, 'pdms': 1.0}, 4.25: {'nc': 1.0, 'dac': 1.0, 'ttc': 1.0, 'c': 1.0, 'pdms': 1.0}, 4.5: {'nc': 1.0, 'dac': 1.0, 'ttc': 1.0, 'c': 0.0, 'pdms': 0.7142857142857143}, 4.75: {'nc': 0.0, 'dac': 1.0, 'ttc': 0.0, 'c': 1.0, 'pdms': 0.0}, 5.0: {'nc': 1.0, 'dac': 1.0, 'ttc': 1.0, 'c': 1.0, 'pdms': 1.0}, 5.25: {'nc': 0.0, 'dac': 1.0, 'ttc': 0.0, 'c': 1.0, 'pdms': 0.0}, 5.5: {'nc': 1.0, 'dac': 1.0, 'ttc': 1.0, 'c': 1.0, 'pdms': 1.0}, 5.75: {'nc': 0.0, 'dac': 1.0, 'ttc': 0.0, 'c': 1.0, 'pdms': 0.0}, 6.0: {'nc': 1.0, 'dac': 1.0, 'ttc': 1.0, 'c': 1.0, 'pdms': 1.0}, 6.25: {'nc': 0.0, 'dac': 1.0, 'ttc': 0.0, 'c': 1.0, 'pdms': 0.0}, 6.5: {'nc': 1.0, 'dac': 1.0, 'ttc': 1.0, 'c': 1.0, 'pdms': 1.0}, 6.75: {'nc': 0.0, 'dac': 1.0, 'ttc': 0.0, 'c': 1.0, 'pdms': 0.0}}).
=============================Results=============================
'nc': 0.8148148148148148
'dac': 1.0
'ttc': 0.8148148148148148
'c': 0.9629629629629629
'pdms': 0.8042328042328043
'rc': 0.10489290873688838
'hdscore': 0.08435831813760336
The AD algorithm is still running, remaining tolerant 100.
The AD algorithm is still running, remaining tolerant 95.
The AD algorithm is still running, remaining tolerant 90.
The AD algorithm completed with return code 0.
+ rc=0
+ echo 'I107_SLOT_RC=0 i106_s08_iter49_hard_extreme_long_lead_fire_ttc_only_scene_0411_extreme_00_r1 scene-0411-extreme-00 on a1'
I107_SLOT_RC=0 i106_s08_iter49_hard_extreme_long_lead_fire_ttc_only_scene_0411_extreme_00_r1 scene-0411-extreme-00 on a1
+ docker rm -f hugsim_uniad_client
++ python3 -c '
import json, math
try:
    v = json.load(open('\''/datasets/nuscenes-full/hugsim/outputs/nusc_uniad/scene-0411_extreme_00/eval.json'\'')).get('\''hdscore'\'')
    print(v if isinstance(v, (int, float)) and math.isfinite(v) else '\''INVALID'\'')
except Exception:
    print('\''MISSING'\'')
'
+ hd=0.08435831813760336
++ python3 -c '
import json
try:
    data = json.load(open('\''/datasets/nuscenes-full/hugsim/outputs/nusc_uniad/scene-0411_extreme_00/eval.json'\''))
    print(1 if '\''collision_provenance'\'' in data else 0)
except Exception:
    print(0)
'
+ provenance=1
++ grep -c sent /datasets/nuscenes-full/hugsim/outputs/nusc_uniad/scene-0411_extreme_00/output.txt
+ steps=27
+ '[' -n 27 ']'
++ grep -c 'SENTINEL_I48_UNION_PATCH_LOADED enabled=1' /datasets/nuscenes-full/hugsim/outputs/nusc_uniad/scene-0411_extreme_00/output.txt
+ marker=1
+ '[' -n 1 ']'
+ decisions=0
+ '[' -s /datasets/nuscenes-full/hugsim/outputs/nusc_uniad/scene-0411_extreme_00/sentinel_iter48_decisions.jsonl ']'
++ grep -c 'SENTINEL_I48_DECISION frame=' /datasets/nuscenes-full/hugsim/outputs/nusc_uniad/scene-0411_extreme_00/output.txt
+ '[' 27 -gt 0 ']'
+ decisions=1
+ '[' 0 = 0 ']'
+ '[' 0.08435831813760336 '!=' MISSING ']'
+ '[' 0.08435831813760336 '!=' INVALID ']'
+ '[' 1 = 1 ']'
+ '[' 27 -gt 0 ']'
+ '[' 1 -gt 0 ']'
+ '[' 1 = 1 ']'
+ rm -rf /datasets/nuscenes-full/hugsim/iter107_runs/i106_s08_iter49_hard_extreme_long_lead_fire_ttc_only_scene_0411_extreme_00_r1__scene-0411-extreme-00__on
+ mkdir -p /datasets/nuscenes-full/hugsim/iter107_runs/i106_s08_iter49_hard_extreme_long_lead_fire_ttc_only_scene_0411_extreme_00_r1__scene-0411-extreme-00__on
+ find /datasets/nuscenes-full/hugsim/outputs/nusc_uniad/scene-0411_extreme_00 -type p -delete
+ mv /datasets/nuscenes-full/hugsim/outputs/nusc_uniad/scene-0411_extreme_00/data.pkl /datasets/nuscenes-full/hugsim/outputs/nusc_uniad/scene-0411_extreme_00/eval.json /datasets/nuscenes-full/hugsim/outputs/nusc_uniad/scene-0411_extreme_00/ground.ply /datasets/nuscenes-full/hugsim/outputs/nusc_uniad/scene-0411_extreme_00/infos.pkl /datasets/nuscenes-full/hugsim/outputs/nusc_uniad/scene-0411_extreme_00/output.txt /datasets/nuscenes-full/hugsim/outputs/nusc_uniad/scene-0411_extreme_00/scene.ply /datasets/nuscenes-full/hugsim/outputs/nusc_uniad/scene-0411_extreme_00/sentinel_iter48_decisions.jsonl /datasets/nuscenes-full/hugsim/outputs/nusc_uniad/scene-0411_extreme_00/uniad /datasets/nuscenes-full/hugsim/outputs/nusc_uniad/scene-0411_extreme_00/video.mp4 /datasets/nuscenes-full/hugsim/iter107_runs/i106_s08_iter49_hard_extreme_long_lead_fire_ttc_only_scene_0411_extreme_00_r1__scene-0411-extreme-00__on/
+ rmdir /datasets/nuscenes-full/hugsim/outputs/nusc_uniad/scene-0411_extreme_00
++ date -u +%s
+ printf '{"slot_id":"%s","scenario":"%s","arm":"on","attempt":%s,"rc":%s,"hdscore":%s,"steps":%s,"start_epoch":%s,"end_epoch":%s}\n' i106_s08_iter49_hard_extreme_long_lead_fire_ttc_only_scene_0411_extreme_00_r1 scene-0411-extreme-00 1 0 0.08435831813760336 27 1784013449 1784013602
+ echo 'I107_SLOT_DONE i106_s08_iter49_hard_extreme_long_lead_fire_ttc_only_scene_0411_extreme_00_r1 scene-0411-extreme-00 on ok hd=0.08435831813760336 steps=27'
I107_SLOT_DONE i106_s08_iter49_hard_extreme_long_lead_fire_ttc_only_scene_0411_extreme_00_r1 scene-0411-extreme-00 on ok hd=0.08435831813760336 steps=27
+ return 0
+ IFS='	'
+ read -r slot_id scenario _scenario_sha
+ run_one i106_s09_iter48_easy_medium_long_lead_fire_ttc_only_scene_0071_easy_00_r2 scene-0071-easy-00
+ local slot_id=i106_s09_iter48_easy_medium_long_lead_fire_ttc_only_scene_0071_easy_00_r2 scenario=scene-0071-easy-00
+ local scene=scene-0071
+ local mode_dashed=easy-00
+ local mode=easy_00
+ local out_dir=/datasets/nuscenes-full/hugsim/outputs/nusc_uniad/scene-0071_easy_00
+ local dest=/datasets/nuscenes-full/hugsim/iter107_runs/i106_s09_iter48_easy_medium_long_lead_fire_ttc_only_scene_0071_easy_00_r2__scene-0071-easy-00__on
+ '[' -f /datasets/nuscenes-full/hugsim/iter107_runs/i106_s09_iter48_easy_medium_long_lead_fire_ttc_only_scene_0071_easy_00_r2__scene-0071-easy-00__on/episode_meta.json ']'
+ prep_scene scene-0071
+ local scene=scene-0071
+ '[' '!' -d /datasets/nuscenes-full/hugsim/extracted/scenes/nuscenes/scene-0071 ']'
+ local cfg=/datasets/nuscenes-full/hugsim/extracted/scenes/nuscenes/scene-0071/cfg.yaml
+ '[' '!' -f /datasets/nuscenes-full/hugsim/extracted/scenes/nuscenes/scene-0071/cfg.yaml ']'
+ '[' -f /datasets/nuscenes-full/hugsim/extracted/scenes/nuscenes/scene-0071/cfg.yaml.orig ']'
+ python3 - /datasets/nuscenes-full/hugsim/extracted/scenes/nuscenes/scene-0071/cfg.yaml /datasets/nuscenes-full/hugsim/extracted/scenes/nuscenes/scene-0071
+ local attempt rc steps hd marker decisions provenance
+ for attempt in 1 2
+ disk_guard
+ local avail
++ df --output=avail -BG /datasets/nuscenes-full
++ tail -1
++ tr -dc 0-9
+ avail=115
+ '[' 115 -lt 20 ']'
++ date -u
+ echo 'I107_SLOT_START i106_s09_iter48_easy_medium_long_lead_fire_ttc_only_scene_0071_easy_00_r2 scene-0071-easy-00 on a1 Tue Jul 14 07:20:03 UTC 2026'
I107_SLOT_START i106_s09_iter48_easy_medium_long_lead_fire_ttc_only_scene_0071_easy_00_r2 scene-0071-easy-00 on a1 Tue Jul 14 07:20:03 UTC 2026
+ local t0
++ date -u +%s
+ t0=1784013603
+ docker rm -f hugsim_uniad_client
+ rm -rf /datasets/nuscenes-full/hugsim/outputs/nusc_uniad/scene-0071_easy_00
+ cd /opt/sentinel-stack/HUGSIM
+ SENTINEL_ENABLED=1
+ timeout 1200 pixi run python -u closed_loop.py --scenario_path /datasets/nuscenes-full/hugsim/extracted/scenarios/nuscenes/scene-0071-easy-00.yaml --base_path configs/sim/nuscenes_base.yaml --camera_path configs/sim/nuscenes_camera.yaml --kinematic_path configs/sim/kinematic.yaml --ad uniad --ad_cuda 0
/datasets/nuscenes-full/hugsim/outputs/nusc_uniad/scene-0071_easy_00/output.txt
/opt/sentinel-stack/UniAD_SIM/tools/e2e.sh 0 /datasets/nuscenes-full/hugsim/outputs/nusc_uniad/scene-0071_easy_00
Ready for simulation
ego pose [0.0, -2.49468859526631e-33, 0.0]
ego pose [0.0, 0.005926922082483207, 0.4375]
ego pose [0.004704186537528588, 0.011821573391263855, 0.9579346046462729]
ego pose [0.028606447107112163, 0.016574281129685155, 1.5658011108040544]
ego pose [0.09041214235495894, 0.025998880117858253, 2.1931103844680484]
ego pose [0.18088517350761082, 0.035701196028862986, 2.8357859320368948]
ego pose [0.2920679902396496, 0.04233550737421324, 3.4813537679223185]
ego pose [0.4238185613730453, 0.047754245601244714, 4.15129509656687]
ego pose [0.5566848704785178, 0.05589052239399003, 4.8295458479825015]
ego pose [0.6830536080032106, 0.06396786706048038, 5.529524588851899]
ego pose [0.7933711850790675, 0.06944660722006886, 6.254713268031994]
ego pose [0.8941244943125051, 0.07661796209657647, 6.975370384328782]
ego pose [0.994329036036489, 0.08801608081600806, 7.692359794959782]
ego pose [1.1005160844230133, 0.09745246918598337, 8.410267414953433]
ego pose [1.1956063538748014, 0.1142195390625529, 9.126860863145083]
ego pose [1.2702568876858276, 0.12058429316874016, 9.84910071443345]
ego pose [1.3215225166598379, 0.1290287368344907, 10.59904180116014]
ego pose [1.3676192637350038, 0.13610105535626701, 11.362267180409248]
ego pose [1.406995962683507, 0.14061050207995007, 11.938038446549214]
ego pose [1.435763201881797, 0.14442472461146566, 12.326591154676507]
ego pose [1.4557734007449128, 0.14642592777216226, 12.58377711836011]
ego pose [1.4694422785853216, 0.14893105166934476, 12.75401935184197]
ego pose [1.4986608090726397, 0.15413251446993395, 13.110625642095439]
ego pose [1.542326094869231, 0.1575043234354191, 13.597630762259513]
ego pose [1.5914932718199244, 0.16309294420417536, 14.174118084804741]
ego pose [1.636862794681175, 0.17127022516614518, 14.825545601131065]
ego pose [1.6840074234854294, 0.1795908298579087, 15.531941434433477]
ego pose [1.7365967657041226, 0.18911607643147288, 16.268356650454404]
ego pose [1.8003426768921884, 0.19767357067777103, 17.005495129027718]
ego pose [1.8780220102501493, 0.20750873607028675, 17.748295673301655]
ego pose [1.9663616538733562, 0.22585715052958544, 18.488197517154752]
ego pose [2.0455369832066843, 0.22954814830524917, 19.224752646845634]
ego pose [2.133933586416886, 0.2381054779856083, 19.941173447084335]
ego pose [2.2156116360455123, 0.24576762818385217, 20.469247818761172]
ego pose [2.2771253593033993, 0.2509198974169124, 20.816987488090977]
ego pose [2.3210320978405856, 0.25416248033478, 21.046191462679943]
ego pose [2.3514627847061784, 0.2565523964648327, 21.197385512658553]
ego pose [2.3721901280965505, 0.2581480046089034, 21.297181756426603]
ego pose [2.386156847303215, 0.2589936830516519, 21.363077601812968]
ego pose [2.395504374030578, 0.25977595466738385, 21.40660169060153]
ego pose [2.4446264795812684, 0.2630670300057591, 21.633358597363152]
ego pose [2.5281761526899285, 0.268899135948613, 22.009142851175675]
ego pose [2.6364723767147202, 0.2755796091441252, 22.495501416506315]
ego pose [2.7645852550636434, 0.2834166278253677, 23.052075722599078]
ego pose [2.9106913525741738, 0.2973164794139859, 23.648823825072185]
ego pose [3.0763671949981104, 0.3102786592813691, 24.28206214721546]
ego pose [3.2651211615526035, 0.32633986919971963, 24.952633151847937]
ego pose [3.4606582147528484, 0.3401088459879975, 25.65769205981625]
ego pose [3.6350898074087383, 0.3525215210184864, 26.37278125565742]
ego pose [3.7909336677147296, 0.3613795869067756, 27.13856868871602]
ego pose [3.9029440336764387, 0.37165637519229067, 27.929031284366374]
ego pose [3.9555754397899094, 0.39165093919718613, 28.737752469336453]
ego pose [3.9407404418052328, 0.40802608344719155, 29.571631015354715]
ego pose [3.879523652277134, 0.4198250352685005, 30.438248557631717]
ego pose [3.7946436486280155, 0.4365770233398041, 31.328604899507503]
ego pose [3.6698153997223812, 0.4498485797886331, 32.196157279457104]
ego pose [3.4895014034958174, 0.45897769683218004, 33.018691373172125]
ego pose [3.256082877504428, 0.4673008959343883, 33.79236281628727]
ego pose [2.970722458079208, 0.47276790605691615, 34.52570301392355]
ego pose [2.663352242912392, 0.48232817625267677, 35.22015775166177]
ego pose [2.3459901831079284, 0.48935383480546457, 35.90810657209928]
ego pose [2.0263392501314206, 0.49858389130797276, 36.624587550077884]
ego pose [1.7319473808224601, 0.5139885677486457, 37.36754969296914]
ego pose [1.4895595674298183, 0.5304196107468624, 38.13494952585477]
ego pose [1.3205042030993204, 0.5458425076129862, 38.88523257607402]
ego pose [1.195578324338147, 0.5532693404191645, 39.61019231554145]
ego pose [1.0881741635914368, 0.562772685614485, 40.322763230207144]
ego pose [0.9791443977557039, 0.574787142189759, 41.01726380029626]
ego pose [0.8540530245854863, 0.5839240050179663, 41.687857351594005]
ego pose [0.701451717722399, 0.5903051698613908, 42.3445035867663]
ego pose [0.5268632214947341, 0.5931622376576329, 42.985888719440084]
ego pose [0.3400851726144808, 0.5941985528475594, 43.64088777674931]
ego pose [0.16110975415094483, 0.5986509970216107, 44.30076704374656]
ego pose [0.01117647952960596, 0.6073964950792164, 44.95206535985392]
ego pose [-0.1311331258465618, 0.6197913447803799, 45.60822442029754]
ego pose [-0.28477582748222985, 0.6307818386404083, 46.27731897450678]
ego pose [-0.4658352920802936, 0.6421997739515448, 46.947606689686275]
ego pose [-0.6809530847414487, 0.6510773933650102, 47.57738139065703]
ego pose [-0.9249934028917781, 0.6602148677372509, 48.21392987024187]
ego pose [-1.17100639658701, 0.6708629415014029, 48.83269604685396]
ego pose [-1.4135570895346117, 0.6838020349524088, 49.43586155563249]
ego pose [-1.6663971942001858, 0.6973734379726277, 50.068516769798876]
ego pose [-1.8932590237114653, 0.7068542808009108, 50.684985246942375]
ego pose [-2.0889003304948646, 0.7174487770921807, 51.29601003786169]
ego pose [-2.2525577571181215, 0.7236980797229706, 51.91386321587587]
ego pose [-2.4042653119799287, 0.7303922517133542, 52.568214861157415]
ego pose [-2.513485072433996, 0.7420755467702536, 53.206828371924736]
ego pose [-2.5990263504580033, 0.7563273781347046, 53.8234425949055]
ego pose [-2.6760073095709322, 0.7694866989104541, 54.408760963909074]
ego pose [-2.7586218289517817, 0.7822261108749311, 54.97078981441733]
ego pose [-2.854590053423351, 0.7906861731383809, 55.53702358065383]
ego pose [-2.969873163423614, 0.7990189099515874, 56.11526534068997]
ego pose [-3.103717211319904, 0.8093465907301767, 56.74013253990332]
ego pose [-3.2418291722958883, 0.8200353015691574, 57.396064645211034]
ego pose [-3.3779888385400025, 0.831605604458989, 58.066582932484145]
ego pose [-3.510075606388487, 0.8428485578137134, 58.75327842807017]
ego pose [-3.613086504239513, 0.8515570652945501, 59.415329945943775]
ego pose [-3.7105803585147235, 0.8626074716461662, 60.08205284041814]
ego pose [-3.823196478116591, 0.8792786956531345, 60.77559936505625]
ego pose [-3.9618328968443968, 0.8871148175673054, 61.44640666752994]
ego pose [-4.110077608081211, 0.8958755606688712, 62.10985054960731]
ego pose [-4.2529061046430225, 0.9092785623842978, 62.77816928396431]
ego pose [-4.373014136088265, 0.9179996856992243, 63.45479203068563]
ego pose [-4.458543411321247, 0.9304986797869251, 64.12975738404006]
ego pose [-4.499847300765619, 0.9444445136957322, 64.76301942315226]
ego pose [-4.519729931239724, 0.9557873289509502, 65.37111664298295]
ego pose [-4.507565849393774, 0.9620338197763567, 65.92933798684342]
ego pose [-4.47133705899223, 0.9637804776434742, 66.51414542702311]
ego pose [-4.397384522223392, 0.9650782487595035, 67.0934357790491]
ego pose [-4.312309742851071, 0.9653259650379507, 67.48069272114886]
ego pose [-4.242553239659647, 0.966891855364985, 67.72711024519394]
ego pose [-4.191432349359608, 0.9676969846932268, 67.88438330461828]
ego pose [-4.155920063794007, 0.968416098485857, 67.9850782081]
ego pose [-4.131957942339586, 0.9687874871428551, 68.04970802729379]
ego pose [-4.040336720386491, 0.9699279230074453, 68.28921031456176]
ego pose [-3.8976704830508417, 0.9776635650984303, 68.61468706762457]
ego pose [-3.6905614186975177, 0.9875177322350892, 69.00096767338651]
ego pose [-3.411224874192098, 0.9966487345238488, 69.41911130414103]
ego pose [-3.056355736467003, 0.9981781149443767, 69.84093607917647]
ego pose [-2.606968670293547, 0.9999548564582058, 70.2823496460024]
ego pose [-2.264694213342439, 1.0026914314723856, 70.56267172500044]
ego pose [-2.03208979318554, 1.0047961676279484, 70.7303355463929]
ego pose [-1.8771690433087576, 1.0049544071233372, 70.83288713405433]
ego pose [-1.7751260459247686, 1.006107517267533, 70.89671649643931]
ego pose [-1.708343473603244, 1.006195716638065, 70.9369554212119]
ego pose [-1.4794935752228424, 1.007603160518226, 71.07149625152783]
ego pose [-1.0981151953638788, 1.0093878529891063, 71.2729952598217]
ego pose [-0.5854767933483992, 1.011589421769877, 71.4895664452029]
ego pose [0.036172542276104114, 1.0114297527526404, 71.67184054487439]
ego pose [0.7326481648730298, 1.008043372597329, 71.78276437615364]
ego pose [1.4750721669626554, 1.0005155497905405, 71.79986131526181]
ego pose [2.0281508994747632, 0.9974133877100605, 71.75228971851566]
ego pose [2.390966724845381, 0.9926447204111939, 71.69304653322529]
ego pose [2.624110087166904, 0.9925267106453817, 71.6429334160184]
ego pose [2.7741884571520226, 0.9922700143655677, 71.60557037580199]
ego pose [3.1044119359608926, 0.9932531245986577, 71.51598536901959]
ego pose [3.5639003038343815, 0.994615842040174, 71.37097682996585]
ego pose [4.0951208873652245, 0.9961840454182135, 71.17509319151372]
ego pose [4.687334927026612, 0.9979233742074236, 70.92194168546354]
ego pose [5.292141317675841, 1.004310422791737, 70.60727782807358]
ego pose [5.901527717890572, 1.003667922240958, 70.23992612206295]
ego pose [6.503803671425917, 0.9540137173262168, 69.83213665660375]
Far from preset trajectory
MoviePy - Building video /datasets/nuscenes-full/hugsim/outputs/nusc_uniad/scene-0071_easy_00/video.mp4.
MoviePy - Writing video /datasets/nuscenes-full/hugsim/outputs/nusc_uniad/scene-0071_easy_00/video.mp4

frame_index:   0%|          | 0/142 [00:00<?, ?it/s, now=None]frame_index:   7%|▋         | 10/142 [00:00<00:01, 95.99it/s, now=None]frame_index:  18%|█▊        | 26/142 [00:00<00:00, 128.51it/s, now=None]frame_index:  28%|██▊       | 40/142 [00:00<00:00, 132.52it/s, now=None]frame_index:  39%|███▉      | 56/142 [00:00<00:00, 140.46it/s, now=None]frame_index:  50%|█████     | 71/142 [00:00<00:00, 117.31it/s, now=None]frame_index:  59%|█████▉    | 84/142 [00:01<00:01, 42.19it/s, now=None] frame_index:  65%|██████▌   | 93/142 [00:02<00:02, 20.69it/s, now=None]frame_index:  70%|███████   | 100/142 [00:03<00:02, 17.24it/s, now=None]frame_index:  74%|███████▍  | 105/142 [00:03<00:02, 16.70it/s, now=None]frame_index:  77%|███████▋  | 109/142 [00:03<00:02, 14.96it/s, now=None]frame_index:  79%|███████▉  | 112/142 [00:04<00:02, 14.77it/s, now=None]frame_index:  81%|████████  | 115/142 [00:04<00:01, 13.81it/s, now=None]frame_index:  83%|████████▎ | 118/142 [00:04<00:01, 13.11it/s, now=None]frame_index:  85%|████████▍ | 120/142 [00:04<00:01, 12.63it/s, now=None]frame_index:  87%|████████▋ | 124/142 [00:05<00:01, 14.38it/s, now=None]frame_index:  89%|████████▊ | 126/142 [00:05<00:01, 12.18it/s, now=None]frame_index:  90%|█████████ | 128/142 [00:05<00:01, 11.00it/s, now=None]frame_index:  93%|█████████▎| 132/142 [00:05<00:00, 12.23it/s, now=None]frame_index:  97%|█████████▋| 138/142 [00:06<00:00, 15.88it/s, now=None]frame_index:  99%|█████████▊| 140/142 [00:06<00:00, 13.11it/s, now=None]frame_index: 100%|██████████| 142/142 [00:06<00:00, 11.10it/s, now=None]                                                                        MoviePy - Done !
MoviePy - video ready /datasets/nuscenes-full/hugsim/outputs/nusc_uniad/scene-0071_easy_00/video.mp4
this pkl file contains 1 experiment records.
current exp has 142 frames
frame 0 / 142
comfortable: [True, True, True, True, True, True]
frame 1 / 142
comfortable: [True, True, True, True, True, True]
frame 2 / 142
comfortable: [True, True, True, True, True, True]
frame 3 / 142
comfortable: [True, True, True, True, True, True]
frame 4 / 142
comfortable: [True, True, True, True, True, True]
frame 5 / 142
comfortable: [True, True, True, True, True, True]
frame 6 / 142
comfortable: [True, True, True, True, True, True]
frame 7 / 142
comfortable: [True, True, True, False, True, True]
frame 8 / 142
comfortable: [True, True, True, True, True, True]
frame 9 / 142
comfortable: [True, True, True, True, False, True]
frame 10 / 142
comfortable: [True, True, True, True, False, False]
frame 11 / 142
comfortable: [True, True, True, False, False, False]
frame 12 / 142
comfortable: [True, True, True, False, False, True]
frame 13 / 142
comfortable: [True, True, True, True, True, True]
frame 14 / 142
comfortable: [True, True, True, True, True, True]
frame 15 / 142
collision with background detected! @ timestep5
 failed to pass ttc collision check, t=1
comfortable: [True, True, True, True, True, True]
frame 16 / 142
collision with background detected! @ timestep5
 failed to pass ttc collision check, t=1
comfortable: [True, True, True, False, True, True]
frame 17 / 142
comfortable: [True, True, True, True, True, True]
frame 18 / 142
comfortable: [True, True, True, True, True, True]
frame 19 / 142
comfortable: [True, True, True, True, True, True]
frame 20 / 142
comfortable: [True, True, True, True, True, True]
frame 21 / 142
collision with background detected! @ timestep4
 failed to pass ttc collision check, t=1
comfortable: [True, True, True, True, True, True]
frame 22 / 142
collision with background detected! @ timestep5
 failed to pass ttc collision check, t=0.5
comfortable: [True, True, True, True, True, True]
frame 23 / 142
collision with background detected! @ timestep4
 failed to pass ttc collision check, t=0.5
comfortable: [True, True, True, True, True, True]
frame 24 / 142
collision with background detected! @ timestep5
collision with background detected! @ timestep4
 failed to pass ttc collision check, t=0.5
comfortable: [True, True, True, True, True, True]
frame 25 / 142
collision with background detected! @ timestep5
 failed to pass ttc collision check, t=0.5
comfortable: [True, True, True, True, True, True]
frame 26 / 142
collision with background detected! @ timestep4
collision with background detected! @ timestep3
 failed to pass ttc collision check, t=0.5
comfortable: [True, True, True, True, True, True]
frame 27 / 142
collision with background detected! @ timestep3
 failed to pass ttc collision check, t=0.5
comfortable: [True, True, True, True, True, True]
frame 28 / 142
collision with background detected! @ timestep3
collision with background detected! @ timestep2
 failed to pass ttc collision check, t=0.5
comfortable: [True, True, True, True, True, True]
frame 29 / 142
collision with background detected! @ timestep3
collision with background detected! @ timestep1
 failed to pass ttc collision check, t=0.5
comfortable: [True, True, True, True, True, True]
frame 30 / 142
collision with background detected! @ timestep1
collision with background detected! @ timestep0
 failed to pass ttc collision check, t=0.5
comfortable: [True, True, True, True, False, True]
frame 31 / 142
collision with background detected! @ timestep4
collision with background detected! @ timestep3
 failed to pass ttc collision check, t=0.5
comfortable: [True, True, True, True, False, False]
frame 32 / 142
comfortable: [True, True, True, True, True, True]
frame 33 / 142
comfortable: [True, True, True, True, True, True]
frame 34 / 142
comfortable: [True, True, True, True, True, True]
frame 35 / 142
comfortable: [True, True, True, True, True, True]
frame 36 / 142
comfortable: [True, True, True, True, True, True]
frame 37 / 142
collision with background detected! @ timestep0
collision with background detected! @ timestep0
 failed to pass ttc collision check, t=0.5
comfortable: [True, True, True, True, True, True]
frame 38 / 142
collision with background detected! @ timestep0
collision with background detected! @ timestep0
 failed to pass ttc collision check, t=0.5
comfortable: [True, True, True, True, True, True]
frame 39 / 142
collision with background detected! @ timestep0
collision with background detected! @ timestep0
 failed to pass ttc collision check, t=0.5
comfortable: [True, True, True, True, True, True]
frame 40 / 142
collision with background detected! @ timestep0
collision with background detected! @ timestep0
 failed to pass ttc collision check, t=0.5
comfortable: [True, True, True, True, True, True]
frame 41 / 142
collision with background detected! @ timestep0
collision with background detected! @ timestep0
 failed to pass ttc collision check, t=0.5
comfortable: [True, True, True, False, True, True]
frame 42 / 142
collision with background detected! @ timestep0
collision with background detected! @ timestep0
 failed to pass ttc collision check, t=0.5
comfortable: [True, True, True, False, True, True]
frame 43 / 142
collision with background detected! @ timestep0
collision with background detected! @ timestep0
 failed to pass ttc collision check, t=0.5
comfortable: [True, True, True, True, True, True]
frame 44 / 142
collision with background detected! @ timestep0
collision with background detected! @ timestep0
 failed to pass ttc collision check, t=0.5
comfortable: [True, True, False, False, True, True]
frame 45 / 142
collision with background detected! @ timestep0
collision with background detected! @ timestep0
 failed to pass ttc collision check, t=0.5
comfortable: [True, True, True, True, True, True]
frame 46 / 142
collision with background detected! @ timestep0
collision with background detected! @ timestep0
 failed to pass ttc collision check, t=0.5
comfortable: [True, True, True, True, True, True]
frame 47 / 142
collision with background detected! @ timestep0
collision with background detected! @ timestep0
 failed to pass ttc collision check, t=0.5
comfortable: [True, True, True, True, True, True]
frame 48 / 142
collision with background detected! @ timestep0
collision with background detected! @ timestep0
 failed to pass ttc collision check, t=0.5
comfortable: [True, True, True, True, False, True]
frame 49 / 142
collision with background detected! @ timestep0
collision with background detected! @ timestep0
 failed to pass ttc collision check, t=0.5
comfortable: [True, True, True, True, True, True]
frame 50 / 142
collision with background detected! @ timestep0
collision with background detected! @ timestep0
 failed to pass ttc collision check, t=0.5
comfortable: [True, True, True, False, True, True]
frame 51 / 142
collision with background detected! @ timestep0
collision with background detected! @ timestep0
 failed to pass ttc collision check, t=0.5
comfortable: [True, True, True, True, True, True]
frame 52 / 142
collision with background detected! @ timestep0
collision with background detected! @ timestep0
 failed to pass ttc collision check, t=0.5
comfortable: [True, True, True, True, True, True]
frame 53 / 142
collision with background detected! @ timestep0
collision with background detected! @ timestep0
 failed to pass ttc collision check, t=0.5
comfortable: [True, True, True, True, True, True]
frame 54 / 142
collision with background detected! @ timestep0
comfortable: [True, True, True, True, True, True]
frame 55 / 142
comfortable: [True, True, True, True, True, True]
frame 56 / 142
comfortable: [True, True, True, True, True, True]
frame 57 / 142
comfortable: [True, True, True, True, True, True]
frame 58 / 142
comfortable: [True, True, False, False, True, True]
frame 59 / 142
comfortable: [True, True, False, False, True, True]
frame 60 / 142
comfortable: [True, True, True, False, True, True]
frame 61 / 142
comfortable: [True, True, True, False, True, True]
frame 62 / 142
comfortable: [True, True, True, True, True, True]
frame 63 / 142
comfortable: [True, True, True, True, True, True]
frame 64 / 142
comfortable: [True, True, True, True, True, True]
frame 65 / 142
comfortable: [True, True, True, True, True, True]
frame 66 / 142
comfortable: [True, True, True, True, True, True]
frame 67 / 142
comfortable: [True, True, True, True, True, True]
frame 68 / 142
comfortable: [True, True, True, True, True, True]
frame 69 / 142
comfortable: [True, True, True, True, True, True]
frame 70 / 142
comfortable: [True, True, True, True, True, True]
frame 71 / 142
comfortable: [True, True, True, True, True, True]
frame 72 / 142
comfortable: [True, True, True, True, True, True]
frame 73 / 142
comfortable: [True, True, True, True, True, True]
frame 74 / 142
comfortable: [True, True, True, True, True, True]
frame 75 / 142
comfortable: [True, True, True, True, True, True]
frame 76 / 142
comfortable: [True, True, True, True, True, True]
frame 77 / 142
comfortable: [True, True, True, True, True, True]
frame 78 / 142
comfortable: [True, True, True, True, True, True]
frame 79 / 142
comfortable: [True, True, True, True, True, True]
frame 80 / 142
comfortable: [True, True, True, True, True, True]
frame 81 / 142
comfortable: [True, True, True, True, True, True]
frame 82 / 142
comfortable: [True, True, True, True, True, True]
frame 83 / 142
comfortable: [True, True, True, True, True, True]
frame 84 / 142
comfortable: [True, True, True, True, True, True]
frame 85 / 142
comfortable: [True, True, True, True, True, True]
frame 86 / 142
comfortable: [True, True, True, True, False, True]
frame 87 / 142
comfortable: [True, True, True, True, True, True]
frame 88 / 142
comfortable: [True, True, True, True, True, True]
frame 89 / 142
comfortable: [True, True, True, True, True, True]
frame 90 / 142
comfortable: [True, True, True, True, True, True]
frame 91 / 142
comfortable: [True, True, True, True, True, True]
frame 92 / 142
comfortable: [True, True, True, True, True, True]
frame 93 / 142
comfortable: [True, True, True, True, True, True]
frame 94 / 142
comfortable: [True, True, True, True, True, True]
frame 95 / 142
comfortable: [True, True, True, True, True, True]
frame 96 / 142
comfortable: [True, True, True, True, True, True]
frame 97 / 142
comfortable: [True, True, True, False, True, True]
frame 98 / 142
comfortable: [True, True, True, False, True, True]
frame 99 / 142
comfortable: [True, True, True, True, True, True]
frame 100 / 142
comfortable: [True, True, True, True, True, True]
frame 101 / 142
comfortable: [True, True, True, True, True, True]
frame 102 / 142
comfortable: [True, True, True, True, True, True]
frame 103 / 142
comfortable: [True, True, True, True, False, True]
frame 104 / 142
comfortable: [True, True, True, True, True, True]
frame 105 / 142
comfortable: [True, True, True, True, False, False]
frame 106 / 142
comfortable: [True, True, True, True, True, True]
frame 107 / 142
comfortable: [True, True, True, True, True, True]
frame 108 / 142
comfortable: [True, True, True, True, True, True]
frame 109 / 142
comfortable: [True, True, True, True, True, True]
frame 110 / 142
comfortable: [True, True, True, True, True, True]
frame 111 / 142
comfortable: [True, True, True, True, True, True]
frame 112 / 142
comfortable: [True, True, True, True, True, True]
frame 113 / 142
comfortable: [True, True, True, True, True, True]
frame 114 / 142
comfortable: [True, True, True, True, True, True]
frame 115 / 142
comfortable: [True, True, True, True, False, False]
frame 116 / 142
comfortable: [True, True, True, True, False, False]
frame 117 / 142
comfortable: [True, False, False, False, False, False]
frame 118 / 142
comfortable: [True, False, False, False, False, False]
frame 119 / 142
comfortable: [True, True, True, True, True, True]
frame 120 / 142
comfortable: [True, True, True, True, True, True]
frame 121 / 142
comfortable: [True, True, True, True, True, True]
frame 122 / 142
comfortable: [True, True, True, True, True, True]
frame 123 / 142
comfortable: [True, True, True, True, True, True]
frame 124 / 142
comfortable: [True, True, True, True, True, True]
frame 125 / 142
comfortable: [True, True, True, False, True, True]
frame 126 / 142
comfortable: [True, True, True, True, True, True]
frame 127 / 142
comfortable: [True, True, True, True, True, True]
frame 128 / 142
comfortable: [True, True, True, True, True, True]
frame 129 / 142
comfortable: [True, True, True, True, True, True]
frame 130 / 142
comfortable: [True, True, True, True, True, True]
frame 131 / 142
comfortable: [True, True, True, True, True, True]
frame 132 / 142
comfortable: [True, True, True, True, True, True]
frame 133 / 142
comfortable: [True, True, True, True, True, True]
frame 134 / 142
comfortable: [True, True, True, True, True, True]
frame 135 / 142
comfortable: [True, True, True, True, True, True]
frame 136 / 142
comfortable: [True, True, True, True, True, True]
frame 137 / 142
comfortable: [True, True, True, True, True, True]
frame 138 / 142
comfortable: [True, True, True, True, True, True]
frame 139 / 142
comfortable: [True, True, True, True, True, True]
frame 140 / 142
comfortable: [True, True, True, True, True, True]
frame 141 / 142
comfortable: [True, True, True, True, True, True]
The score of experiment is (0.7555331991951707, 0.7969217070533613, 0.6021008068381027, {'nc': 0.8309859154929577, 'dac': 1.0, 'ttc': 0.7887323943661971, 'c': 0.8098591549295775, 'pdms': 0.7555331991951707}, {0.25: {'nc': 1.0, 'dac': 1.0, 'ttc': 1.0, 'c': 1.0, 'pdms': 1.0}, 0.5: {'nc': 1.0, 'dac': 1.0, 'ttc': 1.0, 'c': 1.0, 'pdms': 1.0}, 0.75: {'nc': 1.0, 'dac': 1.0, 'ttc': 1.0, 'c': 1.0, 'pdms': 1.0}, 1.0: {'nc': 1.0, 'dac': 1.0, 'ttc': 1.0, 'c': 1.0, 'pdms': 1.0}, 1.25: {'nc': 1.0, 'dac': 1.0, 'ttc': 1.0, 'c': 1.0, 'pdms': 1.0}, 1.5: {'nc': 1.0, 'dac': 1.0, 'ttc': 1.0, 'c': 1.0, 'pdms': 1.0}, 1.75: {'nc': 1.0, 'dac': 1.0, 'ttc': 1.0, 'c': 1.0, 'pdms': 1.0}, 2.0: {'nc': 1.0, 'dac': 1.0, 'ttc': 1.0, 'c': 0.0, 'pdms': 0.7142857142857143}, 2.25: {'nc': 1.0, 'dac': 1.0, 'ttc': 1.0, 'c': 1.0, 'pdms': 1.0}, 2.5: {'nc': 1.0, 'dac': 1.0, 'ttc': 1.0, 'c': 0.0, 'pdms': 0.7142857142857143}, 2.75: {'nc': 1.0, 'dac': 1.0, 'ttc': 1.0, 'c': 0.0, 'pdms': 0.7142857142857143}, 3.0: {'nc': 1.0, 'dac': 1.0, 'ttc': 1.0, 'c': 0.0, 'pdms': 0.7142857142857143}, 3.25: {'nc': 1.0, 'dac': 1.0, 'ttc': 1.0, 'c': 0.0, 'pdms': 0.7142857142857143}, 3.5: {'nc': 1.0, 'dac': 1.0, 'ttc': 1.0, 'c': 1.0, 'pdms': 1.0}, 3.75: {'nc': 1.0, 'dac': 1.0, 'ttc': 1.0, 'c': 1.0, 'pdms': 1.0}, 4.0: {'nc': 1.0, 'dac': 1.0, 'ttc': 0.0, 'c': 1.0, 'pdms': 0.2857142857142857}, 4.25: {'nc': 1.0, 'dac': 1.0, 'ttc': 0.0, 'c': 0.0, 'pdms': 0.0}, 4.5: {'nc': 1.0, 'dac': 1.0, 'ttc': 1.0, 'c': 1.0, 'pdms': 1.0}, 4.75: {'nc': 1.0, 'dac': 1.0, 'ttc': 1.0, 'c': 1.0, 'pdms': 1.0}, 5.0: {'nc': 1.0, 'dac': 1.0, 'ttc': 1.0, 'c': 1.0, 'pdms': 1.0}, 5.25: {'nc': 1.0, 'dac': 1.0, 'ttc': 1.0, 'c': 1.0, 'pdms': 1.0}, 5.5: {'nc': 1.0, 'dac': 1.0, 'ttc': 0.0, 'c': 1.0, 'pdms': 0.2857142857142857}, 5.75: {'nc': 1.0, 'dac': 1.0, 'ttc': 0.0, 'c': 1.0, 'pdms': 0.2857142857142857}, 6.0: {'nc': 1.0, 'dac': 1.0, 'ttc': 0.0, 'c': 1.0, 'pdms': 0.2857142857142857}, 6.25: {'nc': 0.0, 'dac': 1.0, 'ttc': 0.0, 'c': 1.0, 'pdms': 0.0}, 6.5: {'nc': 1.0, 'dac': 1.0, 'ttc': 0.0, 'c': 1.0, 'pdms': 0.2857142857142857}, 6.75: {'nc': 0.0, 'dac': 1.0, 'ttc': 0.0, 'c': 1.0, 'pdms': 0.0}, 7.0: {'nc': 1.0, 'dac': 1.0, 'ttc': 0.0, 'c': 1.0, 'pdms': 0.2857142857142857}, 7.25: {'nc': 0.0, 'dac': 1.0, 'ttc': 0.0, 'c': 1.0, 'pdms': 0.0}, 7.5: {'nc': 0.0, 'dac': 1.0, 'ttc': 0.0, 'c': 1.0, 'pdms': 0.0}, 7.75: {'nc': 0.0, 'dac': 1.0, 'ttc': 0.0, 'c': 0.0, 'pdms': 0.0}, 8.0: {'nc': 0.0, 'dac': 1.0, 'ttc': 0.0, 'c': 0.0, 'pdms': 0.0}, 8.25: {'nc': 1.0, 'dac': 1.0, 'ttc': 1.0, 'c': 1.0, 'pdms': 1.0}, 8.5: {'nc': 1.0, 'dac': 1.0, 'ttc': 1.0, 'c': 1.0, 'pdms': 1.0}, 8.75: {'nc': 1.0, 'dac': 1.0, 'ttc': 1.0, 'c': 1.0, 'pdms': 1.0}, 9.0: {'nc': 1.0, 'dac': 1.0, 'ttc': 1.0, 'c': 1.0, 'pdms': 1.0}, 9.25: {'nc': 1.0, 'dac': 1.0, 'ttc': 1.0, 'c': 1.0, 'pdms': 1.0}, 9.5: {'nc': 0.0, 'dac': 1.0, 'ttc': 0.0, 'c': 1.0, 'pdms': 0.0}, 9.75: {'nc': 0.0, 'dac': 1.0, 'ttc': 0.0, 'c': 1.0, 'pdms': 0.0}, 10.0: {'nc': 0.0, 'dac': 1.0, 'ttc': 0.0, 'c': 1.0, 'pdms': 0.0}, 10.25: {'nc': 0.0, 'dac': 1.0, 'ttc': 0.0, 'c': 1.0, 'pdms': 0.0}, 10.5: {'nc': 0.0, 'dac': 1.0, 'ttc': 0.0, 'c': 0.0, 'pdms': 0.0}, 10.75: {'nc': 0.0, 'dac': 1.0, 'ttc': 0.0, 'c': 0.0, 'pdms': 0.0}, 11.0: {'nc': 0.0, 'dac': 1.0, 'ttc': 0.0, 'c': 1.0, 'pdms': 0.0}, 11.25: {'nc': 0.0, 'dac': 1.0, 'ttc': 0.0, 'c': 0.0, 'pdms': 0.0}, 11.5: {'nc': 0.0, 'dac': 1.0, 'ttc': 0.0, 'c': 1.0, 'pdms': 0.0}, 11.75: {'nc': 0.0, 'dac': 1.0, 'ttc': 0.0, 'c': 1.0, 'pdms': 0.0}, 12.0: {'nc': 0.0, 'dac': 1.0, 'ttc': 0.0, 'c': 1.0, 'pdms': 0.0}, 12.25: {'nc': 0.0, 'dac': 1.0, 'ttc': 0.0, 'c': 0.0, 'pdms': 0.0}, 12.5: {'nc': 0.0, 'dac': 1.0, 'ttc': 0.0, 'c': 1.0, 'pdms': 0.0}, 12.75: {'nc': 0.0, 'dac': 1.0, 'ttc': 0.0, 'c': 0.0, 'pdms': 0.0}, 13.0: {'nc': 0.0, 'dac': 1.0, 'ttc': 0.0, 'c': 1.0, 'pdms': 0.0}, 13.25: {'nc': 0.0, 'dac': 1.0, 'ttc': 0.0, 'c': 1.0, 'pdms': 0.0}, 13.5: {'nc': 0.0, 'dac': 1.0, 'ttc': 0.0, 'c': 1.0, 'pdms': 0.0}, 13.75: {'nc': 0.0, 'dac': 1.0, 'ttc': 1.0, 'c': 1.0, 'pdms': 0.0}, 14.0: {'nc': 1.0, 'dac': 1.0, 'ttc': 1.0, 'c': 1.0, 'pdms': 1.0}, 14.25: {'nc': 1.0, 'dac': 1.0, 'ttc': 1.0, 'c': 1.0, 'pdms': 1.0}, 14.5: {'nc': 1.0, 'dac': 1.0, 'ttc': 1.0, 'c': 1.0, 'pdms': 1.0}, 14.75: {'nc': 1.0, 'dac': 1.0, 'ttc': 1.0, 'c': 0.0, 'pdms': 0.7142857142857143}, 15.0: {'nc': 1.0, 'dac': 1.0, 'ttc': 1.0, 'c': 0.0, 'pdms': 0.7142857142857143}, 15.25: {'nc': 1.0, 'dac': 1.0, 'ttc': 1.0, 'c': 0.0, 'pdms': 0.7142857142857143}, 15.5: {'nc': 1.0, 'dac': 1.0, 'ttc': 1.0, 'c': 0.0, 'pdms': 0.7142857142857143}, 15.75: {'nc': 1.0, 'dac': 1.0, 'ttc': 1.0, 'c': 1.0, 'pdms': 1.0}, 16.0: {'nc': 1.0, 'dac': 1.0, 'ttc': 1.0, 'c': 1.0, 'pdms': 1.0}, 16.25: {'nc': 1.0, 'dac': 1.0, 'ttc': 1.0, 'c': 1.0, 'pdms': 1.0}, 16.5: {'nc': 1.0, 'dac': 1.0, 'ttc': 1.0, 'c': 1.0, 'pdms': 1.0}, 16.75: {'nc': 1.0, 'dac': 1.0, 'ttc': 1.0, 'c': 1.0, 'pdms': 1.0}, 17.0: {'nc': 1.0, 'dac': 1.0, 'ttc': 1.0, 'c': 1.0, 'pdms': 1.0}, 17.25: {'nc': 1.0, 'dac': 1.0, 'ttc': 1.0, 'c': 1.0, 'pdms': 1.0}, 17.5: {'nc': 1.0, 'dac': 1.0, 'ttc': 1.0, 'c': 1.0, 'pdms': 1.0}, 17.75: {'nc': 1.0, 'dac': 1.0, 'ttc': 1.0, 'c': 1.0, 'pdms': 1.0}, 18.0: {'nc': 1.0, 'dac': 1.0, 'ttc': 1.0, 'c': 1.0, 'pdms': 1.0}, 18.25: {'nc': 1.0, 'dac': 1.0, 'ttc': 1.0, 'c': 1.0, 'pdms': 1.0}, 18.5: {'nc': 1.0, 'dac': 1.0, 'ttc': 1.0, 'c': 1.0, 'pdms': 1.0}, 18.75: {'nc': 1.0, 'dac': 1.0, 'ttc': 1.0, 'c': 1.0, 'pdms': 1.0}, 19.0: {'nc': 1.0, 'dac': 1.0, 'ttc': 1.0, 'c': 1.0, 'pdms': 1.0}, 19.25: {'nc': 1.0, 'dac': 1.0, 'ttc': 1.0, 'c': 1.0, 'pdms': 1.0}, 19.5: {'nc': 1.0, 'dac': 1.0, 'ttc': 1.0, 'c': 1.0, 'pdms': 1.0}, 19.75: {'nc': 1.0, 'dac': 1.0, 'ttc': 1.0, 'c': 1.0, 'pdms': 1.0}, 20.0: {'nc': 1.0, 'dac': 1.0, 'ttc': 1.0, 'c': 1.0, 'pdms': 1.0}, 20.25: {'nc': 1.0, 'dac': 1.0, 'ttc': 1.0, 'c': 1.0, 'pdms': 1.0}, 20.5: {'nc': 1.0, 'dac': 1.0, 'ttc': 1.0, 'c': 1.0, 'pdms': 1.0}, 20.75: {'nc': 1.0, 'dac': 1.0, 'ttc': 1.0, 'c': 1.0, 'pdms': 1.0}, 21.0: {'nc': 1.0, 'dac': 1.0, 'ttc': 1.0, 'c': 1.0, 'pdms': 1.0}, 21.25: {'nc': 1.0, 'dac': 1.0, 'ttc': 1.0, 'c': 1.0, 'pdms': 1.0}, 21.5: {'nc': 1.0, 'dac': 1.0, 'ttc': 1.0, 'c': 1.0, 'pdms': 1.0}, 21.75: {'nc': 1.0, 'dac': 1.0, 'ttc': 1.0, 'c': 0.0, 'pdms': 0.7142857142857143}, 22.0: {'nc': 1.0, 'dac': 1.0, 'ttc': 1.0, 'c': 1.0, 'pdms': 1.0}, 22.25: {'nc': 1.0, 'dac': 1.0, 'ttc': 1.0, 'c': 1.0, 'pdms': 1.0}, 22.5: {'nc': 1.0, 'dac': 1.0, 'ttc': 1.0, 'c': 1.0, 'pdms': 1.0}, 22.75: {'nc': 1.0, 'dac': 1.0, 'ttc': 1.0, 'c': 1.0, 'pdms': 1.0}, 23.0: {'nc': 1.0, 'dac': 1.0, 'ttc': 1.0, 'c': 1.0, 'pdms': 1.0}, 23.25: {'nc': 1.0, 'dac': 1.0, 'ttc': 1.0, 'c': 1.0, 'pdms': 1.0}, 23.5: {'nc': 1.0, 'dac': 1.0, 'ttc': 1.0, 'c': 1.0, 'pdms': 1.0}, 23.75: {'nc': 1.0, 'dac': 1.0, 'ttc': 1.0, 'c': 1.0, 'pdms': 1.0}, 24.0: {'nc': 1.0, 'dac': 1.0, 'ttc': 1.0, 'c': 1.0, 'pdms': 1.0}, 24.25: {'nc': 1.0, 'dac': 1.0, 'ttc': 1.0, 'c': 1.0, 'pdms': 1.0}, 24.5: {'nc': 1.0, 'dac': 1.0, 'ttc': 1.0, 'c': 0.0, 'pdms': 0.7142857142857143}, 24.75: {'nc': 1.0, 'dac': 1.0, 'ttc': 1.0, 'c': 0.0, 'pdms': 0.7142857142857143}, 25.0: {'nc': 1.0, 'dac': 1.0, 'ttc': 1.0, 'c': 1.0, 'pdms': 1.0}, 25.25: {'nc': 1.0, 'dac': 1.0, 'ttc': 1.0, 'c': 1.0, 'pdms': 1.0}, 25.5: {'nc': 1.0, 'dac': 1.0, 'ttc': 1.0, 'c': 1.0, 'pdms': 1.0}, 25.75: {'nc': 1.0, 'dac': 1.0, 'ttc': 1.0, 'c': 1.0, 'pdms': 1.0}, 26.0: {'nc': 1.0, 'dac': 1.0, 'ttc': 1.0, 'c': 0.0, 'pdms': 0.7142857142857143}, 26.25: {'nc': 1.0, 'dac': 1.0, 'ttc': 1.0, 'c': 1.0, 'pdms': 1.0}, 26.5: {'nc': 1.0, 'dac': 1.0, 'ttc': 1.0, 'c': 0.0, 'pdms': 0.7142857142857143}, 26.75: {'nc': 1.0, 'dac': 1.0, 'ttc': 1.0, 'c': 1.0, 'pdms': 1.0}, 27.0: {'nc': 1.0, 'dac': 1.0, 'ttc': 1.0, 'c': 1.0, 'pdms': 1.0}, 27.25: {'nc': 1.0, 'dac': 1.0, 'ttc': 1.0, 'c': 1.0, 'pdms': 1.0}, 27.5: {'nc': 1.0, 'dac': 1.0, 'ttc': 1.0, 'c': 1.0, 'pdms': 1.0}, 27.75: {'nc': 1.0, 'dac': 1.0, 'ttc': 1.0, 'c': 1.0, 'pdms': 1.0}, 28.0: {'nc': 1.0, 'dac': 1.0, 'ttc': 1.0, 'c': 1.0, 'pdms': 1.0}, 28.25: {'nc': 1.0, 'dac': 1.0, 'ttc': 1.0, 'c': 1.0, 'pdms': 1.0}, 28.5: {'nc': 1.0, 'dac': 1.0, 'ttc': 1.0, 'c': 1.0, 'pdms': 1.0}, 28.75: {'nc': 1.0, 'dac': 1.0, 'ttc': 1.0, 'c': 1.0, 'pdms': 1.0}, 29.0: {'nc': 1.0, 'dac': 1.0, 'ttc': 1.0, 'c': 0.0, 'pdms': 0.7142857142857143}, 29.25: {'nc': 1.0, 'dac': 1.0, 'ttc': 1.0, 'c': 0.0, 'pdms': 0.7142857142857143}, 29.5: {'nc': 1.0, 'dac': 1.0, 'ttc': 1.0, 'c': 0.0, 'pdms': 0.7142857142857143}, 29.75: {'nc': 1.0, 'dac': 1.0, 'ttc': 1.0, 'c': 0.0, 'pdms': 0.7142857142857143}, 30.0: {'nc': 1.0, 'dac': 1.0, 'ttc': 1.0, 'c': 1.0, 'pdms': 1.0}, 30.25: {'nc': 1.0, 'dac': 1.0, 'ttc': 1.0, 'c': 1.0, 'pdms': 1.0}, 30.5: {'nc': 1.0, 'dac': 1.0, 'ttc': 1.0, 'c': 1.0, 'pdms': 1.0}, 30.75: {'nc': 1.0, 'dac': 1.0, 'ttc': 1.0, 'c': 1.0, 'pdms': 1.0}, 31.0: {'nc': 1.0, 'dac': 1.0, 'ttc': 1.0, 'c': 1.0, 'pdms': 1.0}, 31.25: {'nc': 1.0, 'dac': 1.0, 'ttc': 1.0, 'c': 1.0, 'pdms': 1.0}, 31.5: {'nc': 1.0, 'dac': 1.0, 'ttc': 1.0, 'c': 0.0, 'pdms': 0.7142857142857143}, 31.75: {'nc': 1.0, 'dac': 1.0, 'ttc': 1.0, 'c': 1.0, 'pdms': 1.0}, 32.0: {'nc': 1.0, 'dac': 1.0, 'ttc': 1.0, 'c': 1.0, 'pdms': 1.0}, 32.25: {'nc': 1.0, 'dac': 1.0, 'ttc': 1.0, 'c': 1.0, 'pdms': 1.0}, 32.5: {'nc': 1.0, 'dac': 1.0, 'ttc': 1.0, 'c': 1.0, 'pdms': 1.0}, 32.75: {'nc': 1.0, 'dac': 1.0, 'ttc': 1.0, 'c': 1.0, 'pdms': 1.0}, 33.0: {'nc': 1.0, 'dac': 1.0, 'ttc': 1.0, 'c': 1.0, 'pdms': 1.0}, 33.25: {'nc': 1.0, 'dac': 1.0, 'ttc': 1.0, 'c': 1.0, 'pdms': 1.0}, 33.5: {'nc': 1.0, 'dac': 1.0, 'ttc': 1.0, 'c': 1.0, 'pdms': 1.0}, 33.75: {'nc': 1.0, 'dac': 1.0, 'ttc': 1.0, 'c': 1.0, 'pdms': 1.0}, 34.0: {'nc': 1.0, 'dac': 1.0, 'ttc': 1.0, 'c': 1.0, 'pdms': 1.0}, 34.25: {'nc': 1.0, 'dac': 1.0, 'ttc': 1.0, 'c': 1.0, 'pdms': 1.0}, 34.5: {'nc': 1.0, 'dac': 1.0, 'ttc': 1.0, 'c': 1.0, 'pdms': 1.0}, 34.75: {'nc': 1.0, 'dac': 1.0, 'ttc': 1.0, 'c': 1.0, 'pdms': 1.0}, 35.0: {'nc': 1.0, 'dac': 1.0, 'ttc': 1.0, 'c': 1.0, 'pdms': 1.0}, 35.25: {'nc': 1.0, 'dac': 1.0, 'ttc': 1.0, 'c': 1.0, 'pdms': 1.0}, 35.5: {'nc': 1.0, 'dac': 1.0, 'ttc': 1.0, 'c': 1.0, 'pdms': 1.0}}).
=============================Results=============================
'nc': 0.8309859154929577
'dac': 1.0
'ttc': 0.7887323943661971
'c': 0.8098591549295775
'pdms': 0.7555331991951707
'rc': 0.7969217070533613
'hdscore': 0.6021008068381027
The AD algorithm is still running, remaining tolerant 100.
The AD algorithm is still running, remaining tolerant 95.
The AD algorithm is still running, remaining tolerant 90.
The AD algorithm is still running, remaining tolerant 85.
The AD algorithm is still running, remaining tolerant 80.
The AD algorithm is still running, remaining tolerant 75.
The AD algorithm is still running, remaining tolerant 70.
The AD algorithm is still running, remaining tolerant 65.
The AD algorithm is still running, remaining tolerant 60.
The AD algorithm completed with return code 0.
+ rc=0
+ echo 'I107_SLOT_RC=0 i106_s09_iter48_easy_medium_long_lead_fire_ttc_only_scene_0071_easy_00_r2 scene-0071-easy-00 on a1'
I107_SLOT_RC=0 i106_s09_iter48_easy_medium_long_lead_fire_ttc_only_scene_0071_easy_00_r2 scene-0071-easy-00 on a1
+ docker rm -f hugsim_uniad_client
++ python3 -c '
import json, math
try:
    v = json.load(open('\''/datasets/nuscenes-full/hugsim/outputs/nusc_uniad/scene-0071_easy_00/eval.json'\'')).get('\''hdscore'\'')
    print(v if isinstance(v, (int, float)) and math.isfinite(v) else '\''INVALID'\'')
except Exception:
    print('\''MISSING'\'')
'
+ hd=0.6021008068381027
++ python3 -c '
import json
try:
    data = json.load(open('\''/datasets/nuscenes-full/hugsim/outputs/nusc_uniad/scene-0071_easy_00/eval.json'\''))
    print(1 if '\''collision_provenance'\'' in data else 0)
except Exception:
    print(0)
'
+ provenance=1
++ grep -c sent /datasets/nuscenes-full/hugsim/outputs/nusc_uniad/scene-0071_easy_00/output.txt
+ steps=142
+ '[' -n 142 ']'
++ grep -c 'SENTINEL_I48_UNION_PATCH_LOADED enabled=1' /datasets/nuscenes-full/hugsim/outputs/nusc_uniad/scene-0071_easy_00/output.txt
+ marker=1
+ '[' -n 1 ']'
+ decisions=0
+ '[' -s /datasets/nuscenes-full/hugsim/outputs/nusc_uniad/scene-0071_easy_00/sentinel_iter48_decisions.jsonl ']'
++ grep -c 'SENTINEL_I48_DECISION frame=' /datasets/nuscenes-full/hugsim/outputs/nusc_uniad/scene-0071_easy_00/output.txt
+ '[' 142 -gt 0 ']'
+ decisions=1
+ '[' 0 = 0 ']'
+ '[' 0.6021008068381027 '!=' MISSING ']'
+ '[' 0.6021008068381027 '!=' INVALID ']'
+ '[' 1 = 1 ']'
+ '[' 142 -gt 0 ']'
+ '[' 1 -gt 0 ']'
+ '[' 1 = 1 ']'
+ rm -rf /datasets/nuscenes-full/hugsim/iter107_runs/i106_s09_iter48_easy_medium_long_lead_fire_ttc_only_scene_0071_easy_00_r2__scene-0071-easy-00__on
+ mkdir -p /datasets/nuscenes-full/hugsim/iter107_runs/i106_s09_iter48_easy_medium_long_lead_fire_ttc_only_scene_0071_easy_00_r2__scene-0071-easy-00__on
+ find /datasets/nuscenes-full/hugsim/outputs/nusc_uniad/scene-0071_easy_00 -type p -delete
+ mv /datasets/nuscenes-full/hugsim/outputs/nusc_uniad/scene-0071_easy_00/data.pkl /datasets/nuscenes-full/hugsim/outputs/nusc_uniad/scene-0071_easy_00/eval.json /datasets/nuscenes-full/hugsim/outputs/nusc_uniad/scene-0071_easy_00/ground.ply /datasets/nuscenes-full/hugsim/outputs/nusc_uniad/scene-0071_easy_00/infos.pkl /datasets/nuscenes-full/hugsim/outputs/nusc_uniad/scene-0071_easy_00/output.txt /datasets/nuscenes-full/hugsim/outputs/nusc_uniad/scene-0071_easy_00/scene.ply /datasets/nuscenes-full/hugsim/outputs/nusc_uniad/scene-0071_easy_00/sentinel_iter48_decisions.jsonl /datasets/nuscenes-full/hugsim/outputs/nusc_uniad/scene-0071_easy_00/uniad /datasets/nuscenes-full/hugsim/outputs/nusc_uniad/scene-0071_easy_00/video.mp4 /datasets/nuscenes-full/hugsim/iter107_runs/i106_s09_iter48_easy_medium_long_lead_fire_ttc_only_scene_0071_easy_00_r2__scene-0071-easy-00__on/
+ rmdir /datasets/nuscenes-full/hugsim/outputs/nusc_uniad/scene-0071_easy_00
++ date -u +%s
+ printf '{"slot_id":"%s","scenario":"%s","arm":"on","attempt":%s,"rc":%s,"hdscore":%s,"steps":%s,"start_epoch":%s,"end_epoch":%s}\n' i106_s09_iter48_easy_medium_long_lead_fire_ttc_only_scene_0071_easy_00_r2 scene-0071-easy-00 1 0 0.6021008068381027 142 1784013603 1784014065
+ echo 'I107_SLOT_DONE i106_s09_iter48_easy_medium_long_lead_fire_ttc_only_scene_0071_easy_00_r2 scene-0071-easy-00 on ok hd=0.6021008068381027 steps=142'
I107_SLOT_DONE i106_s09_iter48_easy_medium_long_lead_fire_ttc_only_scene_0071_easy_00_r2 scene-0071-easy-00 on ok hd=0.6021008068381027 steps=142
+ return 0
+ IFS='	'
+ read -r slot_id scenario _scenario_sha
+ run_one i106_s10_iter49_hard_extreme_short_lead_fire_ttc_only_scene_0411_hard_00_r2 scene-0411-hard-00
+ local slot_id=i106_s10_iter49_hard_extreme_short_lead_fire_ttc_only_scene_0411_hard_00_r2 scenario=scene-0411-hard-00
+ local scene=scene-0411
+ local mode_dashed=hard-00
+ local mode=hard_00
+ local out_dir=/datasets/nuscenes-full/hugsim/outputs/nusc_uniad/scene-0411_hard_00
+ local dest=/datasets/nuscenes-full/hugsim/iter107_runs/i106_s10_iter49_hard_extreme_short_lead_fire_ttc_only_scene_0411_hard_00_r2__scene-0411-hard-00__on
+ '[' -f /datasets/nuscenes-full/hugsim/iter107_runs/i106_s10_iter49_hard_extreme_short_lead_fire_ttc_only_scene_0411_hard_00_r2__scene-0411-hard-00__on/episode_meta.json ']'
+ prep_scene scene-0411
+ local scene=scene-0411
+ '[' '!' -d /datasets/nuscenes-full/hugsim/extracted/scenes/nuscenes/scene-0411 ']'
+ local cfg=/datasets/nuscenes-full/hugsim/extracted/scenes/nuscenes/scene-0411/cfg.yaml
+ '[' '!' -f /datasets/nuscenes-full/hugsim/extracted/scenes/nuscenes/scene-0411/cfg.yaml ']'
+ '[' -f /datasets/nuscenes-full/hugsim/extracted/scenes/nuscenes/scene-0411/cfg.yaml.orig ']'
+ python3 - /datasets/nuscenes-full/hugsim/extracted/scenes/nuscenes/scene-0411/cfg.yaml /datasets/nuscenes-full/hugsim/extracted/scenes/nuscenes/scene-0411
+ local attempt rc steps hd marker decisions provenance
+ for attempt in 1 2
+ disk_guard
+ local avail
++ df --output=avail -BG /datasets/nuscenes-full
++ tail -1
++ tr -dc 0-9
+ avail=115
+ '[' 115 -lt 20 ']'
++ date -u
+ echo 'I107_SLOT_START i106_s10_iter49_hard_extreme_short_lead_fire_ttc_only_scene_0411_hard_00_r2 scene-0411-hard-00 on a1 Tue Jul 14 07:27:45 UTC 2026'
I107_SLOT_START i106_s10_iter49_hard_extreme_short_lead_fire_ttc_only_scene_0411_hard_00_r2 scene-0411-hard-00 on a1 Tue Jul 14 07:27:45 UTC 2026
+ local t0
++ date -u +%s
+ t0=1784014065
+ docker rm -f hugsim_uniad_client
+ rm -rf /datasets/nuscenes-full/hugsim/outputs/nusc_uniad/scene-0411_hard_00
+ cd /opt/sentinel-stack/HUGSIM
+ SENTINEL_ENABLED=1
+ timeout 1200 pixi run python -u closed_loop.py --scenario_path /datasets/nuscenes-full/hugsim/extracted/scenarios/nuscenes/scene-0411-hard-00.yaml --base_path configs/sim/nuscenes_base.yaml --camera_path configs/sim/nuscenes_camera.yaml --kinematic_path configs/sim/kinematic.yaml --ad uniad --ad_cuda 0
/datasets/nuscenes-full/hugsim/outputs/nusc_uniad/scene-0411_hard_00/output.txt
/opt/sentinel-stack/UniAD_SIM/tools/e2e.sh 0 /datasets/nuscenes-full/hugsim/outputs/nusc_uniad/scene-0411_hard_00
/opt/sentinel-stack/HUGSIM/submodules/Pplan/Sampling/spline_planner.py:102: UserWarning: To copy construct from a tensor, it is recommended to use sourceTensor.clone().detach() or sourceTensor.clone().detach().requires_grad_(True), rather than torch.tensor(sourceTensor).
  self.acce_grid = torch.tensor(acce_grid).to(self.device)
/opt/sentinel-stack/HUGSIM/submodules/Pplan/Sampling/forward_sampler.py:24: UserWarning: To copy construct from a tensor, it is recommended to use sourceTensor.clone().detach() or sourceTensor.clone().detach().requires_grad_(True), rather than torch.tensor(sourceTensor).
  self.accels = torch.tensor(acce_grid,device=self.device)
/opt/sentinel-stack/HUGSIM/submodules/Pplan/Sampling/forward_sampler.py:26: UserWarning: To copy construct from a tensor, it is recommended to use sourceTensor.clone().detach() or sourceTensor.clone().detach().requires_grad_(True), rather than torch.tensor(sourceTensor).
  self.dhm_grid = torch.tensor(dhm_grid,device=self.device)
Ready for simulation
ego pose [0.0, -1.0808430643926773e-34, 0.0]
ego pose [0.0, -0.001726138371843387, 0.4375]
ego pose [0.008027769015765686, -0.00393424337864293, 1.046912126244412]
ego pose [0.014720245471735102, -0.006230926495475338, 1.7496488746421313]
ego pose [-0.0007569974129136951, -0.012643019250896673, 2.4918775740830754]
ego pose [-0.053952895451991875, -0.022525456794597058, 3.2436666317179252]
ego pose [-0.15616957231868644, -0.030042951662225297, 4.017395354591561]
ego pose [-0.28630855362635826, -0.035088221404488334, 4.797833785129688]
ego pose [-0.44737905024284513, -0.03134918089253762, 5.556437446150886]
ego pose [-0.643207036473602, -0.03123623630324781, 6.302128501222677]
ego pose [-0.8582665607328991, -0.032512304146171185, 7.022488393231198]
ego pose [-1.0715741363949782, -0.03644822068829262, 7.725453796978908]
ego pose [-1.2677306089908635, -0.04262627895018006, 8.429469395793205]
ego pose [-1.4158655297953997, -0.05131716061597169, 9.087608379504292]
ego pose [-1.5189632629896612, -0.06064544878530103, 9.726843039051777]
ego pose [-1.5839871337259899, -0.061763450524378746, 10.4131541159669]
ego pose [-1.5893023941087352, -0.06007078976848216, 11.077384314234827]
ego pose [-1.557814736828317, -0.05903965662076583, 11.723497391355801]
ego pose [-1.5037265986087065, -0.05496203801242885, 12.366158305576565]
ego pose [-1.459401654760465, -0.05113145399031152, 12.82143871464376]
ego pose [-1.4273451731253153, -0.04808468566764658, 13.122484383901192]
ego pose [-1.4049447183439048, -0.05218781529232739, 13.321597786554985]
ego pose [-1.3896023917160907, -0.05397095082440358, 13.453314855588216]
ego pose [-1.3792212693451396, -0.055667585583400285, 13.540469083789638]
ego pose [-1.3722511206985937, -0.057283064273393476, 13.598142800038802]
ego pose [-1.3675943252324212, -0.05739374595000178, 13.636310574245957]
ego pose [-1.3644931126625077, -0.05746719574182518, 13.661570444390245]
Collision with foreground
MoviePy - Building video /datasets/nuscenes-full/hugsim/outputs/nusc_uniad/scene-0411_hard_00/video.mp4.
MoviePy - Writing video /datasets/nuscenes-full/hugsim/outputs/nusc_uniad/scene-0411_hard_00/video.mp4

frame_index:   0%|          | 0/27 [00:00<?, ?it/s, now=None]frame_index:  41%|████      | 11/27 [00:00<00:00, 107.63it/s, now=None]frame_index:  96%|█████████▋| 26/27 [00:00<00:00, 129.26it/s, now=None]                                                                       MoviePy - Done !
MoviePy - video ready /datasets/nuscenes-full/hugsim/outputs/nusc_uniad/scene-0411_hard_00/video.mp4
this pkl file contains 1 experiment records.
current exp has 27 frames
frame 0 / 27
comfortable: [True, True, True, True, True, True]
frame 1 / 27
comfortable: [True, True, True, True, True, True]
frame 2 / 27
comfortable: [True, True, True, True, True, True]
frame 3 / 27
comfortable: [True, True, True, True, True, True]
frame 4 / 27
comfortable: [True, True, True, True, True, True]
frame 5 / 27
comfortable: [True, True, True, True, True, True]
frame 6 / 27
comfortable: [True, True, True, True, True, True]
frame 7 / 27
collision with background detected! @ timestep5
 failed to pass ttc collision check, t=1
comfortable: [True, True, True, True, True, True]
frame 8 / 27
collision with background detected! @ timestep5
 failed to pass ttc collision check, t=1
comfortable: [True, True, True, True, True, True]
frame 9 / 27
comfortable: [True, True, True, True, True, True]
frame 10 / 27
comfortable: [True, True, True, True, True, True]
frame 11 / 27
comfortable: [True, True, True, True, True, True]
frame 12 / 27
comfortable: [True, True, True, True, True, True]
frame 13 / 27
comfortable: [True, True, True, True, True, True]
frame 14 / 27
comfortable: [True, True, True, True, True, True]
frame 15 / 27
collision with background detected! @ timestep4
 failed to pass ttc collision check, t=0.5
comfortable: [True, True, True, True, False, False]
frame 16 / 27
collision with background detected! @ timestep3
 failed to pass ttc collision check, t=0.5
comfortable: [True, True, True, True, False, True]
frame 17 / 27
collision with background detected! @ timestep3
 failed to pass ttc collision check, t=0.5
comfortable: [True, True, True, True, False, True]
frame 18 / 27
collision with obstacle detected! @ timestep4
ego_poly: (12.82143871464376, 1.459401654760465, -0.10608403286647841, 1.6479559659957885, 4.115467357635498), obs_poly: (11.355229377746582, 0.4018355906009674, 0.04985039481598541, 1.6479559659957885, 4.115467357635498)
collision with obstacle detected! @ timestep4
ego_poly: (12.82143871464376, 1.459401654760465, -0.10608403286647841, 1.6479559659957885, 4.115467357635498), obs_poly: (11.355229377746582, 0.4018355906009674, 0.04985039481598541, 1.6479559659957885, 4.115467357635498)
 failed to pass ttc collision check, t=0.5
comfortable: [True, True, True, True, True, True]
frame 19 / 27
collision with obstacle detected! @ timestep3
ego_poly: (13.122484383901192, 1.4273451731253153, -0.11202993936138707, 1.6479559659957885, 4.115467357635498), obs_poly: (9.718366622924805, 0.31711500883102417, 0.04545478069691633, 1.6479559659957885, 4.115467357635498)
collision with obstacle detected! @ timestep3
ego_poly: (13.122484383901192, 1.4273451731253153, -0.11202993936138707, 1.6479559659957885, 4.115467357635498), obs_poly: (9.718366622924805, 0.31711500883102417, 0.04545478069691633, 1.6479559659957885, 4.115467357635498)
 failed to pass ttc collision check, t=0.5
comfortable: [True, True, True, True, True, True]
frame 20 / 27
collision with obstacle detected! @ timestep3
ego_poly: (13.321597786554985, 1.4049447183439048, -0.11595688182694781, 1.6479559659957885, 4.115467357635498), obs_poly: (11.355229377746582, 0.4018355906009674, 0.04985039481598541, 1.6479559659957885, 4.115467357635498)
collision with obstacle detected! @ timestep3
ego_poly: (13.321597786554985, 1.4049447183439048, -0.11595688182694781, 1.6479559659957885, 4.115467357635498), obs_poly: (11.355229377746582, 0.4018355906009674, 0.04985039481598541, 1.6479559659957885, 4.115467357635498)
 failed to pass ttc collision check, t=0.5
comfortable: [True, True, True, True, True, True]
frame 21 / 27
comfortable: [True, True, True, True, True, True]
frame 22 / 27
collision with obstacle detected! @ timestep2
ego_poly: (13.540469083789638, 1.3792212693451396, -0.12027156098657145, 1.6479559659957885, 4.115467357635498), obs_poly: (11.355229377746582, 0.4018355906009674, 0.04985039481598541, 1.6479559659957885, 4.115467357635498)
collision with obstacle detected! @ timestep2
ego_poly: (13.540469083789638, 1.3792212693451396, -0.12027156098657145, 1.6479559659957885, 4.115467357635498), obs_poly: (11.355229377746582, 0.4018355906009674, 0.04985039481598541, 1.6479559659957885, 4.115467357635498)
 failed to pass ttc collision check, t=0.5
comfortable: [True, True, True, True, True, True]
frame 23 / 27
comfortable: [True, True, True, True, True, True]
frame 24 / 27
collision with obstacle detected! @ timestep1
ego_poly: (13.636310574245957, 1.3675943252324212, -0.12216097718884979, 1.6479559659957885, 4.115467357635498), obs_poly: (11.355229377746582, 0.4018355906009674, 0.04985039481598541, 1.6479559659957885, 4.115467357635498)
collision with obstacle detected! @ timestep1
ego_poly: (13.636310574245957, 1.3675943252324212, -0.12216097718884979, 1.6479559659957885, 4.115467357635498), obs_poly: (11.355229377746582, 0.4018355906009674, 0.04985039481598541, 1.6479559659957885, 4.115467357635498)
 failed to pass ttc collision check, t=0.5
comfortable: [True, True, True, True, True, True]
frame 25 / 27
comfortable: [True, True, True, True, True, True]
frame 26 / 27
collision with obstacle detected! @ timestep0
ego_poly: (13.67828839838075, 1.3624321589123018, -0.12298862855921716, 1.6479559659957885, 4.115467357635498), obs_poly: (11.355229377746582, 0.4018355906009674, 0.04985039481598541, 1.6479559659957885, 4.115467357635498)
collision with obstacle detected! @ timestep0
ego_poly: (13.67828839838075, 1.3624321589123018, -0.12298862855921716, 1.6479559659957885, 4.115467357635498), obs_poly: (11.355229377746582, 0.4018355906009674, 0.04985039481598541, 1.6479559659957885, 4.115467357635498)
 failed to pass ttc collision check, t=0.5
comfortable: [True, True, True, True, True, True]
The score of experiment is (0.6137566137566137, 0.11557062998555366, 0.07093223850965198, {'nc': 0.7777777777777778, 'dac': 1.0, 'ttc': 0.5925925925925926, 'c': 0.8888888888888888, 'pdms': 0.6137566137566137}, {0.25: {'nc': 1.0, 'dac': 1.0, 'ttc': 1.0, 'c': 1.0, 'pdms': 1.0}, 0.5: {'nc': 1.0, 'dac': 1.0, 'ttc': 1.0, 'c': 1.0, 'pdms': 1.0}, 0.75: {'nc': 1.0, 'dac': 1.0, 'ttc': 1.0, 'c': 1.0, 'pdms': 1.0}, 1.0: {'nc': 1.0, 'dac': 1.0, 'ttc': 1.0, 'c': 1.0, 'pdms': 1.0}, 1.25: {'nc': 1.0, 'dac': 1.0, 'ttc': 1.0, 'c': 1.0, 'pdms': 1.0}, 1.5: {'nc': 1.0, 'dac': 1.0, 'ttc': 1.0, 'c': 1.0, 'pdms': 1.0}, 1.75: {'nc': 1.0, 'dac': 1.0, 'ttc': 1.0, 'c': 1.0, 'pdms': 1.0}, 2.0: {'nc': 1.0, 'dac': 1.0, 'ttc': 0.0, 'c': 1.0, 'pdms': 0.2857142857142857}, 2.25: {'nc': 1.0, 'dac': 1.0, 'ttc': 0.0, 'c': 1.0, 'pdms': 0.2857142857142857}, 2.5: {'nc': 1.0, 'dac': 1.0, 'ttc': 1.0, 'c': 1.0, 'pdms': 1.0}, 2.75: {'nc': 1.0, 'dac': 1.0, 'ttc': 1.0, 'c': 1.0, 'pdms': 1.0}, 3.0: {'nc': 1.0, 'dac': 1.0, 'ttc': 1.0, 'c': 1.0, 'pdms': 1.0}, 3.25: {'nc': 1.0, 'dac': 1.0, 'ttc': 1.0, 'c': 1.0, 'pdms': 1.0}, 3.5: {'nc': 1.0, 'dac': 1.0, 'ttc': 1.0, 'c': 1.0, 'pdms': 1.0}, 3.75: {'nc': 1.0, 'dac': 1.0, 'ttc': 1.0, 'c': 1.0, 'pdms': 1.0}, 4.0: {'nc': 1.0, 'dac': 1.0, 'ttc': 0.0, 'c': 0.0, 'pdms': 0.0}, 4.25: {'nc': 1.0, 'dac': 1.0, 'ttc': 0.0, 'c': 0.0, 'pdms': 0.0}, 4.5: {'nc': 1.0, 'dac': 1.0, 'ttc': 0.0, 'c': 0.0, 'pdms': 0.0}, 4.75: {'nc': 0.0, 'dac': 1.0, 'ttc': 0.0, 'c': 1.0, 'pdms': 0.0}, 5.0: {'nc': 0.0, 'dac': 1.0, 'ttc': 0.0, 'c': 1.0, 'pdms': 0.0}, 5.25: {'nc': 0.0, 'dac': 1.0, 'ttc': 0.0, 'c': 1.0, 'pdms': 0.0}, 5.5: {'nc': 1.0, 'dac': 1.0, 'ttc': 1.0, 'c': 1.0, 'pdms': 1.0}, 5.75: {'nc': 0.0, 'dac': 1.0, 'ttc': 0.0, 'c': 1.0, 'pdms': 0.0}, 6.0: {'nc': 1.0, 'dac': 1.0, 'ttc': 1.0, 'c': 1.0, 'pdms': 1.0}, 6.25: {'nc': 0.0, 'dac': 1.0, 'ttc': 0.0, 'c': 1.0, 'pdms': 0.0}, 6.5: {'nc': 1.0, 'dac': 1.0, 'ttc': 1.0, 'c': 1.0, 'pdms': 1.0}, 6.75: {'nc': 0.0, 'dac': 1.0, 'ttc': 0.0, 'c': 1.0, 'pdms': 0.0}}).
=============================Results=============================
'nc': 0.7777777777777778
'dac': 1.0
'ttc': 0.5925925925925926
'c': 0.8888888888888888
'pdms': 0.6137566137566137
'rc': 0.11557062998555366
'hdscore': 0.07093223850965198
The AD algorithm is still running, remaining tolerant 100.
The AD algorithm is still running, remaining tolerant 95.
The AD algorithm is still running, remaining tolerant 90.
The AD algorithm completed with return code 0.
+ rc=0
+ echo 'I107_SLOT_RC=0 i106_s10_iter49_hard_extreme_short_lead_fire_ttc_only_scene_0411_hard_00_r2 scene-0411-hard-00 on a1'
I107_SLOT_RC=0 i106_s10_iter49_hard_extreme_short_lead_fire_ttc_only_scene_0411_hard_00_r2 scene-0411-hard-00 on a1
+ docker rm -f hugsim_uniad_client
++ python3 -c '
import json, math
try:
    v = json.load(open('\''/datasets/nuscenes-full/hugsim/outputs/nusc_uniad/scene-0411_hard_00/eval.json'\'')).get('\''hdscore'\'')
    print(v if isinstance(v, (int, float)) and math.isfinite(v) else '\''INVALID'\'')
except Exception:
    print('\''MISSING'\'')
'
+ hd=0.07093223850965198
++ python3 -c '
import json
try:
    data = json.load(open('\''/datasets/nuscenes-full/hugsim/outputs/nusc_uniad/scene-0411_hard_00/eval.json'\''))
    print(1 if '\''collision_provenance'\'' in data else 0)
except Exception:
    print(0)
'
+ provenance=1
++ grep -c sent /datasets/nuscenes-full/hugsim/outputs/nusc_uniad/scene-0411_hard_00/output.txt
+ steps=27
+ '[' -n 27 ']'
++ grep -c 'SENTINEL_I48_UNION_PATCH_LOADED enabled=1' /datasets/nuscenes-full/hugsim/outputs/nusc_uniad/scene-0411_hard_00/output.txt
+ marker=1
+ '[' -n 1 ']'
+ decisions=0
+ '[' -s /datasets/nuscenes-full/hugsim/outputs/nusc_uniad/scene-0411_hard_00/sentinel_iter48_decisions.jsonl ']'
++ grep -c 'SENTINEL_I48_DECISION frame=' /datasets/nuscenes-full/hugsim/outputs/nusc_uniad/scene-0411_hard_00/output.txt
+ '[' 27 -gt 0 ']'
+ decisions=1
+ '[' 0 = 0 ']'
+ '[' 0.07093223850965198 '!=' MISSING ']'
+ '[' 0.07093223850965198 '!=' INVALID ']'
+ '[' 1 = 1 ']'
+ '[' 27 -gt 0 ']'
+ '[' 1 -gt 0 ']'
+ '[' 1 = 1 ']'
+ rm -rf /datasets/nuscenes-full/hugsim/iter107_runs/i106_s10_iter49_hard_extreme_short_lead_fire_ttc_only_scene_0411_hard_00_r2__scene-0411-hard-00__on
+ mkdir -p /datasets/nuscenes-full/hugsim/iter107_runs/i106_s10_iter49_hard_extreme_short_lead_fire_ttc_only_scene_0411_hard_00_r2__scene-0411-hard-00__on
+ find /datasets/nuscenes-full/hugsim/outputs/nusc_uniad/scene-0411_hard_00 -type p -delete
+ mv /datasets/nuscenes-full/hugsim/outputs/nusc_uniad/scene-0411_hard_00/data.pkl /datasets/nuscenes-full/hugsim/outputs/nusc_uniad/scene-0411_hard_00/eval.json /datasets/nuscenes-full/hugsim/outputs/nusc_uniad/scene-0411_hard_00/ground.ply /datasets/nuscenes-full/hugsim/outputs/nusc_uniad/scene-0411_hard_00/infos.pkl /datasets/nuscenes-full/hugsim/outputs/nusc_uniad/scene-0411_hard_00/output.txt /datasets/nuscenes-full/hugsim/outputs/nusc_uniad/scene-0411_hard_00/scene.ply /datasets/nuscenes-full/hugsim/outputs/nusc_uniad/scene-0411_hard_00/sentinel_iter48_decisions.jsonl /datasets/nuscenes-full/hugsim/outputs/nusc_uniad/scene-0411_hard_00/uniad /datasets/nuscenes-full/hugsim/outputs/nusc_uniad/scene-0411_hard_00/video.mp4 /datasets/nuscenes-full/hugsim/iter107_runs/i106_s10_iter49_hard_extreme_short_lead_fire_ttc_only_scene_0411_hard_00_r2__scene-0411-hard-00__on/
+ rmdir /datasets/nuscenes-full/hugsim/outputs/nusc_uniad/scene-0411_hard_00
++ date -u +%s
+ printf '{"slot_id":"%s","scenario":"%s","arm":"on","attempt":%s,"rc":%s,"hdscore":%s,"steps":%s,"start_epoch":%s,"end_epoch":%s}\n' i106_s10_iter49_hard_extreme_short_lead_fire_ttc_only_scene_0411_hard_00_r2 scene-0411-hard-00 1 0 0.07093223850965198 27 1784014065 1784014217
+ echo 'I107_SLOT_DONE i106_s10_iter49_hard_extreme_short_lead_fire_ttc_only_scene_0411_hard_00_r2 scene-0411-hard-00 on ok hd=0.07093223850965198 steps=27'
I107_SLOT_DONE i106_s10_iter49_hard_extreme_short_lead_fire_ttc_only_scene_0411_hard_00_r2 scene-0411-hard-00 on ok hd=0.07093223850965198 steps=27
+ return 0
+ IFS='	'
+ read -r slot_id scenario _scenario_sha
+ run_one i106_s11_iter49_hard_extreme_long_lead_fire_cpa_only_scene_0138_hard_00_r1 scene-0138-hard-00
+ local slot_id=i106_s11_iter49_hard_extreme_long_lead_fire_cpa_only_scene_0138_hard_00_r1 scenario=scene-0138-hard-00
+ local scene=scene-0138
+ local mode_dashed=hard-00
+ local mode=hard_00
+ local out_dir=/datasets/nuscenes-full/hugsim/outputs/nusc_uniad/scene-0138_hard_00
+ local dest=/datasets/nuscenes-full/hugsim/iter107_runs/i106_s11_iter49_hard_extreme_long_lead_fire_cpa_only_scene_0138_hard_00_r1__scene-0138-hard-00__on
+ '[' -f /datasets/nuscenes-full/hugsim/iter107_runs/i106_s11_iter49_hard_extreme_long_lead_fire_cpa_only_scene_0138_hard_00_r1__scene-0138-hard-00__on/episode_meta.json ']'
+ prep_scene scene-0138
+ local scene=scene-0138
+ '[' '!' -d /datasets/nuscenes-full/hugsim/extracted/scenes/nuscenes/scene-0138 ']'
+ local cfg=/datasets/nuscenes-full/hugsim/extracted/scenes/nuscenes/scene-0138/cfg.yaml
+ '[' '!' -f /datasets/nuscenes-full/hugsim/extracted/scenes/nuscenes/scene-0138/cfg.yaml ']'
+ '[' -f /datasets/nuscenes-full/hugsim/extracted/scenes/nuscenes/scene-0138/cfg.yaml.orig ']'
+ python3 - /datasets/nuscenes-full/hugsim/extracted/scenes/nuscenes/scene-0138/cfg.yaml /datasets/nuscenes-full/hugsim/extracted/scenes/nuscenes/scene-0138
+ local attempt rc steps hd marker decisions provenance
+ for attempt in 1 2
+ disk_guard
+ local avail
++ df --output=avail -BG /datasets/nuscenes-full
++ tail -1
++ tr -dc 0-9
+ avail=115
+ '[' 115 -lt 20 ']'
++ date -u
+ echo 'I107_SLOT_START i106_s11_iter49_hard_extreme_long_lead_fire_cpa_only_scene_0138_hard_00_r1 scene-0138-hard-00 on a1 Tue Jul 14 07:30:17 UTC 2026'
I107_SLOT_START i106_s11_iter49_hard_extreme_long_lead_fire_cpa_only_scene_0138_hard_00_r1 scene-0138-hard-00 on a1 Tue Jul 14 07:30:17 UTC 2026
+ local t0
++ date -u +%s
+ t0=1784014217
+ docker rm -f hugsim_uniad_client
+ rm -rf /datasets/nuscenes-full/hugsim/outputs/nusc_uniad/scene-0138_hard_00
+ cd /opt/sentinel-stack/HUGSIM
+ SENTINEL_ENABLED=1
+ timeout 1200 pixi run python -u closed_loop.py --scenario_path /datasets/nuscenes-full/hugsim/extracted/scenarios/nuscenes/scene-0138-hard-00.yaml --base_path configs/sim/nuscenes_base.yaml --camera_path configs/sim/nuscenes_camera.yaml --kinematic_path configs/sim/kinematic.yaml --ad uniad --ad_cuda 0
/datasets/nuscenes-full/hugsim/outputs/nusc_uniad/scene-0138_hard_00/output.txt
/opt/sentinel-stack/UniAD_SIM/tools/e2e.sh 0 /datasets/nuscenes-full/hugsim/outputs/nusc_uniad/scene-0138_hard_00
Ready for simulation
ego pose [0.0, 3.2305941652567715e-34, 0.0]
ego pose [0.0, -0.004393328738689995, 0.4375]
ego pose [0.006446036017627519, -0.011760344952459312, 1.0492701575041778]
ego pose [0.03432531198185991, -0.0279454042557224, 1.7884165662919367]
ego pose [0.09369227447553272, -0.040125430791662704, 2.575622910939212]
ego pose [0.19241985893513808, -0.04866416269416125, 3.393253530165393]
ego pose [0.3371807474189314, -0.06435695579762468, 4.186037755950218]
ego pose [0.5230081678092575, -0.07258421160766682, 4.9387885970601815]
ego pose [0.7319041800999566, -0.08353895080583745, 5.688654228090902]
ego pose [0.9485342670922123, -0.09516246156155686, 6.463745389592466]
ego pose [1.1513681908905893, -0.11250361453316218, 7.280168932160287]
ego pose [1.3091278364435865, -0.1195032621896758, 8.112884630571628]
ego pose [1.3989103522502657, -0.13082082442506882, 8.918118901877376]
ego pose [1.445796728524007, -0.144636496984748, 9.71615670405869]
ego pose [1.4759094300127071, -0.16038599437684534, 10.527175830381363]
ego pose [1.510722727399395, -0.17598110463583647, 11.350301236153898]
ego pose [1.573607590218192, -0.19066261035651588, 12.153015184978381]
ego pose [1.6423754199967953, -0.20365956545018618, 12.766848552891528]
ego pose [1.7002476275144214, -0.2139530720476269, 13.193111328582782]
ego pose [1.7429909735999862, -0.22089926117831518, 13.474247099318521]
ego pose [1.773195851113941, -0.22512476476323345, 13.659794656506202]
ego pose [1.7940125914981406, -0.22794933106116044, 13.782317102489225]
ego pose [1.8081445848767534, -0.2293934676121354, 13.863251792896362]
ego pose [1.8176488523867005, -0.23062118125586029, 13.91672897945916]
ego pose [1.8240022581425583, -0.23170847466687466, 13.952067486321742]
ego pose [1.828233248886053, -0.23189175267649612, 13.975423709612143]
ego pose [1.8310436825405902, -0.23201284679142556, 13.990861230261906]
ego pose [1.8329073525408164, -0.23209286547673344, 14.001064826102525]
ego pose [1.857215079553447, -0.23475815052150314, 14.133863064186018]
ego pose [1.8964670462986435, -0.23968023766617802, 14.343864001521863]
ego pose [1.945286408692804, -0.24499164921518082, 14.600192826736402]
ego pose [2.0000069076952296, -0.25128329514035774, 14.885118153116546]
ego pose [2.0624604605946306, -0.2577411811668956, 15.214316963274777]
ego pose [2.134735624512639, -0.265301411156187, 15.575851700683222]
ego pose [2.234832821173063, -0.2738609625031845, 16.01926860985368]
ego pose [2.36040736968319, -0.28157169311877606, 16.481100431672292]
ego pose [2.504919913319056, -0.2891458845365509, 16.92608467341281]
Collision with foreground
MoviePy - Building video /datasets/nuscenes-full/hugsim/outputs/nusc_uniad/scene-0138_hard_00/video.mp4.
MoviePy - Writing video /datasets/nuscenes-full/hugsim/outputs/nusc_uniad/scene-0138_hard_00/video.mp4

frame_index:   0%|          | 0/37 [00:00<?, ?it/s, now=None]frame_index:  27%|██▋       | 10/37 [00:00<00:00, 96.51it/s, now=None]frame_index:  68%|██████▊   | 25/37 [00:00<00:00, 125.77it/s, now=None]                                                                       MoviePy - Done !
MoviePy - video ready /datasets/nuscenes-full/hugsim/outputs/nusc_uniad/scene-0138_hard_00/video.mp4
this pkl file contains 1 experiment records.
current exp has 37 frames
frame 0 / 37
comfortable: [True, True, True, True, True, True]
frame 1 / 37
comfortable: [True, True, True, True, True, True]
frame 2 / 37
comfortable: [True, True, True, True, True, True]
frame 3 / 37
comfortable: [True, True, True, True, True, True]
frame 4 / 37
comfortable: [True, True, True, True, True, True]
frame 5 / 37
comfortable: [True, True, True, True, True, True]
frame 6 / 37
comfortable: [True, True, True, True, True, True]
frame 7 / 37
comfortable: [True, True, True, True, True, True]
frame 8 / 37
comfortable: [True, True, True, True, True, True]
frame 9 / 37
comfortable: [True, True, True, True, True, True]
frame 10 / 37
collision with obstacle detected! @ timestep5
ego_poly: (17.830143427394887, -1.7131430931402267, 0.0027147568433664557, 1.5158851355314253, 3.511001670360565), obs_poly: (20.0, -0.30000001192092896, 4.371138739855951e-08, 1.5158851355314253, 3.511001670360565)
 failed to pass ttc collision check, t=0.5
comfortable: [True, True, True, True, True, True]
frame 11 / 37
collision with obstacle detected! @ timestep5
ego_poly: (17.953718988058277, -1.504788211255469, 0.024761276054788735, 1.5158851355314253, 3.511001670360565), obs_poly: (20.0, -0.30000001192092896, 4.371138739855951e-08, 1.5158851355314253, 3.511001670360565)
 failed to pass ttc collision check, t=0.5
comfortable: [True, True, True, True, True, True]
frame 12 / 37
collision with obstacle detected! @ timestep5
ego_poly: (17.701701482414535, -1.788048759962782, -0.044438583401637775, 1.5158851355314253, 3.511001670360565), obs_poly: (20.0, -0.30000001192092896, 4.371138739855951e-08, 1.5158851355314253, 3.511001670360565)
collision with obstacle detected! @ timestep4
ego_poly: (17.537142245021684, -1.7596484222982853, -0.03004965161804726, 1.5158851355314253, 3.511001670360565), obs_poly: (20.0, -0.30000001192092896, 4.371138739855951e-08, 1.5158851355314253, 3.511001670360565)
 failed to pass ttc collision check, t=0.5
comfortable: [True, True, True, True, True, True]
frame 13 / 37
collision with obstacle detected! @ timestep4
ego_poly: (18.687817624415054, -1.8666883520350193, -0.058781255095802544, 1.5158851355314253, 3.511001670360565), obs_poly: (20.0, -0.30000001192092896, 4.371138739855951e-08, 1.5158851355314253, 3.511001670360565)
 failed to pass ttc collision check, t=0.5
comfortable: [True, True, True, True, True, True]
frame 14 / 37
comfortable: [True, True, True, True, True, True]
frame 15 / 37
collision with obstacle detected! @ timestep4
ego_poly: (20.7550484443256, -0.5942580793373917, -0.13920817577407651, 1.5158851355314253, 3.511001670360565), obs_poly: (20.0, -0.30000001192092896, 4.371138739855951e-08, 1.5158851355314253, 3.511001670360565)
 failed to pass ttc collision check, t=0.5
comfortable: [True, False, False, False, False, False]
frame 16 / 37
comfortable: [True, True, True, True, True, True]
frame 17 / 37
comfortable: [True, True, True, True, True, True]
frame 18 / 37
comfortable: [True, True, True, True, True, True]
frame 19 / 37
comfortable: [True, True, True, True, True, True]
frame 20 / 37
comfortable: [True, True, True, True, True, True]
frame 21 / 37
comfortable: [True, True, True, True, True, True]
frame 22 / 37
comfortable: [True, True, True, True, True, True]
frame 23 / 37
comfortable: [True, True, True, True, True, True]
frame 24 / 37
comfortable: [True, True, True, True, True, True]
frame 25 / 37
comfortable: [True, True, True, True, True, True]
frame 26 / 37
comfortable: [True, True, True, True, True, True]
frame 27 / 37
collision with obstacle detected! @ timestep5
ego_poly: (17.23557654280255, -1.8659593861992545, 0.8978703427431989, 1.5158851355314253, 3.511001670360565), obs_poly: (20.0, -0.30000001192092896, 4.371138739855951e-08, 1.5158851355314253, 3.511001670360565)
collision with obstacle detected! @ timestep5
ego_poly: (17.50967641365121, -1.5529330818262013, 0.8978703427431989, 1.5158851355314253, 3.511001670360565), obs_poly: (20.0, -0.30000001192092896, 4.371138739855951e-08, 1.5158851355314253, 3.511001670360565)
 failed to pass ttc collision check, t=0.5
comfortable: [True, True, True, True, False, False]
frame 28 / 37
collision with obstacle detected! @ timestep5
ego_poly: (17.409676557491014, -1.8138963678896074, 0.8812247313503021, 1.5158851355314253, 3.511001670360565), obs_poly: (20.0, -0.30000001192092896, 4.371138739855951e-08, 1.5158851355314253, 3.511001670360565)
collision with obstacle detected! @ timestep4
ego_poly: (16.922279822015128, -1.8280216216046385, 0.8742991985474393, 1.5158851355314253, 3.511001670360565), obs_poly: (20.0, -0.30000001192092896, 4.371138739855951e-08, 1.5158851355314253, 3.511001670360565)
 failed to pass ttc collision check, t=0.5
comfortable: [True, True, True, True, False, False]
frame 29 / 37
collision with obstacle detected! @ timestep5
ego_poly: (17.502136397384174, -2.337905164857516, 1.0304384804677087, 1.5158851355314253, 3.511001670360565), obs_poly: (20.0, -0.30000001192092896, 4.371138739855951e-08, 1.5158851355314253, 3.511001670360565)
collision with obstacle detected! @ timestep3
ego_poly: (17.730768332853927, -2.555554591131989, 2.4144500390416295, 1.642643192410469, 3.487875199317932), obs_poly: (21.0, -3.1697399616241455, -3.143185261270479, 1.642643192410469, 3.487875199317932)
 failed to pass ttc collision check, t=0.5
comfortable: [True, True, True, True, False, False]
frame 30 / 37
collision with obstacle detected! @ timestep3
ego_poly: (17.670836043476847, -2.495701285399353, 1.893811825468194, 1.642643192410469, 3.487875199317932), obs_poly: (20.5, -3.1689436435699463, -3.143185261270479, 1.642643192410469, 3.487875199317932)
collision with obstacle detected! @ timestep2
ego_poly: (18.476822998601346, -2.5961295142921252, -0.2309018023331186, 1.642643192410469, 3.487875199317932), obs_poly: (21.5, -3.1705362796783447, -3.143185261270479, 1.642643192410469, 3.487875199317932)
 failed to pass ttc collision check, t=0.5
comfortable: [True, True, True, True, False, False]
frame 31 / 37
collision with obstacle detected! @ timestep2
ego_poly: (17.573762244529366, -2.5862542466607037, -0.5773490897071449, 1.642643192410469, 3.487875199317932), obs_poly: (21.0, -3.1697399616241455, -3.143185261270479, 1.642643192410469, 3.487875199317932)
collision with obstacle detected! @ timestep2
ego_poly: (18.65466958199782, -2.857996680392674, -0.5773490897071449, 1.642643192410469, 3.487875199317932), obs_poly: (21.0, -3.1697399616241455, -3.143185261270479, 1.642643192410469, 3.487875199317932)
 failed to pass ttc collision check, t=0.5
comfortable: [True, False, True, False, False, False]
frame 32 / 37
collision with obstacle detected! @ timestep2
ego_poly: (17.798947545184035, -2.7669959717671437, 2.832340346747859, 1.642643192410469, 3.487875199317932), obs_poly: (20.5, -3.1689436435699463, -3.143185261270479, 1.642643192410469, 3.487875199317932)
collision with obstacle detected! @ timestep2
ego_poly: (18.80123783772025, -3.0849323014994012, 2.832340346747859, 1.642643192410469, 3.487875199317932), obs_poly: (20.5, -3.1689436435699463, -3.143185261270479, 1.642643192410469, 3.487875199317932)
 failed to pass ttc collision check, t=0.5
comfortable: [True, False, True, False, False, False]
frame 33 / 37
collision with background detected! @ timestep5
collision with obstacle detected! @ timestep1
ego_poly: (18.244278897402136, -3.4156168726809435, -0.42026250518852676, 1.642643192410469, 3.487875199317932), obs_poly: (21.0, -3.1697399616241455, -3.143185261270479, 1.642643192410469, 3.487875199317932)
 failed to pass ttc collision check, t=0.5
comfortable: [True, False, True, False, False, False]
frame 34 / 37
collision with obstacle detected! @ timestep1
ego_poly: (17.44365801674816, -3.043046861234227, -0.7050755280630695, 1.642643192410469, 3.487875199317932), obs_poly: (20.5, -3.1689436435699463, -3.143185261270479, 1.642643192410469, 3.487875199317932)
collision with obstacle detected! @ timestep1
ego_poly: (18.406215601824027, -3.7256863527852637, -0.7050755280630695, 1.642643192410469, 3.487875199317932), obs_poly: (20.5, -3.1689436435699463, -3.143185261270479, 1.642643192410469, 3.487875199317932)
 failed to pass ttc collision check, t=0.5
comfortable: [True, False, False, False, False, False]
frame 35 / 37
collision with obstacle detected! @ timestep0
ego_poly: (17.681427973864587, -3.2032269525008696, -0.3577573395277077, 1.642643192410469, 3.487875199317932), obs_poly: (21.0, -3.1697399616241455, -3.143185261270479, 1.642643192410469, 3.487875199317932)
 failed to pass ttc collision check, t=0.5
comfortable: [True, False, True, False, False, False]
frame 36 / 37
collision with obstacle detected! @ timestep0
ego_poly: (17.213371080484677, -2.6123203876331926, -0.38629055834627596, 1.642643192410469, 3.487875199317932), obs_poly: (20.5, -3.1689436435699463, -3.143185261270479, 1.642643192410469, 3.487875199317932)
collision with obstacle detected! @ timestep0
ego_poly: (17.213371080484677, -2.6123203876331926, -0.38629055834627596, 1.642643192410469, 3.487875199317932), obs_poly: (20.5, -3.1689436435699463, -3.143185261270479, 1.642643192410469, 3.487875199317932)
 failed to pass ttc collision check, t=0.5
comfortable: [True, True, True, True, True, True]
The score of experiment is (0.6177606177606179, 0.17914773101495093, 0.11067041298220909, {'nc': 0.7297297297297297, 'dac': 1.0, 'ttc': 0.5945945945945946, 'c': 0.7297297297297297, 'pdms': 0.6177606177606179}, {0.25: {'nc': 1.0, 'dac': 1.0, 'ttc': 1.0, 'c': 1.0, 'pdms': 1.0}, 0.5: {'nc': 1.0, 'dac': 1.0, 'ttc': 1.0, 'c': 1.0, 'pdms': 1.0}, 0.75: {'nc': 1.0, 'dac': 1.0, 'ttc': 1.0, 'c': 1.0, 'pdms': 1.0}, 1.0: {'nc': 1.0, 'dac': 1.0, 'ttc': 1.0, 'c': 1.0, 'pdms': 1.0}, 1.25: {'nc': 1.0, 'dac': 1.0, 'ttc': 1.0, 'c': 1.0, 'pdms': 1.0}, 1.5: {'nc': 1.0, 'dac': 1.0, 'ttc': 1.0, 'c': 1.0, 'pdms': 1.0}, 1.75: {'nc': 1.0, 'dac': 1.0, 'ttc': 1.0, 'c': 1.0, 'pdms': 1.0}, 2.0: {'nc': 1.0, 'dac': 1.0, 'ttc': 1.0, 'c': 1.0, 'pdms': 1.0}, 2.25: {'nc': 1.0, 'dac': 1.0, 'ttc': 1.0, 'c': 1.0, 'pdms': 1.0}, 2.5: {'nc': 1.0, 'dac': 1.0, 'ttc': 1.0, 'c': 1.0, 'pdms': 1.0}, 2.75: {'nc': 1.0, 'dac': 1.0, 'ttc': 0.0, 'c': 1.0, 'pdms': 0.2857142857142857}, 3.0: {'nc': 1.0, 'dac': 1.0, 'ttc': 0.0, 'c': 1.0, 'pdms': 0.2857142857142857}, 3.25: {'nc': 0.0, 'dac': 1.0, 'ttc': 0.0, 'c': 1.0, 'pdms': 0.0}, 3.5: {'nc': 1.0, 'dac': 1.0, 'ttc': 0.0, 'c': 1.0, 'pdms': 0.2857142857142857}, 3.75: {'nc': 1.0, 'dac': 1.0, 'ttc': 1.0, 'c': 1.0, 'pdms': 1.0}, 4.0: {'nc': 1.0, 'dac': 1.0, 'ttc': 0.0, 'c': 0.0, 'pdms': 0.0}, 4.25: {'nc': 1.0, 'dac': 1.0, 'ttc': 1.0, 'c': 1.0, 'pdms': 1.0}, 4.5: {'nc': 1.0, 'dac': 1.0, 'ttc': 1.0, 'c': 1.0, 'pdms': 1.0}, 4.75: {'nc': 1.0, 'dac': 1.0, 'ttc': 1.0, 'c': 1.0, 'pdms': 1.0}, 5.0: {'nc': 1.0, 'dac': 1.0, 'ttc': 1.0, 'c': 1.0, 'pdms': 1.0}, 5.25: {'nc': 1.0, 'dac': 1.0, 'ttc': 1.0, 'c': 1.0, 'pdms': 1.0}, 5.5: {'nc': 1.0, 'dac': 1.0, 'ttc': 1.0, 'c': 1.0, 'pdms': 1.0}, 5.75: {'nc': 1.0, 'dac': 1.0, 'ttc': 1.0, 'c': 1.0, 'pdms': 1.0}, 6.0: {'nc': 1.0, 'dac': 1.0, 'ttc': 1.0, 'c': 1.0, 'pdms': 1.0}, 6.25: {'nc': 1.0, 'dac': 1.0, 'ttc': 1.0, 'c': 1.0, 'pdms': 1.0}, 6.5: {'nc': 1.0, 'dac': 1.0, 'ttc': 1.0, 'c': 1.0, 'pdms': 1.0}, 6.75: {'nc': 1.0, 'dac': 1.0, 'ttc': 1.0, 'c': 1.0, 'pdms': 1.0}, 7.0: {'nc': 0.0, 'dac': 1.0, 'ttc': 0.0, 'c': 0.0, 'pdms': 0.0}, 7.25: {'nc': 0.0, 'dac': 1.0, 'ttc': 0.0, 'c': 0.0, 'pdms': 0.0}, 7.5: {'nc': 0.0, 'dac': 1.0, 'ttc': 0.0, 'c': 0.0, 'pdms': 0.0}, 7.75: {'nc': 0.0, 'dac': 1.0, 'ttc': 0.0, 'c': 0.0, 'pdms': 0.0}, 8.0: {'nc': 0.0, 'dac': 1.0, 'ttc': 0.0, 'c': 0.0, 'pdms': 0.0}, 8.25: {'nc': 0.0, 'dac': 1.0, 'ttc': 0.0, 'c': 0.0, 'pdms': 0.0}, 8.5: {'nc': 0.0, 'dac': 1.0, 'ttc': 0.0, 'c': 0.0, 'pdms': 0.0}, 8.75: {'nc': 0.0, 'dac': 1.0, 'ttc': 0.0, 'c': 0.0, 'pdms': 0.0}, 9.0: {'nc': 1.0, 'dac': 1.0, 'ttc': 0.0, 'c': 0.0, 'pdms': 0.0}, 9.25: {'nc': 0.0, 'dac': 1.0, 'ttc': 0.0, 'c': 1.0, 'pdms': 0.0}}).
=============================Results=============================
'nc': 0.7297297297297297
'dac': 1.0
'ttc': 0.5945945945945946
'c': 0.7297297297297297
'pdms': 0.6177606177606179
'rc': 0.17914773101495093
'hdscore': 0.11067041298220909
The AD algorithm is still running, remaining tolerant 100.
The AD algorithm is still running, remaining tolerant 95.
The AD algorithm is still running, remaining tolerant 90.
The AD algorithm is still running, remaining tolerant 85.
The AD algorithm completed with return code 0.
+ rc=0
+ echo 'I107_SLOT_RC=0 i106_s11_iter49_hard_extreme_long_lead_fire_cpa_only_scene_0138_hard_00_r1 scene-0138-hard-00 on a1'
I107_SLOT_RC=0 i106_s11_iter49_hard_extreme_long_lead_fire_cpa_only_scene_0138_hard_00_r1 scene-0138-hard-00 on a1
+ docker rm -f hugsim_uniad_client
++ python3 -c '
import json, math
try:
    v = json.load(open('\''/datasets/nuscenes-full/hugsim/outputs/nusc_uniad/scene-0138_hard_00/eval.json'\'')).get('\''hdscore'\'')
    print(v if isinstance(v, (int, float)) and math.isfinite(v) else '\''INVALID'\'')
except Exception:
    print('\''MISSING'\'')
'
+ hd=0.11067041298220909
++ python3 -c '
import json
try:
    data = json.load(open('\''/datasets/nuscenes-full/hugsim/outputs/nusc_uniad/scene-0138_hard_00/eval.json'\''))
    print(1 if '\''collision_provenance'\'' in data else 0)
except Exception:
    print(0)
'
+ provenance=1
++ grep -c sent /datasets/nuscenes-full/hugsim/outputs/nusc_uniad/scene-0138_hard_00/output.txt
+ steps=37
+ '[' -n 37 ']'
++ grep -c 'SENTINEL_I48_UNION_PATCH_LOADED enabled=1' /datasets/nuscenes-full/hugsim/outputs/nusc_uniad/scene-0138_hard_00/output.txt
+ marker=1
+ '[' -n 1 ']'
+ decisions=0
+ '[' -s /datasets/nuscenes-full/hugsim/outputs/nusc_uniad/scene-0138_hard_00/sentinel_iter48_decisions.jsonl ']'
++ grep -c 'SENTINEL_I48_DECISION frame=' /datasets/nuscenes-full/hugsim/outputs/nusc_uniad/scene-0138_hard_00/output.txt
+ '[' 37 -gt 0 ']'
+ decisions=1
+ '[' 0 = 0 ']'
+ '[' 0.11067041298220909 '!=' MISSING ']'
+ '[' 0.11067041298220909 '!=' INVALID ']'
+ '[' 1 = 1 ']'
+ '[' 37 -gt 0 ']'
+ '[' 1 -gt 0 ']'
+ '[' 1 = 1 ']'
+ rm -rf /datasets/nuscenes-full/hugsim/iter107_runs/i106_s11_iter49_hard_extreme_long_lead_fire_cpa_only_scene_0138_hard_00_r1__scene-0138-hard-00__on
+ mkdir -p /datasets/nuscenes-full/hugsim/iter107_runs/i106_s11_iter49_hard_extreme_long_lead_fire_cpa_only_scene_0138_hard_00_r1__scene-0138-hard-00__on
+ find /datasets/nuscenes-full/hugsim/outputs/nusc_uniad/scene-0138_hard_00 -type p -delete
+ mv /datasets/nuscenes-full/hugsim/outputs/nusc_uniad/scene-0138_hard_00/data.pkl /datasets/nuscenes-full/hugsim/outputs/nusc_uniad/scene-0138_hard_00/eval.json /datasets/nuscenes-full/hugsim/outputs/nusc_uniad/scene-0138_hard_00/ground.ply /datasets/nuscenes-full/hugsim/outputs/nusc_uniad/scene-0138_hard_00/infos.pkl /datasets/nuscenes-full/hugsim/outputs/nusc_uniad/scene-0138_hard_00/output.txt /datasets/nuscenes-full/hugsim/outputs/nusc_uniad/scene-0138_hard_00/scene.ply /datasets/nuscenes-full/hugsim/outputs/nusc_uniad/scene-0138_hard_00/sentinel_iter48_decisions.jsonl /datasets/nuscenes-full/hugsim/outputs/nusc_uniad/scene-0138_hard_00/uniad /datasets/nuscenes-full/hugsim/outputs/nusc_uniad/scene-0138_hard_00/video.mp4 /datasets/nuscenes-full/hugsim/iter107_runs/i106_s11_iter49_hard_extreme_long_lead_fire_cpa_only_scene_0138_hard_00_r1__scene-0138-hard-00__on/
+ rmdir /datasets/nuscenes-full/hugsim/outputs/nusc_uniad/scene-0138_hard_00
++ date -u +%s
+ printf '{"slot_id":"%s","scenario":"%s","arm":"on","attempt":%s,"rc":%s,"hdscore":%s,"steps":%s,"start_epoch":%s,"end_epoch":%s}\n' i106_s11_iter49_hard_extreme_long_lead_fire_cpa_only_scene_0138_hard_00_r1 scene-0138-hard-00 1 0 0.11067041298220909 37 1784014217 1784014401
+ echo 'I107_SLOT_DONE i106_s11_iter49_hard_extreme_long_lead_fire_cpa_only_scene_0138_hard_00_r1 scene-0138-hard-00 on ok hd=0.11067041298220909 steps=37'
I107_SLOT_DONE i106_s11_iter49_hard_extreme_long_lead_fire_cpa_only_scene_0138_hard_00_r1 scene-0138-hard-00 on ok hd=0.11067041298220909 steps=37
+ return 0
+ IFS='	'
+ read -r slot_id scenario _scenario_sha
+ run_one i106_s12_iter49_hard_extreme_long_lead_fire_cpa_only_scene_0071_extreme_00_r1 scene-0071-extreme-00
+ local slot_id=i106_s12_iter49_hard_extreme_long_lead_fire_cpa_only_scene_0071_extreme_00_r1 scenario=scene-0071-extreme-00
+ local scene=scene-0071
+ local mode_dashed=extreme-00
+ local mode=extreme_00
+ local out_dir=/datasets/nuscenes-full/hugsim/outputs/nusc_uniad/scene-0071_extreme_00
+ local dest=/datasets/nuscenes-full/hugsim/iter107_runs/i106_s12_iter49_hard_extreme_long_lead_fire_cpa_only_scene_0071_extreme_00_r1__scene-0071-extreme-00__on
+ '[' -f /datasets/nuscenes-full/hugsim/iter107_runs/i106_s12_iter49_hard_extreme_long_lead_fire_cpa_only_scene_0071_extreme_00_r1__scene-0071-extreme-00__on/episode_meta.json ']'
+ prep_scene scene-0071
+ local scene=scene-0071
+ '[' '!' -d /datasets/nuscenes-full/hugsim/extracted/scenes/nuscenes/scene-0071 ']'
+ local cfg=/datasets/nuscenes-full/hugsim/extracted/scenes/nuscenes/scene-0071/cfg.yaml
+ '[' '!' -f /datasets/nuscenes-full/hugsim/extracted/scenes/nuscenes/scene-0071/cfg.yaml ']'
+ '[' -f /datasets/nuscenes-full/hugsim/extracted/scenes/nuscenes/scene-0071/cfg.yaml.orig ']'
+ python3 - /datasets/nuscenes-full/hugsim/extracted/scenes/nuscenes/scene-0071/cfg.yaml /datasets/nuscenes-full/hugsim/extracted/scenes/nuscenes/scene-0071
+ local attempt rc steps hd marker decisions provenance
+ for attempt in 1 2
+ disk_guard
+ local avail
++ df --output=avail -BG /datasets/nuscenes-full
++ tail -1
++ tr -dc 0-9
+ avail=115
+ '[' 115 -lt 20 ']'
++ date -u
+ echo 'I107_SLOT_START i106_s12_iter49_hard_extreme_long_lead_fire_cpa_only_scene_0071_extreme_00_r1 scene-0071-extreme-00 on a1 Tue Jul 14 07:33:21 UTC 2026'
I107_SLOT_START i106_s12_iter49_hard_extreme_long_lead_fire_cpa_only_scene_0071_extreme_00_r1 scene-0071-extreme-00 on a1 Tue Jul 14 07:33:21 UTC 2026
+ local t0
++ date -u +%s
+ t0=1784014401
+ docker rm -f hugsim_uniad_client
+ rm -rf /datasets/nuscenes-full/hugsim/outputs/nusc_uniad/scene-0071_extreme_00
+ cd /opt/sentinel-stack/HUGSIM
+ SENTINEL_ENABLED=1
+ timeout 1200 pixi run python -u closed_loop.py --scenario_path /datasets/nuscenes-full/hugsim/extracted/scenarios/nuscenes/scene-0071-extreme-00.yaml --base_path configs/sim/nuscenes_base.yaml --camera_path configs/sim/nuscenes_camera.yaml --kinematic_path configs/sim/kinematic.yaml --ad uniad --ad_cuda 0
/datasets/nuscenes-full/hugsim/outputs/nusc_uniad/scene-0071_extreme_00/output.txt
/opt/sentinel-stack/UniAD_SIM/tools/e2e.sh 0 /datasets/nuscenes-full/hugsim/outputs/nusc_uniad/scene-0071_extreme_00
/opt/sentinel-stack/HUGSIM/submodules/Pplan/Sampling/spline_planner.py:102: UserWarning: To copy construct from a tensor, it is recommended to use sourceTensor.clone().detach() or sourceTensor.clone().detach().requires_grad_(True), rather than torch.tensor(sourceTensor).
  self.acce_grid = torch.tensor(acce_grid).to(self.device)
/opt/sentinel-stack/HUGSIM/submodules/Pplan/Sampling/forward_sampler.py:24: UserWarning: To copy construct from a tensor, it is recommended to use sourceTensor.clone().detach() or sourceTensor.clone().detach().requires_grad_(True), rather than torch.tensor(sourceTensor).
  self.accels = torch.tensor(acce_grid,device=self.device)
/opt/sentinel-stack/HUGSIM/submodules/Pplan/Sampling/forward_sampler.py:26: UserWarning: To copy construct from a tensor, it is recommended to use sourceTensor.clone().detach() or sourceTensor.clone().detach().requires_grad_(True), rather than torch.tensor(sourceTensor).
  self.dhm_grid = torch.tensor(dhm_grid,device=self.device)
Ready for simulation
ego pose [0.0, -2.49468859526631e-33, 0.0]
ego pose [0.0, 0.005926922082483207, 0.4375]
ego pose [0.0033635823626524774, 0.011829951726574176, 0.9412151548143611]
ego pose [0.012055481523376965, 0.01662643450899433, 1.5368860160369935]
ego pose [0.043386275656492744, 0.02601031590616538, 2.2142342068652527]
ego pose [0.09941224601444498, 0.03699987899593731, 2.969324988641753]
ego pose [0.19355504458085165, 0.04400491955871923, 3.7546665974325397]
ego pose [0.3023902463823941, 0.05196797206883166, 4.544742818709553]
ego pose [0.40143681698889716, 0.06130802506168483, 5.332621202830874]
ego pose [0.5025596141221697, 0.06801953744175264, 6.116757959386374]
ego pose [0.6093323748678086, 0.07678241575663775, 6.888017895282846]
ego pose [0.7231565989484584, 0.08743221409104882, 7.639675823180109]
ego pose [0.8257465781628097, 0.09876269894557153, 8.364199559306066]
ego pose [0.924131194882439, 0.11552430685342452, 9.08990666269759]
ego pose [1.0048809912556453, 0.12090998305460939, 9.813904636507592]
ego pose [1.0618559101178655, 0.12880039625135395, 10.557581319464179]
ego pose [1.0928545916604926, 0.13585159707141, 11.336287187600606]
ego pose [1.1097438625871432, 0.1411962003532786, 11.927868768657838]
ego pose [1.1180801516408483, 0.1450425325682663, 12.332105441900806]
ego pose [1.1221728819986245, 0.1470754070708474, 12.599757444311532]
ego pose [1.1242596841492547, 0.15058480997106732, 12.7769570437783]
ego pose [1.1253687753613004, 0.15220697810396852, 12.894275247975699]
ego pose [1.1259836982390368, 0.1529429188757986, 12.971946981624797]
ego pose [1.1263385059712703, 0.15378329272926267, 13.02336950308177]
ego pose [1.1265504798590553, 0.15365225713064734, 13.057412880499204]
ego pose [1.12668077242413, 0.15418771539076384, 13.079951391419081]
ego pose [1.1267626244308957, 0.1541320923330171, 13.094872040509749]
ego pose [1.126814885091943, 0.1540952701060014, 13.104750272112199]
ego pose [1.1268486380879896, 0.1540708936139172, 13.11129007099696]
ego pose [1.1268706121136016, 0.15405475681984573, 13.115619457430382]
ego pose [1.1268849969086263, 0.15404407420036748, 13.118485597343929]
ego pose [1.126894449115422, 0.15403700192147282, 13.120383115675926]
ego pose [1.1269006751414052, 0.15403232022063473, 13.1216392465122]
ego pose [1.126904783009786, 0.154029221021507, 13.122470787681292]
ego pose [1.1269074965749475, 0.15402716924867674, 13.123021298137667]
ego pose [1.1269092902908753, 0.15402581100780582, 13.12338572839856]
ego pose [1.126910476590173, 0.15402491184633776, 13.123626983336788]
Collision with foreground
MoviePy - Building video /datasets/nuscenes-full/hugsim/outputs/nusc_uniad/scene-0071_extreme_00/video.mp4.
MoviePy - Writing video /datasets/nuscenes-full/hugsim/outputs/nusc_uniad/scene-0071_extreme_00/video.mp4

frame_index:   0%|          | 0/37 [00:00<?, ?it/s, now=None]frame_index:  27%|██▋       | 10/37 [00:00<00:00, 99.01it/s, now=None]frame_index:  73%|███████▎  | 27/37 [00:00<00:00, 140.03it/s, now=None]                                                                       MoviePy - Done !
MoviePy - video ready /datasets/nuscenes-full/hugsim/outputs/nusc_uniad/scene-0071_extreme_00/video.mp4
this pkl file contains 1 experiment records.
current exp has 37 frames
frame 0 / 37
comfortable: [True, True, True, True, True, True]
frame 1 / 37
comfortable: [True, True, True, True, True, True]
frame 2 / 37
comfortable: [True, True, True, True, True, True]
frame 3 / 37
comfortable: [True, True, True, True, True, True]
frame 4 / 37
comfortable: [True, True, True, True, True, True]
frame 5 / 37
comfortable: [True, True, True, True, True, True]
frame 6 / 37
comfortable: [True, True, True, True, True, True]
frame 7 / 37
collision with obstacle detected! @ timestep5
ego_poly: (16.892122249882444, -1.438238171916799, -0.10839241622922055, 1.7419641375541686, 3.97669860124588), obs_poly: (20.0, -2.0, 4.371138739855951e-08, 1.7419641375541686, 3.97669860124588)
 failed to pass ttc collision check, t=1
comfortable: [True, True, True, True, True, True]
frame 8 / 37
collision with obstacle detected! @ timestep5
ego_poly: (17.727528344942527, -1.3520477099750923, -0.0887997518573579, 1.7419641375541686, 3.97669860124588), obs_poly: (20.0, -2.0, 4.371138739855951e-08, 1.7419641375541686, 3.97669860124588)
 failed to pass ttc collision check, t=1
comfortable: [True, True, True, True, True, True]
frame 9 / 37
collision with obstacle detected! @ timestep5
ego_poly: (18.051583660988047, -1.2678327291665268, -0.0787679296254187, 1.7419641375541686, 3.97669860124588), obs_poly: (20.0, -2.0, 4.371138739855951e-08, 1.7419641375541686, 3.97669860124588)
 failed to pass ttc collision check, t=1
comfortable: [True, True, True, True, False, False]
frame 10 / 37
collision with obstacle detected! @ timestep5
ego_poly: (17.95516513805603, -1.034822477670053, -0.05054814995024362, 1.7419641375541686, 3.97669860124588), obs_poly: (20.0, -2.0, 4.371138739855951e-08, 1.7419641375541686, 3.97669860124588)
 failed to pass ttc collision check, t=1
comfortable: [True, False, True, False, True, True]
frame 11 / 37
collision with obstacle detected! @ timestep5
ego_poly: (16.77025953829176, -1.200940851077817, -0.06577383271269066, 1.7419641375541686, 3.97669860124588), obs_poly: (20.0, -2.0, 4.371138739855951e-08, 1.7419641375541686, 3.97669860124588)
 failed to pass ttc collision check, t=0.5
comfortable: [True, False, True, False, True, True]
frame 12 / 37
collision with obstacle detected! @ timestep5
ego_poly: (17.297318621040816, -1.0493173004506733, -0.02318607961184685, 1.7419641375541686, 3.97669860124588), obs_poly: (20.0, -2.0, 4.371138739855951e-08, 1.7419641375541686, 3.97669860124588)
 failed to pass ttc collision check, t=0.5
comfortable: [True, False, False, False, True, True]
frame 13 / 37
collision with obstacle detected! @ timestep5
ego_poly: (17.975373559251047, -0.917430549138083, -0.0076668147992595016, 1.7419641375541686, 3.97669860124588), obs_poly: (20.0, -2.0, 4.371138739855951e-08, 1.7419641375541686, 3.97669860124588)
 failed to pass ttc collision check, t=0.5
comfortable: [True, True, True, False, True, True]
frame 14 / 37
collision with obstacle detected! @ timestep5
ego_poly: (17.89575999336433, -1.4507554282807926, -0.15870078612643676, 1.7419641375541686, 3.97669860124588), obs_poly: (20.0, -2.0, 4.371138739855951e-08, 1.7419641375541686, 3.97669860124588)
collision with obstacle detected! @ timestep3
ego_poly: (16.792276101010067, -1.0132262952527789, -0.20064525573867587, 1.7419641375541686, 3.97669860124588), obs_poly: (20.0, -2.0, 4.371138739855951e-08, 1.7419641375541686, 3.97669860124588)
 failed to pass ttc collision check, t=0.5
comfortable: [True, True, True, True, True, True]
frame 15 / 37
collision with obstacle detected! @ timestep4
ego_poly: (17.55052007071371, -1.4813538215613307, -0.1521578079982551, 1.7419641375541686, 3.97669860124588), obs_poly: (20.0, -2.0, 4.371138739855951e-08, 1.7419641375541686, 3.97669860124588)
collision with obstacle detected! @ timestep3
ego_poly: (17.336341275743152, -1.5740479032436034, -0.14441001750050575, 1.7419641375541686, 3.97669860124588), obs_poly: (20.0, -2.0, 4.371138739855951e-08, 1.7419641375541686, 3.97669860124588)
 failed to pass ttc collision check, t=0.5
comfortable: [True, True, True, True, False, True]
frame 16 / 37
comfortable: [True, True, True, True, True, True]
frame 17 / 37
comfortable: [True, True, True, True, True, True]
frame 18 / 37
comfortable: [True, True, True, True, True, True]
frame 19 / 37
comfortable: [True, True, True, True, True, True]
frame 20 / 37
comfortable: [True, True, True, True, True, True]
frame 21 / 37
comfortable: [True, True, True, True, True, True]
frame 22 / 37
comfortable: [True, True, True, True, True, True]
frame 23 / 37
comfortable: [True, True, True, True, True, True]
frame 24 / 37
comfortable: [True, True, True, True, True, True]
frame 25 / 37
comfortable: [True, True, True, True, True, True]
frame 26 / 37
collision with obstacle detected! @ timestep5
ego_poly: (13.104750272112199, -1.126814885091943, -0.005161121457388053, 1.5126146256923676, 3.8705941081047057), obs_poly: (14.883519172668457, -0.9773938655853271, -3.0561537275349986, 1.5126146256923676, 3.8705941081047057)
collision with obstacle detected! @ timestep5
ego_poly: (13.104750272112199, -1.126814885091943, -0.005161121457388053, 1.5126146256923676, 3.8705941081047057), obs_poly: (14.883519172668457, -0.9773938655853271, -3.0561537275349986, 1.5126146256923676, 3.8705941081047057)
 failed to pass ttc collision check, t=0.5
comfortable: [True, True, True, True, True, True]
frame 27 / 37
comfortable: [True, True, True, True, True, True]
frame 28 / 37
collision with obstacle detected! @ timestep4
ego_poly: (13.115619457430382, -1.1268706121136016, -0.0050188318367137795, 1.5126146256923676, 3.8705941081047057), obs_poly: (14.883519172668457, -0.9773938655853271, -3.0561537275349986, 1.5126146256923676, 3.8705941081047057)
collision with obstacle detected! @ timestep4
ego_poly: (13.115619457430382, -1.1268706121136016, -0.0050188318367137795, 1.5126146256923676, 3.8705941081047057), obs_poly: (14.883519172668457, -0.9773938655853271, -3.0561537275349986, 1.5126146256923676, 3.8705941081047057)
 failed to pass ttc collision check, t=0.5
comfortable: [True, True, True, True, True, True]
frame 29 / 37
comfortable: [True, True, True, True, True, True]
frame 30 / 37
collision with obstacle detected! @ timestep3
ego_poly: (13.120383115675926, -1.126894449115422, -0.004956470153627544, 1.5126146256923676, 3.8705941081047057), obs_poly: (14.883519172668457, -0.9773938655853271, -3.0561537275349986, 1.5126146256923676, 3.8705941081047057)
collision with obstacle detected! @ timestep3
ego_poly: (13.120383115675926, -1.126894449115422, -0.004956470153627544, 1.5126146256923676, 3.8705941081047057), obs_poly: (14.883519172668457, -0.9773938655853271, -3.0561537275349986, 1.5126146256923676, 3.8705941081047057)
 failed to pass ttc collision check, t=0.5
comfortable: [True, True, True, True, True, True]
frame 31 / 37
comfortable: [True, True, True, True, True, True]
frame 32 / 37
collision with obstacle detected! @ timestep2
ego_poly: (13.122470787681292, -1.126904783009786, -0.004929140134164507, 1.5126146256923676, 3.8705941081047057), obs_poly: (14.883519172668457, -0.9773938655853271, -3.0561537275349986, 1.5126146256923676, 3.8705941081047057)
collision with obstacle detected! @ timestep2
ego_poly: (13.122470787681292, -1.126904783009786, -0.004929140134164507, 1.5126146256923676, 3.8705941081047057), obs_poly: (14.883519172668457, -0.9773938655853271, -3.0561537275349986, 1.5126146256923676, 3.8705941081047057)
 failed to pass ttc collision check, t=0.5
comfortable: [True, True, True, True, True, True]
frame 33 / 37
comfortable: [True, True, True, True, True, True]
frame 34 / 37
collision with obstacle detected! @ timestep1
ego_poly: (13.12338572839856, -1.1269092902908753, -0.004917162506101953, 1.5126146256923676, 3.8705941081047057), obs_poly: (14.883519172668457, -0.9773938655853271, -3.0561537275349986, 1.5126146256923676, 3.8705941081047057)
collision with obstacle detected! @ timestep1
ego_poly: (13.12338572839856, -1.1269092902908753, -0.004917162506101953, 1.5126146256923676, 3.8705941081047057), obs_poly: (14.883519172668457, -0.9773938655853271, -3.0561537275349986, 1.5126146256923676, 3.8705941081047057)
 failed to pass ttc collision check, t=0.5
comfortable: [True, True, True, True, True, True]
frame 35 / 37
comfortable: [True, True, True, True, True, True]
frame 36 / 37
collision with obstacle detected! @ timestep0
ego_poly: (13.123786690745979, -1.1269112613993697, -0.004911913446006263, 1.5126146256923676, 3.8705941081047057), obs_poly: (14.883519172668457, -0.9773938655853271, -3.0561537275349986, 1.5126146256923676, 3.8705941081047057)
collision with obstacle detected! @ timestep0
ego_poly: (13.123786690745979, -1.1269112613993697, -0.004911913446006263, 1.5126146256923676, 3.8705941081047057), obs_poly: (14.883519172668457, -0.9773938655853271, -3.0561537275349986, 1.5126146256923676, 3.8705941081047057)
 failed to pass ttc collision check, t=0.5
comfortable: [True, True, True, True, True, True]
The score of experiment is (0.6100386100386099, 0.13865038478661834, 0.08458208801654708, {'nc': 0.7837837837837838, 'dac': 1.0, 'ttc': 0.5945945945945946, 'c': 0.8378378378378378, 'pdms': 0.6100386100386099}, {0.25: {'nc': 1.0, 'dac': 1.0, 'ttc': 1.0, 'c': 1.0, 'pdms': 1.0}, 0.5: {'nc': 1.0, 'dac': 1.0, 'ttc': 1.0, 'c': 1.0, 'pdms': 1.0}, 0.75: {'nc': 1.0, 'dac': 1.0, 'ttc': 1.0, 'c': 1.0, 'pdms': 1.0}, 1.0: {'nc': 1.0, 'dac': 1.0, 'ttc': 1.0, 'c': 1.0, 'pdms': 1.0}, 1.25: {'nc': 1.0, 'dac': 1.0, 'ttc': 1.0, 'c': 1.0, 'pdms': 1.0}, 1.5: {'nc': 1.0, 'dac': 1.0, 'ttc': 1.0, 'c': 1.0, 'pdms': 1.0}, 1.75: {'nc': 1.0, 'dac': 1.0, 'ttc': 1.0, 'c': 1.0, 'pdms': 1.0}, 2.0: {'nc': 1.0, 'dac': 1.0, 'ttc': 0.0, 'c': 1.0, 'pdms': 0.2857142857142857}, 2.25: {'nc': 1.0, 'dac': 1.0, 'ttc': 0.0, 'c': 1.0, 'pdms': 0.2857142857142857}, 2.5: {'nc': 1.0, 'dac': 1.0, 'ttc': 0.0, 'c': 0.0, 'pdms': 0.0}, 2.75: {'nc': 1.0, 'dac': 1.0, 'ttc': 0.0, 'c': 0.0, 'pdms': 0.0}, 3.0: {'nc': 1.0, 'dac': 1.0, 'ttc': 0.0, 'c': 0.0, 'pdms': 0.0}, 3.25: {'nc': 1.0, 'dac': 1.0, 'ttc': 0.0, 'c': 0.0, 'pdms': 0.0}, 3.5: {'nc': 1.0, 'dac': 1.0, 'ttc': 0.0, 'c': 0.0, 'pdms': 0.0}, 3.75: {'nc': 0.0, 'dac': 1.0, 'ttc': 0.0, 'c': 1.0, 'pdms': 0.0}, 4.0: {'nc': 0.0, 'dac': 1.0, 'ttc': 0.0, 'c': 0.0, 'pdms': 0.0}, 4.25: {'nc': 1.0, 'dac': 1.0, 'ttc': 1.0, 'c': 1.0, 'pdms': 1.0}, 4.5: {'nc': 1.0, 'dac': 1.0, 'ttc': 1.0, 'c': 1.0, 'pdms': 1.0}, 4.75: {'nc': 1.0, 'dac': 1.0, 'ttc': 1.0, 'c': 1.0, 'pdms': 1.0}, 5.0: {'nc': 1.0, 'dac': 1.0, 'ttc': 1.0, 'c': 1.0, 'pdms': 1.0}, 5.25: {'nc': 1.0, 'dac': 1.0, 'ttc': 1.0, 'c': 1.0, 'pdms': 1.0}, 5.5: {'nc': 1.0, 'dac': 1.0, 'ttc': 1.0, 'c': 1.0, 'pdms': 1.0}, 5.75: {'nc': 1.0, 'dac': 1.0, 'ttc': 1.0, 'c': 1.0, 'pdms': 1.0}, 6.0: {'nc': 1.0, 'dac': 1.0, 'ttc': 1.0, 'c': 1.0, 'pdms': 1.0}, 6.25: {'nc': 1.0, 'dac': 1.0, 'ttc': 1.0, 'c': 1.0, 'pdms': 1.0}, 6.5: {'nc': 1.0, 'dac': 1.0, 'ttc': 1.0, 'c': 1.0, 'pdms': 1.0}, 6.75: {'nc': 0.0, 'dac': 1.0, 'ttc': 0.0, 'c': 1.0, 'pdms': 0.0}, 7.0: {'nc': 1.0, 'dac': 1.0, 'ttc': 1.0, 'c': 1.0, 'pdms': 1.0}, 7.25: {'nc': 0.0, 'dac': 1.0, 'ttc': 0.0, 'c': 1.0, 'pdms': 0.0}, 7.5: {'nc': 1.0, 'dac': 1.0, 'ttc': 1.0, 'c': 1.0, 'pdms': 1.0}, 7.75: {'nc': 0.0, 'dac': 1.0, 'ttc': 0.0, 'c': 1.0, 'pdms': 0.0}, 8.0: {'nc': 1.0, 'dac': 1.0, 'ttc': 1.0, 'c': 1.0, 'pdms': 1.0}, 8.25: {'nc': 0.0, 'dac': 1.0, 'ttc': 0.0, 'c': 1.0, 'pdms': 0.0}, 8.5: {'nc': 1.0, 'dac': 1.0, 'ttc': 1.0, 'c': 1.0, 'pdms': 1.0}, 8.75: {'nc': 0.0, 'dac': 1.0, 'ttc': 0.0, 'c': 1.0, 'pdms': 0.0}, 9.0: {'nc': 1.0, 'dac': 1.0, 'ttc': 1.0, 'c': 1.0, 'pdms': 1.0}, 9.25: {'nc': 0.0, 'dac': 1.0, 'ttc': 0.0, 'c': 1.0, 'pdms': 0.0}}).
=============================Results=============================
'nc': 0.7837837837837838
'dac': 1.0
'ttc': 0.5945945945945946
'c': 0.8378378378378378
'pdms': 0.6100386100386099
'rc': 0.13865038478661834
'hdscore': 0.08458208801654708
The AD algorithm is still running, remaining tolerant 100.
The AD algorithm is still running, remaining tolerant 95.
The AD algorithm is still running, remaining tolerant 90.
The AD algorithm is still running, remaining tolerant 85.
The AD algorithm completed with return code 0.
+ rc=0
+ echo 'I107_SLOT_RC=0 i106_s12_iter49_hard_extreme_long_lead_fire_cpa_only_scene_0071_extreme_00_r1 scene-0071-extreme-00 on a1'
I107_SLOT_RC=0 i106_s12_iter49_hard_extreme_long_lead_fire_cpa_only_scene_0071_extreme_00_r1 scene-0071-extreme-00 on a1
+ docker rm -f hugsim_uniad_client
++ python3 -c '
import json, math
try:
    v = json.load(open('\''/datasets/nuscenes-full/hugsim/outputs/nusc_uniad/scene-0071_extreme_00/eval.json'\'')).get('\''hdscore'\'')
    print(v if isinstance(v, (int, float)) and math.isfinite(v) else '\''INVALID'\'')
except Exception:
    print('\''MISSING'\'')
'
+ hd=0.08458208801654708
++ python3 -c '
import json
try:
    data = json.load(open('\''/datasets/nuscenes-full/hugsim/outputs/nusc_uniad/scene-0071_extreme_00/eval.json'\''))
    print(1 if '\''collision_provenance'\'' in data else 0)
except Exception:
    print(0)
'
+ provenance=1
++ grep -c sent /datasets/nuscenes-full/hugsim/outputs/nusc_uniad/scene-0071_extreme_00/output.txt
+ steps=37
+ '[' -n 37 ']'
++ grep -c 'SENTINEL_I48_UNION_PATCH_LOADED enabled=1' /datasets/nuscenes-full/hugsim/outputs/nusc_uniad/scene-0071_extreme_00/output.txt
+ marker=1
+ '[' -n 1 ']'
+ decisions=0
+ '[' -s /datasets/nuscenes-full/hugsim/outputs/nusc_uniad/scene-0071_extreme_00/sentinel_iter48_decisions.jsonl ']'
++ grep -c 'SENTINEL_I48_DECISION frame=' /datasets/nuscenes-full/hugsim/outputs/nusc_uniad/scene-0071_extreme_00/output.txt
+ '[' 37 -gt 0 ']'
+ decisions=1
+ '[' 0 = 0 ']'
+ '[' 0.08458208801654708 '!=' MISSING ']'
+ '[' 0.08458208801654708 '!=' INVALID ']'
+ '[' 1 = 1 ']'
+ '[' 37 -gt 0 ']'
+ '[' 1 -gt 0 ']'
+ '[' 1 = 1 ']'
+ rm -rf /datasets/nuscenes-full/hugsim/iter107_runs/i106_s12_iter49_hard_extreme_long_lead_fire_cpa_only_scene_0071_extreme_00_r1__scene-0071-extreme-00__on
+ mkdir -p /datasets/nuscenes-full/hugsim/iter107_runs/i106_s12_iter49_hard_extreme_long_lead_fire_cpa_only_scene_0071_extreme_00_r1__scene-0071-extreme-00__on
+ find /datasets/nuscenes-full/hugsim/outputs/nusc_uniad/scene-0071_extreme_00 -type p -delete
+ mv /datasets/nuscenes-full/hugsim/outputs/nusc_uniad/scene-0071_extreme_00/data.pkl /datasets/nuscenes-full/hugsim/outputs/nusc_uniad/scene-0071_extreme_00/eval.json /datasets/nuscenes-full/hugsim/outputs/nusc_uniad/scene-0071_extreme_00/ground.ply /datasets/nuscenes-full/hugsim/outputs/nusc_uniad/scene-0071_extreme_00/infos.pkl /datasets/nuscenes-full/hugsim/outputs/nusc_uniad/scene-0071_extreme_00/output.txt /datasets/nuscenes-full/hugsim/outputs/nusc_uniad/scene-0071_extreme_00/scene.ply /datasets/nuscenes-full/hugsim/outputs/nusc_uniad/scene-0071_extreme_00/sentinel_iter48_decisions.jsonl /datasets/nuscenes-full/hugsim/outputs/nusc_uniad/scene-0071_extreme_00/uniad /datasets/nuscenes-full/hugsim/outputs/nusc_uniad/scene-0071_extreme_00/video.mp4 /datasets/nuscenes-full/hugsim/iter107_runs/i106_s12_iter49_hard_extreme_long_lead_fire_cpa_only_scene_0071_extreme_00_r1__scene-0071-extreme-00__on/
+ rmdir /datasets/nuscenes-full/hugsim/outputs/nusc_uniad/scene-0071_extreme_00
++ date -u +%s
+ printf '{"slot_id":"%s","scenario":"%s","arm":"on","attempt":%s,"rc":%s,"hdscore":%s,"steps":%s,"start_epoch":%s,"end_epoch":%s}\n' i106_s12_iter49_hard_extreme_long_lead_fire_cpa_only_scene_0071_extreme_00_r1 scene-0071-extreme-00 1 0 0.08458208801654708 37 1784014401 1784014589
+ echo 'I107_SLOT_DONE i106_s12_iter49_hard_extreme_long_lead_fire_cpa_only_scene_0071_extreme_00_r1 scene-0071-extreme-00 on ok hd=0.08458208801654708 steps=37'
I107_SLOT_DONE i106_s12_iter49_hard_extreme_long_lead_fire_cpa_only_scene_0071_extreme_00_r1 scene-0071-extreme-00 on ok hd=0.08458208801654708 steps=37
+ return 0
+ IFS='	'
+ read -r slot_id scenario _scenario_sha
+ run_one i106_s13_iter48_easy_medium_long_lead_fire_cpa_only_scene_0064_medium_01_r1 scene-0064-medium-01
+ local slot_id=i106_s13_iter48_easy_medium_long_lead_fire_cpa_only_scene_0064_medium_01_r1 scenario=scene-0064-medium-01
+ local scene=scene-0064
+ local mode_dashed=medium-01
+ local mode=medium_01
+ local out_dir=/datasets/nuscenes-full/hugsim/outputs/nusc_uniad/scene-0064_medium_01
+ local dest=/datasets/nuscenes-full/hugsim/iter107_runs/i106_s13_iter48_easy_medium_long_lead_fire_cpa_only_scene_0064_medium_01_r1__scene-0064-medium-01__on
+ '[' -f /datasets/nuscenes-full/hugsim/iter107_runs/i106_s13_iter48_easy_medium_long_lead_fire_cpa_only_scene_0064_medium_01_r1__scene-0064-medium-01__on/episode_meta.json ']'
+ prep_scene scene-0064
+ local scene=scene-0064
+ '[' '!' -d /datasets/nuscenes-full/hugsim/extracted/scenes/nuscenes/scene-0064 ']'
+ local cfg=/datasets/nuscenes-full/hugsim/extracted/scenes/nuscenes/scene-0064/cfg.yaml
+ '[' '!' -f /datasets/nuscenes-full/hugsim/extracted/scenes/nuscenes/scene-0064/cfg.yaml ']'
+ '[' -f /datasets/nuscenes-full/hugsim/extracted/scenes/nuscenes/scene-0064/cfg.yaml.orig ']'
+ python3 - /datasets/nuscenes-full/hugsim/extracted/scenes/nuscenes/scene-0064/cfg.yaml /datasets/nuscenes-full/hugsim/extracted/scenes/nuscenes/scene-0064
+ local attempt rc steps hd marker decisions provenance
+ for attempt in 1 2
+ disk_guard
+ local avail
++ df --output=avail -BG /datasets/nuscenes-full
++ tail -1
++ tr -dc 0-9
+ avail=115
+ '[' 115 -lt 20 ']'
++ date -u
+ echo 'I107_SLOT_START i106_s13_iter48_easy_medium_long_lead_fire_cpa_only_scene_0064_medium_01_r1 scene-0064-medium-01 on a1 Tue Jul 14 07:36:29 UTC 2026'
I107_SLOT_START i106_s13_iter48_easy_medium_long_lead_fire_cpa_only_scene_0064_medium_01_r1 scene-0064-medium-01 on a1 Tue Jul 14 07:36:29 UTC 2026
+ local t0
++ date -u +%s
+ t0=1784014589
+ docker rm -f hugsim_uniad_client
+ rm -rf /datasets/nuscenes-full/hugsim/outputs/nusc_uniad/scene-0064_medium_01
+ cd /opt/sentinel-stack/HUGSIM
+ SENTINEL_ENABLED=1
+ timeout 1200 pixi run python -u closed_loop.py --scenario_path /datasets/nuscenes-full/hugsim/extracted/scenarios/nuscenes/scene-0064-medium-01.yaml --base_path configs/sim/nuscenes_base.yaml --camera_path configs/sim/nuscenes_camera.yaml --kinematic_path configs/sim/kinematic.yaml --ad uniad --ad_cuda 0
/datasets/nuscenes-full/hugsim/outputs/nusc_uniad/scene-0064_medium_01/output.txt
/opt/sentinel-stack/UniAD_SIM/tools/e2e.sh 0 /datasets/nuscenes-full/hugsim/outputs/nusc_uniad/scene-0064_medium_01
Loading data for matched scene tags: ['nusc_trainval-boston-train', 'singapore-nusc_trainval-train', 'train_val-nusc_trainval-boston', 'train_val-nusc_trainval-singapore', 'val-nusc_trainval-boston', 'val-nusc_trainval-singapore']
Getting Scenes from nusc_trainval:   0%|          | 0/6 [00:00<?, ?it/s]Getting Scenes from nusc_trainval: 100%|██████████| 6/6 [00:00<00:00, 662.89it/s]
Calculating Agent Data (Serially):   0%|          | 0/850 [00:00<?, ?it/s]Calculating Agent Data (Serially): 100%|██████████| 850/850 [00:00<00:00, 59059.05it/s]
850 scenes in the scene index.
Creating Agent Data Index (4 CPUs):   0%|          | 0/850 [00:00<?, ?it/s]Creating Agent Data Index (4 CPUs):  33%|███▎      | 280/850 [00:00<00:00, 2720.53it/s]Creating Agent Data Index (4 CPUs):  78%|███████▊  | 662/850 [00:00<00:00, 3357.80it/s]Creating Agent Data Index (4 CPUs): 100%|██████████| 850/850 [00:00<00:00, 2922.13it/s]
Structuring Agent Data Index:   0%|          | 0/850 [00:00<?, ?it/s]Structuring Agent Data Index: 100%|██████████| 850/850 [00:00<00:00, 13640.53it/s]
/opt/sentinel-stack/HUGSIM/.pixi/envs/default/lib/python3.11/site-packages/pandas/io/feather_format.py:123: FutureWarning: pyarrow.feather.read_feather is deprecated as of 24.0.0. Use pyarrow.ipc.open_file() / RecordBatchFileReader instead. Feather V2 is the Arrow IPC file format.
  return feather.read_feather(
Ready for simulation
ego pose [0.0, 2.5479643102357533e-37, 0.0]
ego pose [0.0, 0.00641256337704855, 0.4012113260244512]
ego pose [0.004198748271101719, 0.01925415447612893, 0.9649612741693439]
ego pose [0.023909118425999, 0.032827951819034674, 1.5892124267970682]
ego pose [0.046596216893564496, 0.041340777916102245, 2.207782532052029]
ego pose [0.058890707083448623, 0.056298757627800344, 2.8462848107252388]
ego pose [0.054748977625872594, 0.0721889666449998, 3.538616160736174]
ego pose [0.04948820182402533, 0.08413650942269985, 4.231293981075655]
ego pose [0.05096910032327788, 0.10154493792167726, 4.890449206665669]
ego pose [0.05781402153656461, 0.11853815558518625, 5.523344834813574]
ego pose [0.06843341154876495, 0.1402173507954102, 6.126114614231866]
ego pose [0.0805168774863366, 0.16230977773280197, 6.718166426762933]
ego pose [0.0944660832113082, 0.1803289390167789, 7.315403208734751]
ego pose [0.11152934312556351, 0.20436324632201272, 7.914594933799047]
ego pose [0.13340063310808473, 0.21805713313526487, 8.53979643592632]
ego pose [0.14938915174596612, 0.22943735250597583, 9.169341967210517]
ego pose [0.1644841828508702, 0.2489233130753551, 9.80350396963372]
ego pose [0.1639608962780323, 0.2534173744211201, 10.443821208620852]
ego pose [0.1577397479024459, 0.2783713714482471, 11.080975595321256]
ego pose [0.1513760963756432, 0.2625376514142879, 11.72399230911612]
ego pose [0.1497177024852192, 0.28007626889307274, 12.356864031383036]
ego pose [0.15274182091116076, 0.2976533246834088, 12.944705191875572]
ego pose [0.15532993712083296, 0.3188844894085727, 13.510487308177618]
ego pose [0.15578460419782206, 0.3487315279723365, 14.059901917441302]
ego pose [0.15294059885436717, 0.3740079411233749, 14.598998436943948]
ego pose [0.14645075309769515, 0.3870426463108379, 15.115737792261202]
ego pose [0.1350869867754252, 0.39566201931105116, 15.623940814473883]
ego pose [0.11808336485201992, 0.40367305124943687, 16.146861549258958]
ego pose [0.10533370734209493, 0.41671259350708734, 16.688008318661435]
ego pose [0.10582521923840121, 0.43055031160010077, 17.24636860318595]
ego pose [0.11746488856644575, 0.4500838602012179, 17.83480900300661]
ego pose [0.12895701965979298, 0.4768056625792597, 18.474047752820773]
ego pose [0.1240777313333725, 0.5014453296847636, 19.10268071491888]
ego pose [0.0984381219432061, 0.51844922978024, 19.709417450229843]
ego pose [0.06714948343659415, 0.526902335780538, 20.301359914092274]
ego pose [0.03168686450887191, 0.5543263088779291, 20.90591468667269]
ego pose [-0.004558999498158488, 0.5765403196112926, 21.546667901924835]
ego pose [-0.024213378203210862, 0.5848694275655694, 22.000520095137148]
ego pose [-0.034481984812650274, 0.5907188102212283, 22.30100998581043]
ego pose [-0.04008416246422799, 0.5944899769481299, 22.49992644430795]
ego pose [-0.04326998388396432, 0.5959890268968123, 22.631596347779784]
ego pose [-0.04839530834558167, 0.5987107375857904, 22.869188543094534]
ego pose [-0.05489844930769157, 0.6024930129139942, 23.182414321277363]
ego pose [-0.06331617573791624, 0.6069396294008074, 23.547580164608792]
ego pose [-0.07508276744665718, 0.6141191111688736, 23.962556689946716]
ego pose [-0.0907436899801082, 0.6207234621925359, 24.417536182697656]
ego pose [-0.11140896008094094, 0.6311857792101088, 24.932808714736723]
ego pose [-0.13429679923334129, 0.643715571060863, 25.49772451094089]
ego pose [-0.1557058820843953, 0.6572205618304217, 26.10741744650115]
ego pose [-0.17073422276692793, 0.6751813006489631, 26.762591715406185]
ego pose [-0.17345117389982165, 0.6919750358827409, 27.47913279220216]
ego pose [-0.17491488014114406, 0.7138697252641923, 28.250238984513373]
ego pose [-0.19765697682733646, 0.7339000770410877, 29.04808842581667]
ego pose [-0.2630227488087599, 0.7651230103613564, 29.804258423443994]
ego pose [-0.3486066562806747, 0.7848885517521336, 30.56240905409494]
ego pose [-0.4315056825931124, 0.801262207926486, 31.310300618992127]
ego pose [-0.4901351387625003, 0.8131183381083243, 32.037764860527574]
ego pose [-0.5057294612835123, 0.8256217870081002, 32.697966297248286]
ego pose [-0.5021902273913488, 0.8381550666757, 33.31195469986363]
ego pose [-0.4776638217721747, 0.8525867430207335, 33.916150447645876]
ego pose [-0.44627774146509436, 0.864667663975843, 34.51685835258986]
ego pose [-0.4199885852005563, 0.8787408997445444, 35.1503885799224]
ego pose [-0.41568792842971825, 0.8952127679763829, 35.819087967608105]
ego pose [-0.45403089742078107, 0.9111711699463491, 36.4992518161915]
ego pose [-0.5519038120019293, 0.9272314555415567, 37.15627301320503]
ego pose [-0.6985235108189352, 0.9441337455972374, 37.843476659379306]
ego pose [-0.880803404109762, 0.9594579175043076, 38.56022053230056]
ego pose [-1.0834956700106055, 0.9734681133430795, 39.31538466457231]
ego pose [-1.2289318872850992, 0.9913301438543843, 39.89171062894567]
ego pose [-1.3243074410288094, 1.0023711955032406, 40.28726796162235]
ego pose [-1.3855686956175834, 1.0061289491161902, 40.54953765140179]
ego pose [-1.4252995490297728, 1.009783344687287, 40.72331765859016]
ego pose [-1.5057113352958018, 1.0166500243277534, 41.08013302122436]
ego pose [-1.5540307915718308, 1.0203291130893961, 41.316564447867194]
ego pose [-1.5838505656645219, 1.0236059373992419, 41.472968613306044]
ego pose [-1.6026263251783603, 1.0253845320663992, 41.57632484231622]
ego pose [-1.614622928564325, 1.0272447679929, 41.644587073065914]
ego pose [-1.6581168603226741, 1.0330914027906024, 41.897685509665614]
ego pose [-1.724926834987689, 1.0432254403825816, 42.336942106728834]
ego pose [-1.7887328990788185, 1.0557825902393094, 42.900797942763084]
ego pose [-1.8226487408722514, 1.0702203139148276, 43.50941172045414]
ego pose [-1.8260905626721815, 1.0861809824543105, 44.107617095644144]
ego pose [-1.8096719106924597, 1.106328079855036, 44.717062179833626]
ego pose [-1.7867631841146405, 1.1244876491628089, 45.32872676112667]
ego pose [-1.7715446710598404, 1.1366450673067658, 45.930362084812494]
ego pose [-1.7733291752825733, 1.144653115969225, 46.51996844274008]
ego pose [-1.798003965015049, 1.1576025365141858, 47.10979491871066]
ego pose [-1.8489433945137586, 1.1724914726875473, 47.709901797539544]
ego pose [-1.93360472987867, 1.1811783146542518, 48.374225703560796]
ego pose [-2.0416096004789255, 1.1906171537043113, 49.09741367658259]
ego pose [-2.149090723660448, 1.1972969529171185, 49.83564629284318]
ego pose [-2.212104064728173, 1.2043748428349128, 50.39059604548308]
ego pose [-2.2457476731739145, 1.2133545289749037, 50.76008330950531]
ego pose [-2.2644031805724096, 1.2186187955851417, 51.00457529068564]
ego pose [-2.275173244800132, 1.2237299406291775, 51.16627875538472]
ego pose [-2.28161013209772, 1.2264044986689837, 51.27318872736651]
ego pose [-2.2855671685589685, 1.2288789990567492, 51.34386653880468]
ego pose [-2.2880526308256695, 1.231157967820136, 51.39058700510263]
ego pose [-2.2896386281342096, 1.231384321712024, 51.42146925580049]
ego pose [-2.290662063605803, 1.2315340750523576, 51.44188127176397]
ego pose [-2.300908073979311, 1.237000166574018, 51.64956634198039]
ego pose [-2.316982963227303, 1.2476406315600215, 51.996807611429226]
ego pose [-2.3381636480605255, 1.2608206622446592, 52.42300883186099]
ego pose [-2.3696994179822504, 1.2746915803048882, 52.91465787019279]
ego pose [-2.410277020067164, 1.2890312428706219, 53.47784882421127]
ego pose [-2.4532237064256326, 1.3062554607732837, 54.1012379974749]
ego pose [-2.5036333562808184, 1.3237156408971176, 54.77300574178591]
ego pose [-2.548372135426478, 1.3423636247515776, 55.46810540846675]
ego pose [-2.5787849052071095, 1.3582806435471457, 56.162223434035354]
ego pose [-2.593250167013777, 1.3759617005111717, 56.841129631004904]
ego pose [-2.6093377293005764, 1.3952117335540868, 57.49669504930323]
ego pose [-2.63881192482395, 1.413300813057825, 58.13127413413759]
ego pose [-2.6899192815639763, 1.4320093897898496, 58.770938366028716]
ego pose [-2.7509473831080404, 1.4497387592506303, 59.41742138704494]
ego pose [-2.815976464568448, 1.4680807093269665, 60.09711347727125]
ego pose [-2.873737568510891, 1.4884276470156568, 60.78865677009356]
ego pose [-2.918360455825333, 1.508372715053158, 61.49323604715892]
ego pose [-2.943848078831458, 1.5266113262370626, 62.17771554987815]
ego pose [-2.968534546180474, 1.5438413660922001, 62.83716301837385]
ego pose [-2.984546332228493, 1.5568928649519689, 63.30930096627005]
ego pose [-2.9943846626030264, 1.5647082815091125, 63.621930710713144]
ego pose [-3.0005664484817163, 1.5712560126491055, 63.828948033454864]
ego pose [-3.004514185989752, 1.5742658002361845, 63.96602835813824]
ego pose [-3.0129485846206796, 1.5831631790240446, 64.26622876585496]
ego pose [-3.0264015094725787, 1.5949838420419342, 64.6768161787002]
ego pose [-3.048448716198363, 1.6078555114260185, 65.16159298332568]
ego pose [-3.085379259684762, 1.6244277032830396, 65.71779323089659]
ego pose [-3.12668670057808, 1.6395889450962493, 66.2856911099701]
ego pose [-3.1814097412295537, 1.6520544931092607, 66.87515310662346]
ego pose [-3.2367934531885236, 1.6624919408191297, 67.47984156571948]
ego pose [-3.2810036988082367, 1.6787324313359062, 68.09981642635773]
ego pose [-3.32648311346361, 1.6972068472757738, 68.71626808633525]
ego pose [-3.3763337706400147, 1.7182769141810625, 69.33745190802827]
ego pose [-3.4136588540682946, 1.734264759547988, 69.92485086507547]
ego pose [-3.440455374678341, 1.752929642131716, 70.48066945938544]
ego pose [-3.4664785037564054, 1.770294585226514, 71.01191412694293]
ego pose [-3.4890925788889255, 1.7860246637319412, 71.53513790607063]
ego pose [-3.5025154247462407, 1.7951069738727552, 72.0656850571675]
ego pose [-3.495484297350672, 1.8103759425296397, 72.60987053674936]
ego pose [-3.4599890571235656, 1.8279237621760005, 73.12110260676896]
ego pose [-3.4076015492997898, 1.8451607308037936, 73.59650981411949]
ego pose [-3.3460389348045756, 1.8669323672241336, 74.0699868847648]
ego pose [-3.2831558008989803, 1.887138309481464, 74.54709281584691]
ego pose [-3.2224208509346743, 1.9082448244506836, 75.02678189147291]
ego pose [-3.1661432312044413, 1.9294812925044769, 75.50586439826951]
ego pose [-3.114169032555956, 1.9495596447663972, 75.99551710983286]
Collision with background
MoviePy - Building video /datasets/nuscenes-full/hugsim/outputs/nusc_uniad/scene-0064_medium_01/video.mp4.
MoviePy - Writing video /datasets/nuscenes-full/hugsim/outputs/nusc_uniad/scene-0064_medium_01/video.mp4

frame_index:   0%|          | 0/146 [00:00<?, ?it/s, now=None]frame_index:   5%|▌         | 8/146 [00:00<00:01, 78.22it/s, now=None]frame_index:  13%|█▎        | 19/146 [00:00<00:01, 94.19it/s, now=None]frame_index:  24%|██▍       | 35/146 [00:00<00:00, 121.65it/s, now=None]frame_index:  34%|███▎      | 49/146 [00:00<00:00, 126.55it/s, now=None]frame_index:  44%|████▍     | 64/146 [00:00<00:00, 132.14it/s, now=None]frame_index:  53%|█████▎    | 78/146 [00:01<00:01, 42.51it/s, now=None] frame_index:  60%|██████    | 88/146 [00:02<00:02, 23.93it/s, now=None]frame_index:  65%|██████▌   | 95/146 [00:02<00:02, 18.28it/s, now=None]frame_index:  68%|██████▊   | 100/146 [00:03<00:02, 16.59it/s, now=None]frame_index:  71%|███████   | 104/146 [00:03<00:02, 16.26it/s, now=None]frame_index:  73%|███████▎  | 107/146 [00:04<00:02, 13.14it/s, now=None]frame_index:  75%|███████▌  | 110/146 [00:04<00:02, 13.84it/s, now=None]frame_index:  77%|███████▋  | 113/146 [00:04<00:02, 12.32it/s, now=None]frame_index:  79%|███████▉  | 115/146 [00:04<00:02, 11.05it/s, now=None]frame_index:  80%|████████  | 117/146 [00:05<00:02, 11.92it/s, now=None]frame_index:  82%|████████▏ | 119/146 [00:05<00:02, 11.40it/s, now=None]frame_index:  83%|████████▎ | 121/146 [00:05<00:02, 10.92it/s, now=None]frame_index:  84%|████████▍ | 123/146 [00:05<00:02,  9.86it/s, now=None]frame_index:  87%|████████▋ | 127/146 [00:06<00:01, 10.31it/s, now=None]frame_index:  89%|████████▉ | 130/146 [00:06<00:01, 12.83it/s, now=None]frame_index:  90%|█████████ | 132/146 [00:06<00:01, 10.65it/s, now=None]frame_index:  92%|█████████▏| 135/146 [00:06<00:01,  8.54it/s, now=None]frame_index:  94%|█████████▍| 137/146 [00:07<00:00,  9.76it/s, now=None]frame_index:  95%|█████████▌| 139/146 [00:07<00:00,  9.91it/s, now=None]frame_index:  97%|█████████▋| 142/146 [00:07<00:00,  9.94it/s, now=None]frame_index:  99%|█████████▊| 144/146 [00:07<00:00, 10.07it/s, now=None]                                                                        MoviePy - Done !
MoviePy - video ready /datasets/nuscenes-full/hugsim/outputs/nusc_uniad/scene-0064_medium_01/video.mp4
this pkl file contains 1 experiment records.
current exp has 146 frames
frame 0 / 146
comfortable: [True, True, True, True, True, True]
frame 1 / 146
comfortable: [True, True, True, True, True, True]
frame 2 / 146
comfortable: [True, True, True, True, True, True]
frame 3 / 146
comfortable: [True, True, True, True, True, True]
frame 4 / 146
comfortable: [True, True, True, True, True, True]
frame 5 / 146
comfortable: [True, True, True, True, True, True]
frame 6 / 146
comfortable: [True, True, True, True, True, True]
frame 7 / 146
comfortable: [True, True, True, True, True, True]
frame 8 / 146
comfortable: [True, True, True, True, True, True]
frame 9 / 146
comfortable: [True, True, True, True, True, True]
frame 10 / 146
comfortable: [True, True, True, True, True, True]
frame 11 / 146
comfortable: [True, True, True, True, True, True]
frame 12 / 146
comfortable: [True, True, True, True, True, True]
frame 13 / 146
comfortable: [True, True, True, True, True, True]
frame 14 / 146
comfortable: [True, True, True, True, True, True]
frame 15 / 146
comfortable: [True, True, True, True, True, True]
frame 16 / 146
comfortable: [True, True, True, True, True, True]
frame 17 / 146
comfortable: [True, True, True, True, True, True]
frame 18 / 146
comfortable: [True, True, True, True, True, True]
frame 19 / 146
comfortable: [True, True, True, True, True, True]
frame 20 / 146
comfortable: [True, True, True, True, True, True]
frame 21 / 146
comfortable: [True, True, True, True, True, True]
frame 22 / 146
comfortable: [True, True, True, True, True, True]
frame 23 / 146
comfortable: [True, True, True, True, True, True]
frame 24 / 146
comfortable: [True, True, True, True, True, True]
frame 25 / 146
comfortable: [True, True, True, True, True, True]
frame 26 / 146
comfortable: [True, True, True, True, True, True]
frame 27 / 146
comfortable: [True, True, True, True, True, True]
frame 28 / 146
comfortable: [True, True, True, True, True, True]
frame 29 / 146
comfortable: [True, True, True, True, True, True]
frame 30 / 146
comfortable: [True, True, True, True, True, True]
frame 31 / 146
comfortable: [True, True, True, True, True, True]
frame 32 / 146
comfortable: [True, True, True, True, True, True]
frame 33 / 146
comfortable: [True, True, True, True, True, True]
frame 34 / 146
comfortable: [True, True, True, True, True, True]
frame 35 / 146
comfortable: [True, True, True, True, True, True]
frame 36 / 146
comfortable: [True, True, True, True, True, True]
frame 37 / 146
comfortable: [True, True, True, True, True, True]
frame 38 / 146
comfortable: [True, True, True, True, True, True]
frame 39 / 146
comfortable: [True, True, True, True, True, True]
frame 40 / 146
comfortable: [True, True, True, True, True, True]
frame 41 / 146
comfortable: [True, True, True, True, True, True]
frame 42 / 146
comfortable: [True, True, True, True, True, True]
frame 43 / 146
comfortable: [True, True, True, True, True, True]
frame 44 / 146
comfortable: [True, True, True, True, True, True]
frame 45 / 146
comfortable: [True, True, True, True, True, True]
frame 46 / 146
comfortable: [True, True, True, True, True, True]
frame 47 / 146
comfortable: [True, True, True, True, True, True]
frame 48 / 146
collision with background detected! @ timestep3
 failed to pass ttc collision check, t=1
comfortable: [True, True, True, True, True, True]
frame 49 / 146
collision with background detected! @ timestep3
 failed to pass ttc collision check, t=0.5
comfortable: [True, True, True, True, True, True]
frame 50 / 146
comfortable: [True, True, True, True, True, True]
frame 51 / 146
comfortable: [True, True, True, True, True, True]
frame 52 / 146
comfortable: [True, True, True, True, True, True]
frame 53 / 146
comfortable: [True, True, True, True, True, True]
frame 54 / 146
comfortable: [True, True, True, True, True, True]
frame 55 / 146
comfortable: [True, True, True, True, True, True]
frame 56 / 146
comfortable: [True, True, True, True, True, True]
frame 57 / 146
comfortable: [True, True, True, True, True, True]
frame 58 / 146
comfortable: [True, True, True, True, True, True]
frame 59 / 146
comfortable: [True, True, True, True, True, True]
frame 60 / 146
comfortable: [True, True, True, True, True, True]
frame 61 / 146
comfortable: [True, True, True, True, True, True]
frame 62 / 146
comfortable: [True, True, True, True, True, True]
frame 63 / 146
comfortable: [True, True, True, True, True, True]
frame 64 / 146
comfortable: [True, True, True, True, True, True]
frame 65 / 146
comfortable: [True, True, True, True, True, True]
frame 66 / 146
collision with background detected! @ timestep5
 failed to pass ttc collision check, t=0.5
comfortable: [True, True, True, True, True, True]
frame 67 / 146
comfortable: [True, True, True, True, True, True]
frame 68 / 146
comfortable: [True, True, True, True, True, True]
frame 69 / 146
comfortable: [True, True, True, True, True, True]
frame 70 / 146
comfortable: [True, True, True, True, True, True]
frame 71 / 146
collision with background detected! @ timestep5
 failed to pass ttc collision check, t=0.5
comfortable: [True, True, True, True, True, True]
frame 72 / 146
comfortable: [True, True, True, True, True, True]
frame 73 / 146
comfortable: [True, True, True, True, True, True]
frame 74 / 146
comfortable: [True, True, True, True, True, True]
frame 75 / 146
comfortable: [True, True, True, True, True, True]
frame 76 / 146
comfortable: [True, True, True, True, True, True]
frame 77 / 146
comfortable: [True, True, True, True, True, True]
frame 78 / 146
comfortable: [True, True, True, True, True, True]
frame 79 / 146
collision with background detected! @ timestep5
collision with background detected! @ timestep4
 failed to pass ttc collision check, t=0.5
comfortable: [True, True, True, True, True, True]
frame 80 / 146
collision with background detected! @ timestep5
collision with background detected! @ timestep3
 failed to pass ttc collision check, t=0.5
comfortable: [True, True, True, True, True, True]
frame 81 / 146
collision with background detected! @ timestep4
collision with background detected! @ timestep2
 failed to pass ttc collision check, t=0.5
comfortable: [True, True, True, True, True, True]
frame 82 / 146
collision with background detected! @ timestep4
collision with background detected! @ timestep2
 failed to pass ttc collision check, t=0.5
comfortable: [True, True, True, True, True, True]
frame 83 / 146
collision with background detected! @ timestep3
collision with background detected! @ timestep2
 failed to pass ttc collision check, t=0.5
comfortable: [True, True, True, True, True, True]
frame 84 / 146
collision with background detected! @ timestep3
collision with background detected! @ timestep2
 failed to pass ttc collision check, t=0.5
comfortable: [True, True, True, True, True, True]
frame 85 / 146
collision with background detected! @ timestep3
collision with background detected! @ timestep3
 failed to pass ttc collision check, t=0.5
comfortable: [True, True, True, True, True, True]
frame 86 / 146
comfortable: [True, True, True, True, True, True]
frame 87 / 146
comfortable: [True, True, True, True, True, True]
frame 88 / 146
comfortable: [True, True, True, True, True, True]
frame 89 / 146
comfortable: [True, True, True, True, True, True]
frame 90 / 146
comfortable: [True, True, True, True, True, True]
frame 91 / 146
comfortable: [True, True, True, True, True, True]
frame 92 / 146
comfortable: [True, True, True, True, True, True]
frame 93 / 146
comfortable: [True, True, True, True, True, True]
frame 94 / 146
comfortable: [True, True, True, True, True, True]
frame 95 / 146
comfortable: [True, True, True, True, True, True]
frame 96 / 146
comfortable: [True, True, True, True, True, True]
frame 97 / 146
comfortable: [True, True, True, True, True, True]
frame 98 / 146
comfortable: [True, True, True, True, True, True]
frame 99 / 146
comfortable: [True, True, True, True, True, True]
frame 100 / 146
comfortable: [True, True, True, True, True, True]
frame 101 / 146
comfortable: [True, True, True, True, True, True]
frame 102 / 146
comfortable: [True, True, True, True, True, True]
frame 103 / 146
comfortable: [True, True, True, True, True, True]
frame 104 / 146
comfortable: [True, True, True, True, True, True]
frame 105 / 146
comfortable: [True, True, True, True, True, True]
frame 106 / 146
collision with background detected! @ timestep5
 failed to pass ttc collision check, t=0.5
comfortable: [True, True, True, True, True, True]
frame 107 / 146
collision with background detected! @ timestep5
 failed to pass ttc collision check, t=0.5
comfortable: [True, True, True, True, True, True]
frame 108 / 146
collision with background detected! @ timestep3
 failed to pass ttc collision check, t=1
comfortable: [True, True, True, True, True, True]
frame 109 / 146
collision with background detected! @ timestep3
 failed to pass ttc collision check, t=1
comfortable: [True, True, True, True, True, True]
frame 110 / 146
collision with background detected! @ timestep3
 failed to pass ttc collision check, t=1
comfortable: [True, True, True, True, True, True]
frame 111 / 146
collision with background detected! @ timestep5
collision with background detected! @ timestep4
 failed to pass ttc collision check, t=0.5
comfortable: [True, True, True, True, True, True]
frame 112 / 146
collision with background detected! @ timestep4
collision with background detected! @ timestep3
 failed to pass ttc collision check, t=0.5
comfortable: [True, True, True, True, True, True]
frame 113 / 146
collision with background detected! @ timestep3
collision with background detected! @ timestep2
 failed to pass ttc collision check, t=0.5
comfortable: [True, True, True, True, True, True]
frame 114 / 146
collision with background detected! @ timestep3
collision with background detected! @ timestep2
 failed to pass ttc collision check, t=0.5
comfortable: [True, True, True, True, True, True]
frame 115 / 146
collision with background detected! @ timestep2
collision with background detected! @ timestep1
 failed to pass ttc collision check, t=0.5
comfortable: [True, True, True, True, True, True]
frame 116 / 146
collision with background detected! @ timestep2
collision with background detected! @ timestep1
 failed to pass ttc collision check, t=0.5
comfortable: [True, True, True, True, True, True]
frame 117 / 146
collision with background detected! @ timestep1
collision with background detected! @ timestep0
 failed to pass ttc collision check, t=0.5
comfortable: [True, True, True, True, True, True]
frame 118 / 146
comfortable: [True, True, True, True, True, True]
frame 119 / 146
comfortable: [True, True, True, True, True, True]
frame 120 / 146
collision with background detected! @ timestep0
collision with background detected! @ timestep0
 failed to pass ttc collision check, t=0.5
comfortable: [True, True, True, True, True, True]
frame 121 / 146
collision with background detected! @ timestep0
collision with background detected! @ timestep0
 failed to pass ttc collision check, t=0.5
comfortable: [True, True, True, True, True, True]
frame 122 / 146
collision with background detected! @ timestep0
collision with background detected! @ timestep0
 failed to pass ttc collision check, t=0.5
comfortable: [True, True, True, True, True, True]
frame 123 / 146
collision with background detected! @ timestep0
collision with background detected! @ timestep0
 failed to pass ttc collision check, t=0.5
comfortable: [True, True, True, True, True, True]
frame 124 / 146
collision with background detected! @ timestep0
collision with background detected! @ timestep0
 failed to pass ttc collision check, t=0.5
comfortable: [True, True, True, True, True, True]
frame 125 / 146
collision with background detected! @ timestep0
collision with background detected! @ timestep0
 failed to pass ttc collision check, t=0.5
comfortable: [True, True, True, True, True, True]
frame 126 / 146
collision with background detected! @ timestep0
comfortable: [True, True, True, True, True, True]
frame 127 / 146
collision with background detected! @ timestep0
comfortable: [True, True, True, True, True, True]
frame 128 / 146
comfortable: [True, True, True, True, True, True]
frame 129 / 146
comfortable: [True, True, True, True, True, True]
frame 130 / 146
comfortable: [True, True, True, True, True, True]
frame 131 / 146
comfortable: [True, True, True, True, True, True]
frame 132 / 146
comfortable: [True, True, True, True, True, True]
frame 133 / 146
comfortable: [True, True, True, True, True, True]
frame 134 / 146
collision with background detected! @ timestep5
 failed to pass ttc collision check, t=1
comfortable: [True, True, True, True, True, True]
frame 135 / 146
collision with background detected! @ timestep3
 failed to pass ttc collision check, t=1
comfortable: [True, True, True, True, True, True]
frame 136 / 146
collision with background detected! @ timestep5
collision with background detected! @ timestep4
 failed to pass ttc collision check, t=0.5
comfortable: [True, True, True, True, True, True]
frame 137 / 146
collision with background detected! @ timestep4
collision with background detected! @ timestep2
 failed to pass ttc collision check, t=0.5
comfortable: [True, True, True, True, True, True]
frame 138 / 146
collision with background detected! @ timestep3
collision with background detected! @ timestep2
 failed to pass ttc collision check, t=0.5
comfortable: [True, True, True, True, True, True]
frame 139 / 146
collision with background detected! @ timestep3
collision with background detected! @ timestep2
 failed to pass ttc collision check, t=0.5
comfortable: [True, True, True, True, True, True]
frame 140 / 146
collision with background detected! @ timestep2
collision with background detected! @ timestep1
 failed to pass ttc collision check, t=0.5
comfortable: [True, True, True, True, True, True]
frame 141 / 146
collision with background detected! @ timestep2
collision with background detected! @ timestep2
 failed to pass ttc collision check, t=0.5
comfortable: [True, True, True, True, True, True]
frame 142 / 146
collision with background detected! @ timestep1
collision with background detected! @ timestep0
 failed to pass ttc collision check, t=0.5
comfortable: [True, True, True, True, True, True]
frame 143 / 146
collision with background detected! @ timestep1
collision with background detected! @ timestep0
 failed to pass ttc collision check, t=0.5
comfortable: [True, True, True, True, True, True]
frame 144 / 146
collision with background detected! @ timestep1
collision with background detected! @ timestep0
 failed to pass ttc collision check, t=0.5
comfortable: [True, True, True, True, True, True]
frame 145 / 146
collision with background detected! @ timestep0
collision with background detected! @ timestep0
 failed to pass ttc collision check, t=0.5
comfortable: [True, True, True, True, True, True]
The score of experiment is (0.7270058708414876, 0.9010270774976658, 0.655051975127951, {'nc': 0.7808219178082192, 'dac': 1.0, 'ttc': 0.7191780821917808, 'c': 1.0, 'pdms': 0.7270058708414876}, {0.25: {'nc': 1.0, 'dac': 1.0, 'ttc': 1.0, 'c': 1.0, 'pdms': 1.0}, 0.5: {'nc': 1.0, 'dac': 1.0, 'ttc': 1.0, 'c': 1.0, 'pdms': 1.0}, 0.75: {'nc': 1.0, 'dac': 1.0, 'ttc': 1.0, 'c': 1.0, 'pdms': 1.0}, 1.0: {'nc': 1.0, 'dac': 1.0, 'ttc': 1.0, 'c': 1.0, 'pdms': 1.0}, 1.25: {'nc': 1.0, 'dac': 1.0, 'ttc': 1.0, 'c': 1.0, 'pdms': 1.0}, 1.5: {'nc': 1.0, 'dac': 1.0, 'ttc': 1.0, 'c': 1.0, 'pdms': 1.0}, 1.75: {'nc': 1.0, 'dac': 1.0, 'ttc': 1.0, 'c': 1.0, 'pdms': 1.0}, 2.0: {'nc': 1.0, 'dac': 1.0, 'ttc': 1.0, 'c': 1.0, 'pdms': 1.0}, 2.25: {'nc': 1.0, 'dac': 1.0, 'ttc': 1.0, 'c': 1.0, 'pdms': 1.0}, 2.5: {'nc': 1.0, 'dac': 1.0, 'ttc': 1.0, 'c': 1.0, 'pdms': 1.0}, 2.75: {'nc': 1.0, 'dac': 1.0, 'ttc': 1.0, 'c': 1.0, 'pdms': 1.0}, 3.0: {'nc': 1.0, 'dac': 1.0, 'ttc': 1.0, 'c': 1.0, 'pdms': 1.0}, 3.25: {'nc': 1.0, 'dac': 1.0, 'ttc': 1.0, 'c': 1.0, 'pdms': 1.0}, 3.5: {'nc': 1.0, 'dac': 1.0, 'ttc': 1.0, 'c': 1.0, 'pdms': 1.0}, 3.75: {'nc': 1.0, 'dac': 1.0, 'ttc': 1.0, 'c': 1.0, 'pdms': 1.0}, 4.0: {'nc': 1.0, 'dac': 1.0, 'ttc': 1.0, 'c': 1.0, 'pdms': 1.0}, 4.25: {'nc': 1.0, 'dac': 1.0, 'ttc': 1.0, 'c': 1.0, 'pdms': 1.0}, 4.5: {'nc': 1.0, 'dac': 1.0, 'ttc': 1.0, 'c': 1.0, 'pdms': 1.0}, 4.75: {'nc': 1.0, 'dac': 1.0, 'ttc': 1.0, 'c': 1.0, 'pdms': 1.0}, 5.0: {'nc': 1.0, 'dac': 1.0, 'ttc': 1.0, 'c': 1.0, 'pdms': 1.0}, 5.25: {'nc': 1.0, 'dac': 1.0, 'ttc': 1.0, 'c': 1.0, 'pdms': 1.0}, 5.5: {'nc': 1.0, 'dac': 1.0, 'ttc': 1.0, 'c': 1.0, 'pdms': 1.0}, 5.75: {'nc': 1.0, 'dac': 1.0, 'ttc': 1.0, 'c': 1.0, 'pdms': 1.0}, 6.0: {'nc': 1.0, 'dac': 1.0, 'ttc': 1.0, 'c': 1.0, 'pdms': 1.0}, 6.25: {'nc': 1.0, 'dac': 1.0, 'ttc': 1.0, 'c': 1.0, 'pdms': 1.0}, 6.5: {'nc': 1.0, 'dac': 1.0, 'ttc': 1.0, 'c': 1.0, 'pdms': 1.0}, 6.75: {'nc': 1.0, 'dac': 1.0, 'ttc': 1.0, 'c': 1.0, 'pdms': 1.0}, 7.0: {'nc': 1.0, 'dac': 1.0, 'ttc': 1.0, 'c': 1.0, 'pdms': 1.0}, 7.25: {'nc': 1.0, 'dac': 1.0, 'ttc': 1.0, 'c': 1.0, 'pdms': 1.0}, 7.5: {'nc': 1.0, 'dac': 1.0, 'ttc': 1.0, 'c': 1.0, 'pdms': 1.0}, 7.75: {'nc': 1.0, 'dac': 1.0, 'ttc': 1.0, 'c': 1.0, 'pdms': 1.0}, 8.0: {'nc': 1.0, 'dac': 1.0, 'ttc': 1.0, 'c': 1.0, 'pdms': 1.0}, 8.25: {'nc': 1.0, 'dac': 1.0, 'ttc': 1.0, 'c': 1.0, 'pdms': 1.0}, 8.5: {'nc': 1.0, 'dac': 1.0, 'ttc': 1.0, 'c': 1.0, 'pdms': 1.0}, 8.75: {'nc': 1.0, 'dac': 1.0, 'ttc': 1.0, 'c': 1.0, 'pdms': 1.0}, 9.0: {'nc': 1.0, 'dac': 1.0, 'ttc': 1.0, 'c': 1.0, 'pdms': 1.0}, 9.25: {'nc': 1.0, 'dac': 1.0, 'ttc': 1.0, 'c': 1.0, 'pdms': 1.0}, 9.5: {'nc': 1.0, 'dac': 1.0, 'ttc': 1.0, 'c': 1.0, 'pdms': 1.0}, 9.75: {'nc': 1.0, 'dac': 1.0, 'ttc': 1.0, 'c': 1.0, 'pdms': 1.0}, 10.0: {'nc': 1.0, 'dac': 1.0, 'ttc': 1.0, 'c': 1.0, 'pdms': 1.0}, 10.25: {'nc': 1.0, 'dac': 1.0, 'ttc': 1.0, 'c': 1.0, 'pdms': 1.0}, 10.5: {'nc': 1.0, 'dac': 1.0, 'ttc': 1.0, 'c': 1.0, 'pdms': 1.0}, 10.75: {'nc': 1.0, 'dac': 1.0, 'ttc': 1.0, 'c': 1.0, 'pdms': 1.0}, 11.0: {'nc': 1.0, 'dac': 1.0, 'ttc': 1.0, 'c': 1.0, 'pdms': 1.0}, 11.25: {'nc': 1.0, 'dac': 1.0, 'ttc': 1.0, 'c': 1.0, 'pdms': 1.0}, 11.5: {'nc': 1.0, 'dac': 1.0, 'ttc': 1.0, 'c': 1.0, 'pdms': 1.0}, 11.75: {'nc': 1.0, 'dac': 1.0, 'ttc': 1.0, 'c': 1.0, 'pdms': 1.0}, 12.0: {'nc': 1.0, 'dac': 1.0, 'ttc': 1.0, 'c': 1.0, 'pdms': 1.0}, 12.25: {'nc': 1.0, 'dac': 1.0, 'ttc': 0.0, 'c': 1.0, 'pdms': 0.2857142857142857}, 12.5: {'nc': 1.0, 'dac': 1.0, 'ttc': 0.0, 'c': 1.0, 'pdms': 0.2857142857142857}, 12.75: {'nc': 1.0, 'dac': 1.0, 'ttc': 1.0, 'c': 1.0, 'pdms': 1.0}, 13.0: {'nc': 1.0, 'dac': 1.0, 'ttc': 1.0, 'c': 1.0, 'pdms': 1.0}, 13.25: {'nc': 1.0, 'dac': 1.0, 'ttc': 1.0, 'c': 1.0, 'pdms': 1.0}, 13.5: {'nc': 1.0, 'dac': 1.0, 'ttc': 1.0, 'c': 1.0, 'pdms': 1.0}, 13.75: {'nc': 1.0, 'dac': 1.0, 'ttc': 1.0, 'c': 1.0, 'pdms': 1.0}, 14.0: {'nc': 1.0, 'dac': 1.0, 'ttc': 1.0, 'c': 1.0, 'pdms': 1.0}, 14.25: {'nc': 1.0, 'dac': 1.0, 'ttc': 1.0, 'c': 1.0, 'pdms': 1.0}, 14.5: {'nc': 1.0, 'dac': 1.0, 'ttc': 1.0, 'c': 1.0, 'pdms': 1.0}, 14.75: {'nc': 1.0, 'dac': 1.0, 'ttc': 1.0, 'c': 1.0, 'pdms': 1.0}, 15.0: {'nc': 1.0, 'dac': 1.0, 'ttc': 1.0, 'c': 1.0, 'pdms': 1.0}, 15.25: {'nc': 1.0, 'dac': 1.0, 'ttc': 1.0, 'c': 1.0, 'pdms': 1.0}, 15.5: {'nc': 1.0, 'dac': 1.0, 'ttc': 1.0, 'c': 1.0, 'pdms': 1.0}, 15.75: {'nc': 1.0, 'dac': 1.0, 'ttc': 1.0, 'c': 1.0, 'pdms': 1.0}, 16.0: {'nc': 1.0, 'dac': 1.0, 'ttc': 1.0, 'c': 1.0, 'pdms': 1.0}, 16.25: {'nc': 1.0, 'dac': 1.0, 'ttc': 1.0, 'c': 1.0, 'pdms': 1.0}, 16.5: {'nc': 1.0, 'dac': 1.0, 'ttc': 1.0, 'c': 1.0, 'pdms': 1.0}, 16.75: {'nc': 1.0, 'dac': 1.0, 'ttc': 0.0, 'c': 1.0, 'pdms': 0.2857142857142857}, 17.0: {'nc': 1.0, 'dac': 1.0, 'ttc': 1.0, 'c': 1.0, 'pdms': 1.0}, 17.25: {'nc': 1.0, 'dac': 1.0, 'ttc': 1.0, 'c': 1.0, 'pdms': 1.0}, 17.5: {'nc': 1.0, 'dac': 1.0, 'ttc': 1.0, 'c': 1.0, 'pdms': 1.0}, 17.75: {'nc': 1.0, 'dac': 1.0, 'ttc': 1.0, 'c': 1.0, 'pdms': 1.0}, 18.0: {'nc': 1.0, 'dac': 1.0, 'ttc': 0.0, 'c': 1.0, 'pdms': 0.2857142857142857}, 18.25: {'nc': 1.0, 'dac': 1.0, 'ttc': 1.0, 'c': 1.0, 'pdms': 1.0}, 18.5: {'nc': 1.0, 'dac': 1.0, 'ttc': 1.0, 'c': 1.0, 'pdms': 1.0}, 18.75: {'nc': 1.0, 'dac': 1.0, 'ttc': 1.0, 'c': 1.0, 'pdms': 1.0}, 19.0: {'nc': 1.0, 'dac': 1.0, 'ttc': 1.0, 'c': 1.0, 'pdms': 1.0}, 19.25: {'nc': 1.0, 'dac': 1.0, 'ttc': 1.0, 'c': 1.0, 'pdms': 1.0}, 19.5: {'nc': 1.0, 'dac': 1.0, 'ttc': 1.0, 'c': 1.0, 'pdms': 1.0}, 19.75: {'nc': 1.0, 'dac': 1.0, 'ttc': 1.0, 'c': 1.0, 'pdms': 1.0}, 20.0: {'nc': 0.0, 'dac': 1.0, 'ttc': 0.0, 'c': 1.0, 'pdms': 0.0}, 20.25: {'nc': 0.0, 'dac': 1.0, 'ttc': 0.0, 'c': 1.0, 'pdms': 0.0}, 20.5: {'nc': 0.0, 'dac': 1.0, 'ttc': 0.0, 'c': 1.0, 'pdms': 0.0}, 20.75: {'nc': 0.0, 'dac': 1.0, 'ttc': 0.0, 'c': 1.0, 'pdms': 0.0}, 21.0: {'nc': 0.0, 'dac': 1.0, 'ttc': 0.0, 'c': 1.0, 'pdms': 0.0}, 21.25: {'nc': 0.0, 'dac': 1.0, 'ttc': 0.0, 'c': 1.0, 'pdms': 0.0}, 21.5: {'nc': 0.0, 'dac': 1.0, 'ttc': 0.0, 'c': 1.0, 'pdms': 0.0}, 21.75: {'nc': 1.0, 'dac': 1.0, 'ttc': 1.0, 'c': 1.0, 'pdms': 1.0}, 22.0: {'nc': 1.0, 'dac': 1.0, 'ttc': 1.0, 'c': 1.0, 'pdms': 1.0}, 22.25: {'nc': 1.0, 'dac': 1.0, 'ttc': 1.0, 'c': 1.0, 'pdms': 1.0}, 22.5: {'nc': 1.0, 'dac': 1.0, 'ttc': 1.0, 'c': 1.0, 'pdms': 1.0}, 22.75: {'nc': 1.0, 'dac': 1.0, 'ttc': 1.0, 'c': 1.0, 'pdms': 1.0}, 23.0: {'nc': 1.0, 'dac': 1.0, 'ttc': 1.0, 'c': 1.0, 'pdms': 1.0}, 23.25: {'nc': 1.0, 'dac': 1.0, 'ttc': 1.0, 'c': 1.0, 'pdms': 1.0}, 23.5: {'nc': 1.0, 'dac': 1.0, 'ttc': 1.0, 'c': 1.0, 'pdms': 1.0}, 23.75: {'nc': 1.0, 'dac': 1.0, 'ttc': 1.0, 'c': 1.0, 'pdms': 1.0}, 24.0: {'nc': 1.0, 'dac': 1.0, 'ttc': 1.0, 'c': 1.0, 'pdms': 1.0}, 24.25: {'nc': 1.0, 'dac': 1.0, 'ttc': 1.0, 'c': 1.0, 'pdms': 1.0}, 24.5: {'nc': 1.0, 'dac': 1.0, 'ttc': 1.0, 'c': 1.0, 'pdms': 1.0}, 24.75: {'nc': 1.0, 'dac': 1.0, 'ttc': 1.0, 'c': 1.0, 'pdms': 1.0}, 25.0: {'nc': 1.0, 'dac': 1.0, 'ttc': 1.0, 'c': 1.0, 'pdms': 1.0}, 25.25: {'nc': 1.0, 'dac': 1.0, 'ttc': 1.0, 'c': 1.0, 'pdms': 1.0}, 25.5: {'nc': 1.0, 'dac': 1.0, 'ttc': 1.0, 'c': 1.0, 'pdms': 1.0}, 25.75: {'nc': 1.0, 'dac': 1.0, 'ttc': 1.0, 'c': 1.0, 'pdms': 1.0}, 26.0: {'nc': 1.0, 'dac': 1.0, 'ttc': 1.0, 'c': 1.0, 'pdms': 1.0}, 26.25: {'nc': 1.0, 'dac': 1.0, 'ttc': 1.0, 'c': 1.0, 'pdms': 1.0}, 26.5: {'nc': 1.0, 'dac': 1.0, 'ttc': 1.0, 'c': 1.0, 'pdms': 1.0}, 26.75: {'nc': 1.0, 'dac': 1.0, 'ttc': 0.0, 'c': 1.0, 'pdms': 0.2857142857142857}, 27.0: {'nc': 1.0, 'dac': 1.0, 'ttc': 0.0, 'c': 1.0, 'pdms': 0.2857142857142857}, 27.25: {'nc': 1.0, 'dac': 1.0, 'ttc': 0.0, 'c': 1.0, 'pdms': 0.2857142857142857}, 27.5: {'nc': 1.0, 'dac': 1.0, 'ttc': 0.0, 'c': 1.0, 'pdms': 0.2857142857142857}, 27.75: {'nc': 1.0, 'dac': 1.0, 'ttc': 0.0, 'c': 1.0, 'pdms': 0.2857142857142857}, 28.0: {'nc': 0.0, 'dac': 1.0, 'ttc': 0.0, 'c': 1.0, 'pdms': 0.0}, 28.25: {'nc': 0.0, 'dac': 1.0, 'ttc': 0.0, 'c': 1.0, 'pdms': 0.0}, 28.5: {'nc': 0.0, 'dac': 1.0, 'ttc': 0.0, 'c': 1.0, 'pdms': 0.0}, 28.75: {'nc': 0.0, 'dac': 1.0, 'ttc': 0.0, 'c': 1.0, 'pdms': 0.0}, 29.0: {'nc': 0.0, 'dac': 1.0, 'ttc': 0.0, 'c': 1.0, 'pdms': 0.0}, 29.25: {'nc': 0.0, 'dac': 1.0, 'ttc': 0.0, 'c': 1.0, 'pdms': 0.0}, 29.5: {'nc': 0.0, 'dac': 1.0, 'ttc': 0.0, 'c': 1.0, 'pdms': 0.0}, 29.75: {'nc': 1.0, 'dac': 1.0, 'ttc': 1.0, 'c': 1.0, 'pdms': 1.0}, 30.0: {'nc': 1.0, 'dac': 1.0, 'ttc': 1.0, 'c': 1.0, 'pdms': 1.0}, 30.25: {'nc': 0.0, 'dac': 1.0, 'ttc': 0.0, 'c': 1.0, 'pdms': 0.0}, 30.5: {'nc': 0.0, 'dac': 1.0, 'ttc': 0.0, 'c': 1.0, 'pdms': 0.0}, 30.75: {'nc': 0.0, 'dac': 1.0, 'ttc': 0.0, 'c': 1.0, 'pdms': 0.0}, 31.0: {'nc': 0.0, 'dac': 1.0, 'ttc': 0.0, 'c': 1.0, 'pdms': 0.0}, 31.25: {'nc': 0.0, 'dac': 1.0, 'ttc': 0.0, 'c': 1.0, 'pdms': 0.0}, 31.5: {'nc': 0.0, 'dac': 1.0, 'ttc': 0.0, 'c': 1.0, 'pdms': 0.0}, 31.75: {'nc': 0.0, 'dac': 1.0, 'ttc': 1.0, 'c': 1.0, 'pdms': 0.0}, 32.0: {'nc': 0.0, 'dac': 1.0, 'ttc': 1.0, 'c': 1.0, 'pdms': 0.0}, 32.25: {'nc': 1.0, 'dac': 1.0, 'ttc': 1.0, 'c': 1.0, 'pdms': 1.0}, 32.5: {'nc': 1.0, 'dac': 1.0, 'ttc': 1.0, 'c': 1.0, 'pdms': 1.0}, 32.75: {'nc': 1.0, 'dac': 1.0, 'ttc': 1.0, 'c': 1.0, 'pdms': 1.0}, 33.0: {'nc': 1.0, 'dac': 1.0, 'ttc': 1.0, 'c': 1.0, 'pdms': 1.0}, 33.25: {'nc': 1.0, 'dac': 1.0, 'ttc': 1.0, 'c': 1.0, 'pdms': 1.0}, 33.5: {'nc': 1.0, 'dac': 1.0, 'ttc': 1.0, 'c': 1.0, 'pdms': 1.0}, 33.75: {'nc': 1.0, 'dac': 1.0, 'ttc': 0.0, 'c': 1.0, 'pdms': 0.2857142857142857}, 34.0: {'nc': 1.0, 'dac': 1.0, 'ttc': 0.0, 'c': 1.0, 'pdms': 0.2857142857142857}, 34.25: {'nc': 0.0, 'dac': 1.0, 'ttc': 0.0, 'c': 1.0, 'pdms': 0.0}, 34.5: {'nc': 0.0, 'dac': 1.0, 'ttc': 0.0, 'c': 1.0, 'pdms': 0.0}, 34.75: {'nc': 0.0, 'dac': 1.0, 'ttc': 0.0, 'c': 1.0, 'pdms': 0.0}, 35.0: {'nc': 0.0, 'dac': 1.0, 'ttc': 0.0, 'c': 1.0, 'pdms': 0.0}, 35.25: {'nc': 0.0, 'dac': 1.0, 'ttc': 0.0, 'c': 1.0, 'pdms': 0.0}, 35.5: {'nc': 0.0, 'dac': 1.0, 'ttc': 0.0, 'c': 1.0, 'pdms': 0.0}, 35.75: {'nc': 0.0, 'dac': 1.0, 'ttc': 0.0, 'c': 1.0, 'pdms': 0.0}, 36.0: {'nc': 0.0, 'dac': 1.0, 'ttc': 0.0, 'c': 1.0, 'pdms': 0.0}, 36.25: {'nc': 0.0, 'dac': 1.0, 'ttc': 0.0, 'c': 1.0, 'pdms': 0.0}, 36.5: {'nc': 0.0, 'dac': 1.0, 'ttc': 0.0, 'c': 1.0, 'pdms': 0.0}}).
=============================Results=============================
'nc': 0.7808219178082192
'dac': 1.0
'ttc': 0.7191780821917808
'c': 1.0
'pdms': 0.7270058708414876
'rc': 0.9010270774976658
'hdscore': 0.655051975127951
The AD algorithm is still running, remaining tolerant 100.
The AD algorithm is still running, remaining tolerant 95.
The AD algorithm is still running, remaining tolerant 90.
The AD algorithm is still running, remaining tolerant 85.
The AD algorithm is still running, remaining tolerant 80.
The AD algorithm is still running, remaining tolerant 75.
The AD algorithm is still running, remaining tolerant 70.
The AD algorithm is still running, remaining tolerant 65.
The AD algorithm is still running, remaining tolerant 60.
The AD algorithm is still running, remaining tolerant 55.
The AD algorithm completed with return code 0.
+ rc=0
+ echo 'I107_SLOT_RC=0 i106_s13_iter48_easy_medium_long_lead_fire_cpa_only_scene_0064_medium_01_r1 scene-0064-medium-01 on a1'
I107_SLOT_RC=0 i106_s13_iter48_easy_medium_long_lead_fire_cpa_only_scene_0064_medium_01_r1 scene-0064-medium-01 on a1
+ docker rm -f hugsim_uniad_client
++ python3 -c '
import json, math
try:
    v = json.load(open('\''/datasets/nuscenes-full/hugsim/outputs/nusc_uniad/scene-0064_medium_01/eval.json'\'')).get('\''hdscore'\'')
    print(v if isinstance(v, (int, float)) and math.isfinite(v) else '\''INVALID'\'')
except Exception:
    print('\''MISSING'\'')
'
+ hd=0.655051975127951
++ python3 -c '
import json
try:
    data = json.load(open('\''/datasets/nuscenes-full/hugsim/outputs/nusc_uniad/scene-0064_medium_01/eval.json'\''))
    print(1 if '\''collision_provenance'\'' in data else 0)
except Exception:
    print(0)
'
+ provenance=1
++ grep -c sent /datasets/nuscenes-full/hugsim/outputs/nusc_uniad/scene-0064_medium_01/output.txt
+ steps=146
+ '[' -n 146 ']'
++ grep -c 'SENTINEL_I48_UNION_PATCH_LOADED enabled=1' /datasets/nuscenes-full/hugsim/outputs/nusc_uniad/scene-0064_medium_01/output.txt
+ marker=1
+ '[' -n 1 ']'
+ decisions=0
+ '[' -s /datasets/nuscenes-full/hugsim/outputs/nusc_uniad/scene-0064_medium_01/sentinel_iter48_decisions.jsonl ']'
++ grep -c 'SENTINEL_I48_DECISION frame=' /datasets/nuscenes-full/hugsim/outputs/nusc_uniad/scene-0064_medium_01/output.txt
+ '[' 146 -gt 0 ']'
+ decisions=1
+ '[' 0 = 0 ']'
+ '[' 0.655051975127951 '!=' MISSING ']'
+ '[' 0.655051975127951 '!=' INVALID ']'
+ '[' 1 = 1 ']'
+ '[' 146 -gt 0 ']'
+ '[' 1 -gt 0 ']'
+ '[' 1 = 1 ']'
+ rm -rf /datasets/nuscenes-full/hugsim/iter107_runs/i106_s13_iter48_easy_medium_long_lead_fire_cpa_only_scene_0064_medium_01_r1__scene-0064-medium-01__on
+ mkdir -p /datasets/nuscenes-full/hugsim/iter107_runs/i106_s13_iter48_easy_medium_long_lead_fire_cpa_only_scene_0064_medium_01_r1__scene-0064-medium-01__on
+ find /datasets/nuscenes-full/hugsim/outputs/nusc_uniad/scene-0064_medium_01 -type p -delete
+ mv /datasets/nuscenes-full/hugsim/outputs/nusc_uniad/scene-0064_medium_01/data.pkl /datasets/nuscenes-full/hugsim/outputs/nusc_uniad/scene-0064_medium_01/eval.json /datasets/nuscenes-full/hugsim/outputs/nusc_uniad/scene-0064_medium_01/ground.ply /datasets/nuscenes-full/hugsim/outputs/nusc_uniad/scene-0064_medium_01/infos.pkl /datasets/nuscenes-full/hugsim/outputs/nusc_uniad/scene-0064_medium_01/output.txt /datasets/nuscenes-full/hugsim/outputs/nusc_uniad/scene-0064_medium_01/scene.ply /datasets/nuscenes-full/hugsim/outputs/nusc_uniad/scene-0064_medium_01/sentinel_iter48_decisions.jsonl /datasets/nuscenes-full/hugsim/outputs/nusc_uniad/scene-0064_medium_01/uniad /datasets/nuscenes-full/hugsim/outputs/nusc_uniad/scene-0064_medium_01/video.mp4 /datasets/nuscenes-full/hugsim/iter107_runs/i106_s13_iter48_easy_medium_long_lead_fire_cpa_only_scene_0064_medium_01_r1__scene-0064-medium-01__on/
+ rmdir /datasets/nuscenes-full/hugsim/outputs/nusc_uniad/scene-0064_medium_01
++ date -u +%s
+ printf '{"slot_id":"%s","scenario":"%s","arm":"on","attempt":%s,"rc":%s,"hdscore":%s,"steps":%s,"start_epoch":%s,"end_epoch":%s}\n' i106_s13_iter48_easy_medium_long_lead_fire_cpa_only_scene_0064_medium_01_r1 scene-0064-medium-01 1 0 0.655051975127951 146 1784014589 1784015110
+ echo 'I107_SLOT_DONE i106_s13_iter48_easy_medium_long_lead_fire_cpa_only_scene_0064_medium_01_r1 scene-0064-medium-01 on ok hd=0.655051975127951 steps=146'
I107_SLOT_DONE i106_s13_iter48_easy_medium_long_lead_fire_cpa_only_scene_0064_medium_01_r1 scene-0064-medium-01 on ok hd=0.655051975127951 steps=146
+ return 0
+ IFS='	'
+ read -r slot_id scenario _scenario_sha
+ cd /datasets/nuscenes-full/hugsim/iter107_runs
+ find . -path ./prior_launches -prune -o -type f '(' -name data.pkl -o -name infos.pkl -o -name video.mp4 -o -name '*.ply' ')' -print
+ sort
+ xargs -r sha256sum
+ df -B1 /datasets/nuscenes-full
+ tail -1
++ date -u
+ echo 'I107_TIMING_AWARE_BATCH_DONE Tue Jul 14 07:45:18 UTC 2026'
I107_TIMING_AWARE_BATCH_DONE Tue Jul 14 07:45:18 UTC 2026
