++ date -u
+ echo 'I103_START Tue Jul 14 04:46:11 UTC 2026'
I103_START Tue Jul 14 04:46:11 UTC 2026
+ HUGSIM=/opt/sentinel-stack/HUGSIM
+ UNIAD_SIM=/opt/sentinel-stack/UniAD_SIM
+ SCEN_DIR=/datasets/nuscenes-full/hugsim/extracted/scenarios/nuscenes
+ ZIP_DIR=/datasets/nuscenes-full/hugsim/scenes/nuscenes
+ SCENES_DIR=/datasets/nuscenes-full/hugsim/extracted/scenes/nuscenes
+ OUT_BASE=/datasets/nuscenes-full/hugsim/outputs/nusc_uniad
+ RUNS=/datasets/nuscenes-full/hugsim/iter103_runs
+ RUNS46=/datasets/nuscenes-full/hugsim/iter46_runs
+ MAPS_EXPANSION=/datasets/nuscenes-full/maps/expansion
+ REALCAR=/datasets/nuscenes-full/hugsim/3DRealCar
+ HUGSIM_PATCH=/tmp/iter103_hugsim_provenance.patch
+ MONITOR_PATCH=/tmp/iter103_client_patch.py
+ MANIFEST=/tmp/iter103_provenance_batch_launch_manifest.json
+ SHIM=/opt/sentinel-stack/hugsim-shim/sitecustomize.py
+ CKPT=/opt/sentinel-stack/UniAD/ckpts/uniad_base_e2e.pth
+ FROZEN_MANIFEST_SHA=ddbc9960fe0b50b95842bd2c8b2e26b5e7ed00abba65f8f97b5ed6515c428870
+ FROZEN_HUGSIM_SHA=62c690d39fd90020e68a196bd8bcc1c4d4191f2e
+ FROZEN_UNIADSIM_SHA=5fb279e39912a5ac7f58e00d56b065cadcd0a749
+ FROZEN_CKPT_SHA=0ad0c2f5dc9788a41c313305779ea49346aeb742d1f6bb5ad25c46f9beffc990
+ FROZEN_SHIM_SHA=5bf69a1187478c52d49792d5871bd5732c6dd431ecd1f44b5e391f7adb80682c
+ FROZEN_IMAGE_ID=f73ef3884063
+ FROZEN_MONITOR_PATCH_SHA=6b39fd79d00c7bdb937c6d240fbc4648661b235f1a3024912d62874937146c5c
+ FROZEN_HUGSIM_PATCH_SHA=49eee7611e4b881d2bb6233e8767913019c6a097c6883762414005d5b2284ecd
+ EPISODE_TIMEOUT=1200
+ DISK_MIN_GIB=20
+ export PIXI_HOME=/datasets/nuscenes-full/hugsim-envs/pixi-home
+ PIXI_HOME=/datasets/nuscenes-full/hugsim-envs/pixi-home
+ export PIXI_CACHE_DIR=/datasets/nuscenes-full/hugsim-envs/pixi-cache
+ PIXI_CACHE_DIR=/datasets/nuscenes-full/hugsim-envs/pixi-cache
+ export PATH=/datasets/nuscenes-full/hugsim-envs/pixi-home/bin:/usr/local/sbin:/usr/local/bin:/usr/sbin:/usr/bin:/sbin:/bin:/snap/bin
+ PATH=/datasets/nuscenes-full/hugsim-envs/pixi-home/bin:/usr/local/sbin:/usr/local/bin:/usr/sbin:/usr/bin:/sbin:/bin:/snap/bin
+ mkdir -p /datasets/nuscenes-full/hugsim/iter103_runs
++ git -C /opt/sentinel-stack/HUGSIM rev-parse HEAD
+ '[' 62c690d39fd90020e68a196bd8bcc1c4d4191f2e = 62c690d39fd90020e68a196bd8bcc1c4d4191f2e ']'
++ git -C /opt/sentinel-stack/UniAD_SIM rev-parse HEAD
+ '[' 5fb279e39912a5ac7f58e00d56b065cadcd0a749 = 5fb279e39912a5ac7f58e00d56b065cadcd0a749 ']'
++ sha256sum /opt/sentinel-stack/UniAD/ckpts/uniad_base_e2e.pth
++ cut '-d ' -f1
+ '[' 0ad0c2f5dc9788a41c313305779ea49346aeb742d1f6bb5ad25c46f9beffc990 = 0ad0c2f5dc9788a41c313305779ea49346aeb742d1f6bb5ad25c46f9beffc990 ']'
++ sha256sum /opt/sentinel-stack/hugsim-shim/sitecustomize.py
++ cut '-d ' -f1
+ '[' 5bf69a1187478c52d49792d5871bd5732c6dd431ecd1f44b5e391f7adb80682c = 5bf69a1187478c52d49792d5871bd5732c6dd431ecd1f44b5e391f7adb80682c ']'
++ sha256sum /tmp/iter103_client_patch.py
++ cut '-d ' -f1
+ '[' 6b39fd79d00c7bdb937c6d240fbc4648661b235f1a3024912d62874937146c5c = 6b39fd79d00c7bdb937c6d240fbc4648661b235f1a3024912d62874937146c5c ']'
+ docker images --format '{{.ID}}' uniad:latest
+ grep -q f73ef3884063
+ write_manifest_files
++ sha256sum /tmp/iter103_provenance_batch_launch_manifest.json
++ cut '-d ' -f1
+ '[' ddbc9960fe0b50b95842bd2c8b2e26b5e7ed00abba65f8f97b5ed6515c428870 = ddbc9960fe0b50b95842bd2c8b2e26b5e7ed00abba65f8f97b5ed6515c428870 ']'
+ echo 'ddbc9960fe0b50b95842bd2c8b2e26b5e7ed00abba65f8f97b5ed6515c428870  iter103_provenance_batch_launch_manifest.json'
+ python3 - /tmp/iter103_provenance_batch_launch_manifest.json /datasets/nuscenes-full/hugsim/iter103_runs/frozen_scenarios_iter103.sha256 /datasets/nuscenes-full/hugsim/iter103_runs/slot_schedule_iter103.tsv
+ cd /datasets/nuscenes-full/hugsim/extracted/scenarios/nuscenes
+ sha256sum -c /datasets/nuscenes-full/hugsim/iter103_runs/frozen_scenarios_iter103.sha256
scene-0013-easy-00.yaml: OK
scene-0013-easy-00.yaml: OK
scene-0038-medium-01.yaml: OK
scene-0062-medium-00.yaml: OK
scene-0051-easy-00.yaml: OK
scene-0051-easy-00.yaml: OK
scene-0041-extreme-00.yaml: OK
scene-0062-hard-00.yaml: OK
scene-0013-extreme-00.yaml: OK
scene-0013-extreme-00.yaml: OK
scene-0038-hard-00.yaml: OK
scene-0038-hard-00.yaml: OK
scene-0138-extreme-00.yaml: OK
+ for loc in singapore-onenorth singapore-hollandvillage singapore-queenstown boston-seaport
+ '[' -s /datasets/nuscenes-full/maps/expansion/singapore-onenorth.json ']'
+ for loc in singapore-onenorth singapore-hollandvillage singapore-queenstown boston-seaport
+ '[' -s /datasets/nuscenes-full/maps/expansion/singapore-hollandvillage.json ']'
+ for loc in singapore-onenorth singapore-hollandvillage singapore-queenstown boston-seaport
+ '[' -s /datasets/nuscenes-full/maps/expansion/singapore-queenstown.json ']'
+ for loc in singapore-onenorth singapore-hollandvillage singapore-queenstown boston-seaport
+ '[' -s /datasets/nuscenes-full/maps/expansion/boston-seaport.json ']'
++ cat /datasets/nuscenes-full/hugsim/iter46_runs/d0_verdict.txt
+ '[' stochastic = stochastic ']'
++ docker ps -q
++ wc -l
+ '[' 0 '!=' 0 ']'
+ apply_hugsim_patch
++ sha256sum /tmp/iter103_hugsim_provenance.patch
++ cut '-d ' -f1
+ '[' 49eee7611e4b881d2bb6233e8767913019c6a097c6883762414005d5b2284ecd = 49eee7611e4b881d2bb6233e8767913019c6a097c6883762414005d5b2284ecd ']'
+ git -C /opt/sentinel-stack/HUGSIM apply --check /tmp/iter103_hugsim_provenance.patch
error: patch failed: sim/utils/score_calculator.py:121
error: sim/utils/score_calculator.py: patch does not apply
+ git -C /opt/sentinel-stack/HUGSIM apply --reverse --check /tmp/iter103_hugsim_provenance.patch
+ echo I103_HUGSIM_PATCH_ALREADY_APPLIED
I103_HUGSIM_PATCH_ALREADY_APPLIED
+ python3 -m py_compile /opt/sentinel-stack/HUGSIM/sim/utils/score_calculator.py
++ python3 /tmp/iter103_client_patch.py
+ PATCH_OUT='ITER48_UNION_PATCHED
ITER48_E2E_PY_SHA256=23cce8a2a559b60dc3de394ba890a28adc13b5b24d222936478dad6f83f9aea3
ITER48_E2E_SH_SHA256=8b404adcbc7fea328a5fbbd10c5256656444739b3af79ca26676a45464471aa7'
+ echo 'ITER48_UNION_PATCHED
ITER48_E2E_PY_SHA256=23cce8a2a559b60dc3de394ba890a28adc13b5b24d222936478dad6f83f9aea3
ITER48_E2E_SH_SHA256=8b404adcbc7fea328a5fbbd10c5256656444739b3af79ca26676a45464471aa7'
ITER48_UNION_PATCHED
ITER48_E2E_PY_SHA256=23cce8a2a559b60dc3de394ba890a28adc13b5b24d222936478dad6f83f9aea3
ITER48_E2E_SH_SHA256=8b404adcbc7fea328a5fbbd10c5256656444739b3af79ca26676a45464471aa7
+ echo 'ITER48_UNION_PATCHED
ITER48_E2E_PY_SHA256=23cce8a2a559b60dc3de394ba890a28adc13b5b24d222936478dad6f83f9aea3
ITER48_E2E_SH_SHA256=8b404adcbc7fea328a5fbbd10c5256656444739b3af79ca26676a45464471aa7'
+ grep -q ITER48_UNION_PATCHED
++ echo 'ITER48_UNION_PATCHED
ITER48_E2E_PY_SHA256=23cce8a2a559b60dc3de394ba890a28adc13b5b24d222936478dad6f83f9aea3
ITER48_E2E_SH_SHA256=8b404adcbc7fea328a5fbbd10c5256656444739b3af79ca26676a45464471aa7'
++ grep ITER48_E2E_PY_SHA256=
++ cut -d= -f2
+ E2E_PY_SHA=23cce8a2a559b60dc3de394ba890a28adc13b5b24d222936478dad6f83f9aea3
++ echo 'ITER48_UNION_PATCHED
ITER48_E2E_PY_SHA256=23cce8a2a559b60dc3de394ba890a28adc13b5b24d222936478dad6f83f9aea3
ITER48_E2E_SH_SHA256=8b404adcbc7fea328a5fbbd10c5256656444739b3af79ca26676a45464471aa7'
++ grep ITER48_E2E_SH_SHA256=
++ cut -d= -f2
+ E2E_SH_SHA=8b404adcbc7fea328a5fbbd10c5256656444739b3af79ca26676a45464471aa7
+ LINKED=0
+ for car in "$REALCAR"/*/
+ '[' -f /datasets/nuscenes-full/hugsim/3DRealCar/2024_04_22_10_35_34//gs.pth ']'
+ '[' '!' -e /datasets/nuscenes-full/hugsim/3DRealCar/2024_04_22_10_35_34//postprocess/shadow.pth ']'
+ for car in "$REALCAR"/*/
+ '[' -f /datasets/nuscenes-full/hugsim/3DRealCar/2024_06_04_13_44_39//gs.pth ']'
+ '[' '!' -e /datasets/nuscenes-full/hugsim/3DRealCar/2024_06_04_13_44_39//postprocess/shadow.pth ']'
+ for car in "$REALCAR"/*/
+ '[' -f /datasets/nuscenes-full/hugsim/3DRealCar/2024_06_04_15_34_51//gs.pth ']'
+ '[' '!' -e /datasets/nuscenes-full/hugsim/3DRealCar/2024_06_04_15_34_51//postprocess/shadow.pth ']'
+ for car in "$REALCAR"/*/
+ '[' -f /datasets/nuscenes-full/hugsim/3DRealCar/2024_06_04_15_45_41//gs.pth ']'
+ '[' '!' -e /datasets/nuscenes-full/hugsim/3DRealCar/2024_06_04_15_45_41//postprocess/shadow.pth ']'
+ for car in "$REALCAR"/*/
+ '[' -f /datasets/nuscenes-full/hugsim/3DRealCar/2024_06_04_16_00_28//gs.pth ']'
+ '[' '!' -e /datasets/nuscenes-full/hugsim/3DRealCar/2024_06_04_16_00_28//postprocess/shadow.pth ']'
+ for car in "$REALCAR"/*/
+ '[' -f /datasets/nuscenes-full/hugsim/3DRealCar/2024_07_01_14_01_13//gs.pth ']'
+ '[' '!' -e /datasets/nuscenes-full/hugsim/3DRealCar/2024_07_01_14_01_13//postprocess/shadow.pth ']'
+ for car in "$REALCAR"/*/
+ '[' -f /datasets/nuscenes-full/hugsim/3DRealCar/2024_07_01_14_05_04//gs.pth ']'
+ '[' '!' -e /datasets/nuscenes-full/hugsim/3DRealCar/2024_07_01_14_05_04//postprocess/shadow.pth ']'
+ for car in "$REALCAR"/*/
+ '[' -f /datasets/nuscenes-full/hugsim/3DRealCar/2024_07_01_14_11_39//gs.pth ']'
+ '[' '!' -e /datasets/nuscenes-full/hugsim/3DRealCar/2024_07_01_14_11_39//postprocess/shadow.pth ']'
+ for car in "$REALCAR"/*/
+ '[' -f /datasets/nuscenes-full/hugsim/3DRealCar/2024_07_01_15_27_18//gs.pth ']'
+ '[' '!' -e /datasets/nuscenes-full/hugsim/3DRealCar/2024_07_01_15_27_18//postprocess/shadow.pth ']'
+ for car in "$REALCAR"/*/
+ '[' -f /datasets/nuscenes-full/hugsim/3DRealCar/2024_07_01_15_30_39//gs.pth ']'
+ '[' '!' -e /datasets/nuscenes-full/hugsim/3DRealCar/2024_07_01_15_30_39//postprocess/shadow.pth ']'
+ for car in "$REALCAR"/*/
+ '[' -f /datasets/nuscenes-full/hugsim/3DRealCar/2024_07_01_15_33_04//gs.pth ']'
+ '[' '!' -e /datasets/nuscenes-full/hugsim/3DRealCar/2024_07_01_15_33_04//postprocess/shadow.pth ']'
+ for car in "$REALCAR"/*/
+ '[' -f /datasets/nuscenes-full/hugsim/3DRealCar/2024_07_01_15_35_44//gs.pth ']'
+ '[' '!' -e /datasets/nuscenes-full/hugsim/3DRealCar/2024_07_01_15_35_44//postprocess/shadow.pth ']'
+ for car in "$REALCAR"/*/
+ '[' -f /datasets/nuscenes-full/hugsim/3DRealCar/2024_07_01_15_39_05//gs.pth ']'
+ '[' '!' -e /datasets/nuscenes-full/hugsim/3DRealCar/2024_07_01_15_39_05//postprocess/shadow.pth ']'
+ for car in "$REALCAR"/*/
+ '[' -f /datasets/nuscenes-full/hugsim/3DRealCar/2024_07_01_15_42_20//gs.pth ']'
+ '[' '!' -e /datasets/nuscenes-full/hugsim/3DRealCar/2024_07_01_15_42_20//postprocess/shadow.pth ']'
+ for car in "$REALCAR"/*/
+ '[' -f /datasets/nuscenes-full/hugsim/3DRealCar/2024_07_01_15_57_03//gs.pth ']'
+ '[' '!' -e /datasets/nuscenes-full/hugsim/3DRealCar/2024_07_01_15_57_03//postprocess/shadow.pth ']'
+ for car in "$REALCAR"/*/
+ '[' -f /datasets/nuscenes-full/hugsim/3DRealCar/2024_07_01_15_59_33//gs.pth ']'
+ '[' '!' -e /datasets/nuscenes-full/hugsim/3DRealCar/2024_07_01_15_59_33//postprocess/shadow.pth ']'
+ for car in "$REALCAR"/*/
+ '[' -f /datasets/nuscenes-full/hugsim/3DRealCar/2024_07_01_16_07_37//gs.pth ']'
+ '[' '!' -e /datasets/nuscenes-full/hugsim/3DRealCar/2024_07_01_16_07_37//postprocess/shadow.pth ']'
+ for car in "$REALCAR"/*/
+ '[' -f /datasets/nuscenes-full/hugsim/3DRealCar/2024_07_01_16_10_59//gs.pth ']'
+ '[' '!' -e /datasets/nuscenes-full/hugsim/3DRealCar/2024_07_01_16_10_59//postprocess/shadow.pth ']'
+ for car in "$REALCAR"/*/
+ '[' -f /datasets/nuscenes-full/hugsim/3DRealCar/2024_07_01_16_20_24//gs.pth ']'
+ '[' '!' -e /datasets/nuscenes-full/hugsim/3DRealCar/2024_07_01_16_20_24//postprocess/shadow.pth ']'
+ for car in "$REALCAR"/*/
+ '[' -f /datasets/nuscenes-full/hugsim/3DRealCar/2024_07_01_17_18_50//gs.pth ']'
+ '[' '!' -e /datasets/nuscenes-full/hugsim/3DRealCar/2024_07_01_17_18_50//postprocess/shadow.pth ']'
+ for car in "$REALCAR"/*/
+ '[' -f /datasets/nuscenes-full/hugsim/3DRealCar/2024_07_01_17_26_25//gs.pth ']'
+ '[' '!' -e /datasets/nuscenes-full/hugsim/3DRealCar/2024_07_01_17_26_25//postprocess/shadow.pth ']'
+ for car in "$REALCAR"/*/
+ '[' -f /datasets/nuscenes-full/hugsim/3DRealCar/2024_07_01_17_29_14//gs.pth ']'
+ '[' '!' -e /datasets/nuscenes-full/hugsim/3DRealCar/2024_07_01_17_29_14//postprocess/shadow.pth ']'
+ for car in "$REALCAR"/*/
+ '[' -f /datasets/nuscenes-full/hugsim/3DRealCar/2024_07_01_17_52_36//gs.pth ']'
+ '[' '!' -e /datasets/nuscenes-full/hugsim/3DRealCar/2024_07_01_17_52_36//postprocess/shadow.pth ']'
+ for car in "$REALCAR"/*/
+ '[' -f /datasets/nuscenes-full/hugsim/3DRealCar/2024_07_02_13_39_21//gs.pth ']'
+ '[' '!' -e /datasets/nuscenes-full/hugsim/3DRealCar/2024_07_02_13_39_21//postprocess/shadow.pth ']'
+ for car in "$REALCAR"/*/
+ '[' -f /datasets/nuscenes-full/hugsim/3DRealCar/2024_07_02_13_41_48//gs.pth ']'
+ '[' '!' -e /datasets/nuscenes-full/hugsim/3DRealCar/2024_07_02_13_41_48//postprocess/shadow.pth ']'
+ for car in "$REALCAR"/*/
+ '[' -f /datasets/nuscenes-full/hugsim/3DRealCar/2024_07_02_13_45_45//gs.pth ']'
+ '[' '!' -e /datasets/nuscenes-full/hugsim/3DRealCar/2024_07_02_13_45_45//postprocess/shadow.pth ']'
+ for car in "$REALCAR"/*/
+ '[' -f /datasets/nuscenes-full/hugsim/3DRealCar/2024_07_02_13_48_48//gs.pth ']'
+ '[' '!' -e /datasets/nuscenes-full/hugsim/3DRealCar/2024_07_02_13_48_48//postprocess/shadow.pth ']'
+ for car in "$REALCAR"/*/
+ '[' -f /datasets/nuscenes-full/hugsim/3DRealCar/2024_07_02_13_51_10//gs.pth ']'
+ '[' '!' -e /datasets/nuscenes-full/hugsim/3DRealCar/2024_07_02_13_51_10//postprocess/shadow.pth ']'
+ for car in "$REALCAR"/*/
+ '[' -f /datasets/nuscenes-full/hugsim/3DRealCar/2024_07_02_13_53_41//gs.pth ']'
+ '[' '!' -e /datasets/nuscenes-full/hugsim/3DRealCar/2024_07_02_13_53_41//postprocess/shadow.pth ']'
+ for car in "$REALCAR"/*/
+ '[' -f /datasets/nuscenes-full/hugsim/3DRealCar/2024_07_02_14_02_40//gs.pth ']'
+ '[' '!' -e /datasets/nuscenes-full/hugsim/3DRealCar/2024_07_02_14_02_40//postprocess/shadow.pth ']'
+ for car in "$REALCAR"/*/
+ '[' -f /datasets/nuscenes-full/hugsim/3DRealCar/2024_07_02_14_12_08//gs.pth ']'
+ '[' '!' -e /datasets/nuscenes-full/hugsim/3DRealCar/2024_07_02_14_12_08//postprocess/shadow.pth ']'
+ for car in "$REALCAR"/*/
+ '[' -f /datasets/nuscenes-full/hugsim/3DRealCar/2024_07_02_14_14_52//gs.pth ']'
+ '[' '!' -e /datasets/nuscenes-full/hugsim/3DRealCar/2024_07_02_14_14_52//postprocess/shadow.pth ']'
+ for car in "$REALCAR"/*/
+ '[' -f /datasets/nuscenes-full/hugsim/3DRealCar/2024_07_02_14_20_29//gs.pth ']'
+ '[' '!' -e /datasets/nuscenes-full/hugsim/3DRealCar/2024_07_02_14_20_29//postprocess/shadow.pth ']'
+ for car in "$REALCAR"/*/
+ '[' -f /datasets/nuscenes-full/hugsim/3DRealCar/2024_07_02_14_23_13//gs.pth ']'
+ '[' '!' -e /datasets/nuscenes-full/hugsim/3DRealCar/2024_07_02_14_23_13//postprocess/shadow.pth ']'
+ for car in "$REALCAR"/*/
+ '[' -f /datasets/nuscenes-full/hugsim/3DRealCar/2024_07_02_14_25_45//gs.pth ']'
+ '[' '!' -e /datasets/nuscenes-full/hugsim/3DRealCar/2024_07_02_14_25_45//postprocess/shadow.pth ']'
+ for car in "$REALCAR"/*/
+ '[' -f /datasets/nuscenes-full/hugsim/3DRealCar/2024_07_02_14_29_47//gs.pth ']'
+ '[' '!' -e /datasets/nuscenes-full/hugsim/3DRealCar/2024_07_02_14_29_47//postprocess/shadow.pth ']'
+ for car in "$REALCAR"/*/
+ '[' -f /datasets/nuscenes-full/hugsim/3DRealCar/2024_07_02_14_32_17//gs.pth ']'
+ '[' '!' -e /datasets/nuscenes-full/hugsim/3DRealCar/2024_07_02_14_32_17//postprocess/shadow.pth ']'
+ for car in "$REALCAR"/*/
+ '[' -f /datasets/nuscenes-full/hugsim/3DRealCar/2024_07_02_14_35_19//gs.pth ']'
+ '[' '!' -e /datasets/nuscenes-full/hugsim/3DRealCar/2024_07_02_14_35_19//postprocess/shadow.pth ']'
+ for car in "$REALCAR"/*/
+ '[' -f /datasets/nuscenes-full/hugsim/3DRealCar/2024_07_02_14_38_58//gs.pth ']'
+ '[' '!' -e /datasets/nuscenes-full/hugsim/3DRealCar/2024_07_02_14_38_58//postprocess/shadow.pth ']'
+ for car in "$REALCAR"/*/
+ '[' -f /datasets/nuscenes-full/hugsim/3DRealCar/2024_07_02_14_41_28//gs.pth ']'
+ '[' '!' -e /datasets/nuscenes-full/hugsim/3DRealCar/2024_07_02_14_41_28//postprocess/shadow.pth ']'
+ for car in "$REALCAR"/*/
+ '[' -f /datasets/nuscenes-full/hugsim/3DRealCar/2024_07_02_14_44_26//gs.pth ']'
+ '[' '!' -e /datasets/nuscenes-full/hugsim/3DRealCar/2024_07_02_14_44_26//postprocess/shadow.pth ']'
+ for car in "$REALCAR"/*/
+ '[' -f /datasets/nuscenes-full/hugsim/3DRealCar/2024_07_02_14_47_09//gs.pth ']'
+ '[' '!' -e /datasets/nuscenes-full/hugsim/3DRealCar/2024_07_02_14_47_09//postprocess/shadow.pth ']'
+ for car in "$REALCAR"/*/
+ '[' -f /datasets/nuscenes-full/hugsim/3DRealCar/2024_07_02_14_50_36//gs.pth ']'
+ '[' '!' -e /datasets/nuscenes-full/hugsim/3DRealCar/2024_07_02_14_50_36//postprocess/shadow.pth ']'
+ for car in "$REALCAR"/*/
+ '[' -f /datasets/nuscenes-full/hugsim/3DRealCar/2024_07_02_14_58_12//gs.pth ']'
+ '[' '!' -e /datasets/nuscenes-full/hugsim/3DRealCar/2024_07_02_14_58_12//postprocess/shadow.pth ']'
+ for car in "$REALCAR"/*/
+ '[' -f /datasets/nuscenes-full/hugsim/3DRealCar/2024_07_02_15_03_37//gs.pth ']'
+ '[' '!' -e /datasets/nuscenes-full/hugsim/3DRealCar/2024_07_02_15_03_37//postprocess/shadow.pth ']'
+ for car in "$REALCAR"/*/
+ '[' -f /datasets/nuscenes-full/hugsim/3DRealCar/2024_07_02_15_16_48//gs.pth ']'
+ '[' '!' -e /datasets/nuscenes-full/hugsim/3DRealCar/2024_07_02_15_16_48//postprocess/shadow.pth ']'
+ for car in "$REALCAR"/*/
+ '[' -f /datasets/nuscenes-full/hugsim/3DRealCar/2024_07_02_15_18_44//gs.pth ']'
+ '[' '!' -e /datasets/nuscenes-full/hugsim/3DRealCar/2024_07_02_15_18_44//postprocess/shadow.pth ']'
+ for car in "$REALCAR"/*/
+ '[' -f /datasets/nuscenes-full/hugsim/3DRealCar/2024_07_02_15_21_00//gs.pth ']'
+ '[' '!' -e /datasets/nuscenes-full/hugsim/3DRealCar/2024_07_02_15_21_00//postprocess/shadow.pth ']'
+ for car in "$REALCAR"/*/
+ '[' -f /datasets/nuscenes-full/hugsim/3DRealCar/2024_07_02_15_23_11//gs.pth ']'
+ '[' '!' -e /datasets/nuscenes-full/hugsim/3DRealCar/2024_07_02_15_23_11//postprocess/shadow.pth ']'
+ for car in "$REALCAR"/*/
+ '[' -f /datasets/nuscenes-full/hugsim/3DRealCar/2024_07_02_15_25_20//gs.pth ']'
+ '[' '!' -e /datasets/nuscenes-full/hugsim/3DRealCar/2024_07_02_15_25_20//postprocess/shadow.pth ']'
+ for car in "$REALCAR"/*/
+ '[' -f /datasets/nuscenes-full/hugsim/3DRealCar/2024_07_02_15_27_44//gs.pth ']'
+ '[' '!' -e /datasets/nuscenes-full/hugsim/3DRealCar/2024_07_02_15_27_44//postprocess/shadow.pth ']'
+ for car in "$REALCAR"/*/
+ '[' -f /datasets/nuscenes-full/hugsim/3DRealCar/2024_07_02_15_30_07//gs.pth ']'
+ '[' '!' -e /datasets/nuscenes-full/hugsim/3DRealCar/2024_07_02_15_30_07//postprocess/shadow.pth ']'
+ for car in "$REALCAR"/*/
+ '[' -f /datasets/nuscenes-full/hugsim/3DRealCar/2024_07_02_15_33_12//gs.pth ']'
+ '[' '!' -e /datasets/nuscenes-full/hugsim/3DRealCar/2024_07_02_15_33_12//postprocess/shadow.pth ']'
+ for car in "$REALCAR"/*/
+ '[' -f /datasets/nuscenes-full/hugsim/3DRealCar/2024_07_02_15_36_05//gs.pth ']'
+ '[' '!' -e /datasets/nuscenes-full/hugsim/3DRealCar/2024_07_02_15_36_05//postprocess/shadow.pth ']'
+ for car in "$REALCAR"/*/
+ '[' -f /datasets/nuscenes-full/hugsim/3DRealCar/2024_07_02_15_39_20//gs.pth ']'
+ '[' '!' -e /datasets/nuscenes-full/hugsim/3DRealCar/2024_07_02_15_39_20//postprocess/shadow.pth ']'
+ for car in "$REALCAR"/*/
+ '[' -f /datasets/nuscenes-full/hugsim/3DRealCar/2024_07_02_15_41_49//gs.pth ']'
+ '[' '!' -e /datasets/nuscenes-full/hugsim/3DRealCar/2024_07_02_15_41_49//postprocess/shadow.pth ']'
+ for car in "$REALCAR"/*/
+ '[' -f /datasets/nuscenes-full/hugsim/3DRealCar/2024_07_02_15_50_01//gs.pth ']'
+ '[' '!' -e /datasets/nuscenes-full/hugsim/3DRealCar/2024_07_02_15_50_01//postprocess/shadow.pth ']'
+ for car in "$REALCAR"/*/
+ '[' -f /datasets/nuscenes-full/hugsim/3DRealCar/2024_07_02_15_52_22//gs.pth ']'
+ '[' '!' -e /datasets/nuscenes-full/hugsim/3DRealCar/2024_07_02_15_52_22//postprocess/shadow.pth ']'
+ for car in "$REALCAR"/*/
+ '[' -f /datasets/nuscenes-full/hugsim/3DRealCar/2024_07_02_15_54_50//gs.pth ']'
+ '[' '!' -e /datasets/nuscenes-full/hugsim/3DRealCar/2024_07_02_15_54_50//postprocess/shadow.pth ']'
+ for car in "$REALCAR"/*/
+ '[' -f /datasets/nuscenes-full/hugsim/3DRealCar/2024_07_05_10_00_42//gs.pth ']'
+ '[' '!' -e /datasets/nuscenes-full/hugsim/3DRealCar/2024_07_05_10_00_42//postprocess/shadow.pth ']'
+ for car in "$REALCAR"/*/
+ '[' -f /datasets/nuscenes-full/hugsim/3DRealCar/2024_07_05_10_02_27//gs.pth ']'
+ '[' '!' -e /datasets/nuscenes-full/hugsim/3DRealCar/2024_07_05_10_02_27//postprocess/shadow.pth ']'
+ for car in "$REALCAR"/*/
+ '[' -f /datasets/nuscenes-full/hugsim/3DRealCar/2024_07_05_10_06_01//gs.pth ']'
+ '[' '!' -e /datasets/nuscenes-full/hugsim/3DRealCar/2024_07_05_10_06_01//postprocess/shadow.pth ']'
+ for car in "$REALCAR"/*/
+ '[' -f /datasets/nuscenes-full/hugsim/3DRealCar/2024_07_05_10_17_38//gs.pth ']'
+ '[' '!' -e /datasets/nuscenes-full/hugsim/3DRealCar/2024_07_05_10_17_38//postprocess/shadow.pth ']'
+ for car in "$REALCAR"/*/
+ '[' -f /datasets/nuscenes-full/hugsim/3DRealCar/2024_07_05_10_31_52//gs.pth ']'
+ '[' '!' -e /datasets/nuscenes-full/hugsim/3DRealCar/2024_07_05_10_31_52//postprocess/shadow.pth ']'
+ for car in "$REALCAR"/*/
+ '[' -f /datasets/nuscenes-full/hugsim/3DRealCar/2024_07_05_10_40_08//gs.pth ']'
+ '[' '!' -e /datasets/nuscenes-full/hugsim/3DRealCar/2024_07_05_10_40_08//postprocess/shadow.pth ']'
+ for car in "$REALCAR"/*/
+ '[' -f /datasets/nuscenes-full/hugsim/3DRealCar/2024_07_05_10_41_03//gs.pth ']'
+ '[' '!' -e /datasets/nuscenes-full/hugsim/3DRealCar/2024_07_05_10_41_03//postprocess/shadow.pth ']'
+ for car in "$REALCAR"/*/
+ '[' -f /datasets/nuscenes-full/hugsim/3DRealCar/2024_07_05_10_56_50//gs.pth ']'
+ '[' '!' -e /datasets/nuscenes-full/hugsim/3DRealCar/2024_07_05_10_56_50//postprocess/shadow.pth ']'
+ for car in "$REALCAR"/*/
+ '[' -f /datasets/nuscenes-full/hugsim/3DRealCar/2024_07_05_10_58_02//gs.pth ']'
+ '[' '!' -e /datasets/nuscenes-full/hugsim/3DRealCar/2024_07_05_10_58_02//postprocess/shadow.pth ']'
+ for car in "$REALCAR"/*/
+ '[' -f /datasets/nuscenes-full/hugsim/3DRealCar/2024_07_05_11_02_48//gs.pth ']'
+ '[' '!' -e /datasets/nuscenes-full/hugsim/3DRealCar/2024_07_05_11_02_48//postprocess/shadow.pth ']'
+ for car in "$REALCAR"/*/
+ '[' -f /datasets/nuscenes-full/hugsim/3DRealCar/2024_07_05_11_21_58//gs.pth ']'
+ '[' '!' -e /datasets/nuscenes-full/hugsim/3DRealCar/2024_07_05_11_21_58//postprocess/shadow.pth ']'
+ for car in "$REALCAR"/*/
+ '[' -f /datasets/nuscenes-full/hugsim/3DRealCar/2024_07_05_11_22_03//gs.pth ']'
+ '[' '!' -e /datasets/nuscenes-full/hugsim/3DRealCar/2024_07_05_11_22_03//postprocess/shadow.pth ']'
+ for car in "$REALCAR"/*/
+ '[' -f /datasets/nuscenes-full/hugsim/3DRealCar/2024_07_05_11_25_32//gs.pth ']'
+ '[' '!' -e /datasets/nuscenes-full/hugsim/3DRealCar/2024_07_05_11_25_32//postprocess/shadow.pth ']'
+ for car in "$REALCAR"/*/
+ '[' -f /datasets/nuscenes-full/hugsim/3DRealCar/2024_07_05_11_42_30//gs.pth ']'
+ '[' '!' -e /datasets/nuscenes-full/hugsim/3DRealCar/2024_07_05_11_42_30//postprocess/shadow.pth ']'
+ for car in "$REALCAR"/*/
+ '[' -f /datasets/nuscenes-full/hugsim/3DRealCar/2024_07_05_11_42_31//gs.pth ']'
+ '[' '!' -e /datasets/nuscenes-full/hugsim/3DRealCar/2024_07_05_11_42_31//postprocess/shadow.pth ']'
+ for car in "$REALCAR"/*/
+ '[' -f /datasets/nuscenes-full/hugsim/3DRealCar/2024_07_05_11_45_27//gs.pth ']'
+ '[' '!' -e /datasets/nuscenes-full/hugsim/3DRealCar/2024_07_05_11_45_27//postprocess/shadow.pth ']'
+ for car in "$REALCAR"/*/
+ '[' -f /datasets/nuscenes-full/hugsim/3DRealCar/2024_07_05_12_10_02//gs.pth ']'
+ '[' '!' -e /datasets/nuscenes-full/hugsim/3DRealCar/2024_07_05_12_10_02//postprocess/shadow.pth ']'
+ for car in "$REALCAR"/*/
+ '[' -f /datasets/nuscenes-full/hugsim/3DRealCar/2024_07_05_12_10_06//gs.pth ']'
+ '[' '!' -e /datasets/nuscenes-full/hugsim/3DRealCar/2024_07_05_12_10_06//postprocess/shadow.pth ']'
+ for car in "$REALCAR"/*/
+ '[' -f /datasets/nuscenes-full/hugsim/3DRealCar/2024_07_05_14_07_43//gs.pth ']'
+ '[' '!' -e /datasets/nuscenes-full/hugsim/3DRealCar/2024_07_05_14_07_43//postprocess/shadow.pth ']'
+ for car in "$REALCAR"/*/
+ '[' -f /datasets/nuscenes-full/hugsim/3DRealCar/2024_07_05_14_11_17//gs.pth ']'
+ '[' '!' -e /datasets/nuscenes-full/hugsim/3DRealCar/2024_07_05_14_11_17//postprocess/shadow.pth ']'
+ for car in "$REALCAR"/*/
+ '[' -f /datasets/nuscenes-full/hugsim/3DRealCar/2024_07_05_14_11_47//gs.pth ']'
+ '[' '!' -e /datasets/nuscenes-full/hugsim/3DRealCar/2024_07_05_14_11_47//postprocess/shadow.pth ']'
+ for car in "$REALCAR"/*/
+ '[' -f /datasets/nuscenes-full/hugsim/3DRealCar/2024_07_05_14_14_58//gs.pth ']'
+ '[' '!' -e /datasets/nuscenes-full/hugsim/3DRealCar/2024_07_05_14_14_58//postprocess/shadow.pth ']'
+ for car in "$REALCAR"/*/
+ '[' -f /datasets/nuscenes-full/hugsim/3DRealCar/2024_07_05_14_18_38//gs.pth ']'
+ '[' '!' -e /datasets/nuscenes-full/hugsim/3DRealCar/2024_07_05_14_18_38//postprocess/shadow.pth ']'
+ for car in "$REALCAR"/*/
+ '[' -f /datasets/nuscenes-full/hugsim/3DRealCar/2024_07_05_14_20_15//gs.pth ']'
+ '[' '!' -e /datasets/nuscenes-full/hugsim/3DRealCar/2024_07_05_14_20_15//postprocess/shadow.pth ']'
+ for car in "$REALCAR"/*/
+ '[' -f /datasets/nuscenes-full/hugsim/3DRealCar/2024_07_05_14_25_58//gs.pth ']'
+ '[' '!' -e /datasets/nuscenes-full/hugsim/3DRealCar/2024_07_05_14_25_58//postprocess/shadow.pth ']'
+ for car in "$REALCAR"/*/
+ '[' -f /datasets/nuscenes-full/hugsim/3DRealCar/2024_07_05_14_30_09//gs.pth ']'
+ '[' '!' -e /datasets/nuscenes-full/hugsim/3DRealCar/2024_07_05_14_30_09//postprocess/shadow.pth ']'
+ for car in "$REALCAR"/*/
+ '[' -f /datasets/nuscenes-full/hugsim/3DRealCar/2024_07_05_15_31_37//gs.pth ']'
+ '[' '!' -e /datasets/nuscenes-full/hugsim/3DRealCar/2024_07_05_15_31_37//postprocess/shadow.pth ']'
+ for car in "$REALCAR"/*/
+ '[' -f /datasets/nuscenes-full/hugsim/3DRealCar/2024_07_05_15_42_29//gs.pth ']'
+ '[' '!' -e /datasets/nuscenes-full/hugsim/3DRealCar/2024_07_05_15_42_29//postprocess/shadow.pth ']'
+ for car in "$REALCAR"/*/
+ '[' -f /datasets/nuscenes-full/hugsim/3DRealCar/2024_07_05_15_57_10//gs.pth ']'
+ '[' '!' -e /datasets/nuscenes-full/hugsim/3DRealCar/2024_07_05_15_57_10//postprocess/shadow.pth ']'
+ for car in "$REALCAR"/*/
+ '[' -f /datasets/nuscenes-full/hugsim/3DRealCar/2024_07_05_15_58_29//gs.pth ']'
+ '[' '!' -e /datasets/nuscenes-full/hugsim/3DRealCar/2024_07_05_15_58_29//postprocess/shadow.pth ']'
+ for car in "$REALCAR"/*/
+ '[' -f /datasets/nuscenes-full/hugsim/3DRealCar/2024_07_05_16_03_36//gs.pth ']'
+ '[' '!' -e /datasets/nuscenes-full/hugsim/3DRealCar/2024_07_05_16_03_36//postprocess/shadow.pth ']'
+ for car in "$REALCAR"/*/
+ '[' -f /datasets/nuscenes-full/hugsim/3DRealCar/2024_07_05_16_08_40//gs.pth ']'
+ '[' '!' -e /datasets/nuscenes-full/hugsim/3DRealCar/2024_07_05_16_08_40//postprocess/shadow.pth ']'
+ for car in "$REALCAR"/*/
+ '[' -f /datasets/nuscenes-full/hugsim/3DRealCar/2024_07_05_16_10_02//gs.pth ']'
+ '[' '!' -e /datasets/nuscenes-full/hugsim/3DRealCar/2024_07_05_16_10_02//postprocess/shadow.pth ']'
+ for car in "$REALCAR"/*/
+ '[' -f /datasets/nuscenes-full/hugsim/3DRealCar/2024_07_05_16_13_36//gs.pth ']'
+ '[' '!' -e /datasets/nuscenes-full/hugsim/3DRealCar/2024_07_05_16_13_36//postprocess/shadow.pth ']'
+ for car in "$REALCAR"/*/
+ '[' -f /datasets/nuscenes-full/hugsim/3DRealCar/2024_07_05_16_13_43//gs.pth ']'
+ '[' '!' -e /datasets/nuscenes-full/hugsim/3DRealCar/2024_07_05_16_13_43//postprocess/shadow.pth ']'
+ for car in "$REALCAR"/*/
+ '[' -f /datasets/nuscenes-full/hugsim/3DRealCar/2024_07_05_16_16_38//gs.pth ']'
+ '[' '!' -e /datasets/nuscenes-full/hugsim/3DRealCar/2024_07_05_16_16_38//postprocess/shadow.pth ']'
+ for car in "$REALCAR"/*/
+ '[' -f /datasets/nuscenes-full/hugsim/3DRealCar/2024_07_05_16_24_36//gs.pth ']'
+ '[' '!' -e /datasets/nuscenes-full/hugsim/3DRealCar/2024_07_05_16_24_36//postprocess/shadow.pth ']'
+ for car in "$REALCAR"/*/
+ '[' -f /datasets/nuscenes-full/hugsim/3DRealCar/2024_07_05_16_40_16//gs.pth ']'
+ '[' '!' -e /datasets/nuscenes-full/hugsim/3DRealCar/2024_07_05_16_40_16//postprocess/shadow.pth ']'
+ for car in "$REALCAR"/*/
+ '[' -f /datasets/nuscenes-full/hugsim/3DRealCar/2024_07_05_16_40_36//gs.pth ']'
+ '[' '!' -e /datasets/nuscenes-full/hugsim/3DRealCar/2024_07_05_16_40_36//postprocess/shadow.pth ']'
+ for car in "$REALCAR"/*/
+ '[' -f /datasets/nuscenes-full/hugsim/3DRealCar/2024_07_05_16_48_24//gs.pth ']'
+ '[' '!' -e /datasets/nuscenes-full/hugsim/3DRealCar/2024_07_05_16_48_24//postprocess/shadow.pth ']'
+ for car in "$REALCAR"/*/
+ '[' -f /datasets/nuscenes-full/hugsim/3DRealCar/2024_07_07_05_43_00//gs.pth ']'
+ '[' '!' -e /datasets/nuscenes-full/hugsim/3DRealCar/2024_07_07_05_43_00//postprocess/shadow.pth ']'
+ for car in "$REALCAR"/*/
+ '[' -f /datasets/nuscenes-full/hugsim/3DRealCar/2024_07_07_05_48_00//gs.pth ']'
+ '[' '!' -e /datasets/nuscenes-full/hugsim/3DRealCar/2024_07_07_05_48_00//postprocess/shadow.pth ']'
+ for car in "$REALCAR"/*/
+ '[' -f /datasets/nuscenes-full/hugsim/3DRealCar/2024_07_07_06_00_52//gs.pth ']'
+ '[' '!' -e /datasets/nuscenes-full/hugsim/3DRealCar/2024_07_07_06_00_52//postprocess/shadow.pth ']'
+ for car in "$REALCAR"/*/
+ '[' -f /datasets/nuscenes-full/hugsim/3DRealCar/2024_07_07_06_04_22//gs.pth ']'
+ '[' '!' -e /datasets/nuscenes-full/hugsim/3DRealCar/2024_07_07_06_04_22//postprocess/shadow.pth ']'
+ for car in "$REALCAR"/*/
+ '[' -f /datasets/nuscenes-full/hugsim/3DRealCar/2024_07_07_06_06_31//gs.pth ']'
+ '[' '!' -e /datasets/nuscenes-full/hugsim/3DRealCar/2024_07_07_06_06_31//postprocess/shadow.pth ']'
+ for car in "$REALCAR"/*/
+ '[' -f /datasets/nuscenes-full/hugsim/3DRealCar/2024_07_08_18_02_27//gs.pth ']'
+ '[' '!' -e /datasets/nuscenes-full/hugsim/3DRealCar/2024_07_08_18_02_27//postprocess/shadow.pth ']'
+ for car in "$REALCAR"/*/
+ '[' -f /datasets/nuscenes-full/hugsim/3DRealCar/2024_07_09_04_20_54//gs.pth ']'
+ '[' '!' -e /datasets/nuscenes-full/hugsim/3DRealCar/2024_07_09_04_20_54//postprocess/shadow.pth ']'
+ for car in "$REALCAR"/*/
+ '[' -f /datasets/nuscenes-full/hugsim/3DRealCar/2024_07_09_04_28_04//gs.pth ']'
+ '[' '!' -e /datasets/nuscenes-full/hugsim/3DRealCar/2024_07_09_04_28_04//postprocess/shadow.pth ']'
+ for car in "$REALCAR"/*/
+ '[' -f /datasets/nuscenes-full/hugsim/3DRealCar/2024_07_09_04_33_58//gs.pth ']'
+ '[' '!' -e /datasets/nuscenes-full/hugsim/3DRealCar/2024_07_09_04_33_58//postprocess/shadow.pth ']'
+ for car in "$REALCAR"/*/
+ '[' -f /datasets/nuscenes-full/hugsim/3DRealCar/2024_07_09_04_38_08//gs.pth ']'
+ '[' '!' -e /datasets/nuscenes-full/hugsim/3DRealCar/2024_07_09_04_38_08//postprocess/shadow.pth ']'
+ for car in "$REALCAR"/*/
+ '[' -f /datasets/nuscenes-full/hugsim/3DRealCar/2024_07_09_04_42_06//gs.pth ']'
+ '[' '!' -e /datasets/nuscenes-full/hugsim/3DRealCar/2024_07_09_04_42_06//postprocess/shadow.pth ']'
+ echo 'I103_REALCAR_COMPAT_LINKS linked=0'
I103_REALCAR_COMPAT_LINKS linked=0
+ echo '{'
++ sha256sum /tmp/iter103_provenance_batch_launch_manifest.json
++ cut '-d ' -f1
+ echo '  "manifest_sha": "ddbc9960fe0b50b95842bd2c8b2e26b5e7ed00abba65f8f97b5ed6515c428870",'
++ git -C /opt/sentinel-stack/HUGSIM rev-parse HEAD
+ echo '  "hugsim_sha": "62c690d39fd90020e68a196bd8bcc1c4d4191f2e",'
++ git -C /opt/sentinel-stack/UniAD_SIM rev-parse HEAD
+ echo '  "uniad_sim_sha": "5fb279e39912a5ac7f58e00d56b065cadcd0a749",'
++ sha256sum /opt/sentinel-stack/UniAD/ckpts/uniad_base_e2e.pth
++ cut '-d ' -f1
+ echo '  "ckpt_sha": "0ad0c2f5dc9788a41c313305779ea49346aeb742d1f6bb5ad25c46f9beffc990",'
++ sha256sum /opt/sentinel-stack/hugsim-shim/sitecustomize.py
++ cut '-d ' -f1
+ echo '  "shim_sha": "5bf69a1187478c52d49792d5871bd5732c6dd431ecd1f44b5e391f7adb80682c",'
++ docker images --format '{{.ID}}' uniad:latest
+ echo '  "image_id": "f73ef3884063",'
++ sha256sum /tmp/iter103_hugsim_provenance.patch
++ cut '-d ' -f1
+ echo '  "hugsim_patch_sha": "49eee7611e4b881d2bb6233e8767913019c6a097c6883762414005d5b2284ecd",'
++ sha256sum /opt/sentinel-stack/HUGSIM/sim/utils/score_calculator.py
++ cut '-d ' -f1
+ echo '  "score_calculator_sha_after_patch": "1588b5b912384dead87b521b828cf7a135e77eb79aad5d540074c7168f79e46f",'
++ sha256sum /tmp/iter103_client_patch.py
++ cut '-d ' -f1
+ echo '  "monitor_patch_sha": "6b39fd79d00c7bdb937c6d240fbc4648661b235f1a3024912d62874937146c5c",'
+ echo '  "e2e_py_patched_sha": "23cce8a2a559b60dc3de394ba890a28adc13b5b24d222936478dad6f83f9aea3",'
+ echo '  "e2e_sh_patched_sha": "8b404adcbc7fea328a5fbbd10c5256656444739b3af79ca26676a45464471aa7",'
+ echo '  "schedule": "thirteen ON slots from Iter102 manifest",'
+ echo '  "slot_count": 13,'
++ date -u +%Y-%m-%dT%H:%M:%SZ
+ echo '  "start_utc": "2026-07-14T04:46:22Z"'
+ echo '}'
++ date -u
+ echo 'I103_PROVENANCE_OK Tue Jul 14 04:46:22 UTC 2026'
I103_PROVENANCE_OK Tue Jul 14 04:46:22 UTC 2026
+ IFS='	'
+ read -r slot_id scenario _scenario_sha
+ run_one i102_s01_iter48_easy_medium_no_fire_scene_0013_easy_00_r1 scene-0013-easy-00
+ local slot_id=i102_s01_iter48_easy_medium_no_fire_scene_0013_easy_00_r1 scenario=scene-0013-easy-00
+ local scene=scene-0013
+ local mode_dashed=easy-00
+ local mode=easy_00
+ local out_dir=/datasets/nuscenes-full/hugsim/outputs/nusc_uniad/scene-0013_easy_00
+ local dest=/datasets/nuscenes-full/hugsim/iter103_runs/i102_s01_iter48_easy_medium_no_fire_scene_0013_easy_00_r1__scene-0013-easy-00__on
+ '[' -f /datasets/nuscenes-full/hugsim/iter103_runs/i102_s01_iter48_easy_medium_no_fire_scene_0013_easy_00_r1__scene-0013-easy-00__on/episode_meta.json ']'
+ prep_scene scene-0013
+ local scene=scene-0013
+ '[' '!' -d /datasets/nuscenes-full/hugsim/extracted/scenes/nuscenes/scene-0013 ']'
+ local cfg=/datasets/nuscenes-full/hugsim/extracted/scenes/nuscenes/scene-0013/cfg.yaml
+ '[' '!' -f /datasets/nuscenes-full/hugsim/extracted/scenes/nuscenes/scene-0013/cfg.yaml ']'
+ '[' -f /datasets/nuscenes-full/hugsim/extracted/scenes/nuscenes/scene-0013/cfg.yaml.orig ']'
+ python3 - /datasets/nuscenes-full/hugsim/extracted/scenes/nuscenes/scene-0013/cfg.yaml /datasets/nuscenes-full/hugsim/extracted/scenes/nuscenes/scene-0013
+ local attempt rc steps hd marker decisions provenance
+ for attempt in 1 2
+ disk_guard
+ local avail
++ df --output=avail -BG /datasets/nuscenes-full
++ tail -1
++ tr -dc 0-9
+ avail=121
+ '[' 121 -lt 20 ']'
++ date -u
+ echo 'I103_SLOT_START i102_s01_iter48_easy_medium_no_fire_scene_0013_easy_00_r1 scene-0013-easy-00 on a1 Tue Jul 14 04:46:22 UTC 2026'
I103_SLOT_START i102_s01_iter48_easy_medium_no_fire_scene_0013_easy_00_r1 scene-0013-easy-00 on a1 Tue Jul 14 04:46:22 UTC 2026
+ local t0
++ date -u +%s
+ t0=1784004382
+ docker rm -f hugsim_uniad_client
+ rm -rf /datasets/nuscenes-full/hugsim/outputs/nusc_uniad/scene-0013_easy_00
+ cd /opt/sentinel-stack/HUGSIM
+ SENTINEL_ENABLED=1
+ timeout 1200 pixi run python -u closed_loop.py --scenario_path /datasets/nuscenes-full/hugsim/extracted/scenarios/nuscenes/scene-0013-easy-00.yaml --base_path configs/sim/nuscenes_base.yaml --camera_path configs/sim/nuscenes_camera.yaml --kinematic_path configs/sim/kinematic.yaml --ad uniad --ad_cuda 0
/datasets/nuscenes-full/hugsim/outputs/nusc_uniad/scene-0013_easy_00/output.txt
/opt/sentinel-stack/UniAD_SIM/tools/e2e.sh 0 /datasets/nuscenes-full/hugsim/outputs/nusc_uniad/scene-0013_easy_00
Ready for simulation
ego pose [0.0, -5.551115123125783e-17, 0.0]
ego pose [0.0, -0.002826926030539508, 0.4375]
ego pose [0.007925473940903349, -0.006816218536074797, 0.9922918974993752]
ego pose [0.015765070943892026, -0.012847517201677816, 1.656423936392442]
ego pose [0.003870578116107991, -0.018828212509172593, 2.405339765373285]
ego pose [-0.049608303974367524, -0.0252596084900974, 3.2101254355215216]
ego pose [-0.15868119858965493, -0.02790461656341587, 4.048442810443863]
ego pose [-0.3329964191544026, -0.039499793577933054, 4.926672305035013]
ego pose [-0.5511088078033843, -0.048702381377579484, 5.828737376370778]
ego pose [-0.8003421069600742, -0.06311741843166273, 6.76039612442545]
ego pose [-1.0465019421431772, -0.07854069564679818, 7.721494734721957]
ego pose [-1.263207246990563, -0.09679987543247667, 8.714760718484435]
ego pose [-1.4369520416562263, -0.10702483790553692, 9.71703617368264]
ego pose [-1.5975045664498069, -0.12131000233785691, 10.715102602587002]
ego pose [-1.7596267074777825, -0.13623250987674188, 11.721953471311565]
ego pose [-1.9326200475794886, -0.1522234362219474, 12.73707982426895]
Collision with background
MoviePy - Building video /datasets/nuscenes-full/hugsim/outputs/nusc_uniad/scene-0013_easy_00/video.mp4.
MoviePy - Writing video /datasets/nuscenes-full/hugsim/outputs/nusc_uniad/scene-0013_easy_00/video.mp4

frame_index:   0%|          | 0/16 [00:00<?, ?it/s, now=None]frame_index:  62%|██████▎   | 10/16 [00:00<00:00, 89.08it/s, now=None]                                                                      MoviePy - Done !
MoviePy - video ready /datasets/nuscenes-full/hugsim/outputs/nusc_uniad/scene-0013_easy_00/video.mp4
this pkl file contains 1 experiment records.
current exp has 16 frames
frame 0 / 16
comfortable: [True, True, True, True, True, True]
frame 1 / 16
comfortable: [True, True, True, True, True, True]
frame 2 / 16
comfortable: [True, True, True, True, True, True]
frame 3 / 16
comfortable: [True, True, True, True, True, True]
frame 4 / 16
comfortable: [True, True, True, True, True, True]
frame 5 / 16
comfortable: [True, True, True, True, True, True]
frame 6 / 16
comfortable: [True, True, True, True, True, True]
frame 7 / 16
comfortable: [True, True, True, True, True, True]
frame 8 / 16
comfortable: [True, True, True, True, True, True]
frame 9 / 16
comfortable: [True, True, True, True, True, True]
frame 10 / 16
comfortable: [True, True, True, True, True, True]
frame 11 / 16
comfortable: [True, True, True, True, True, True]
frame 12 / 16
comfortable: [True, True, True, True, True, True]
frame 13 / 16
comfortable: [True, True, True, True, True, True]
frame 14 / 16
comfortable: [True, True, True, True, True, True]
frame 15 / 16
comfortable: [True, True, True, True, True, True]
The score of experiment is (1.0, 0.16773162939297126, 0.16773162939297126, {'nc': 1.0, 'dac': 1.0, 'ttc': 1.0, 'c': 1.0, 'pdms': 1.0}, {0.25: {'nc': 1.0, 'dac': 1.0, 'ttc': 1.0, 'c': 1.0, 'pdms': 1.0}, 0.5: {'nc': 1.0, 'dac': 1.0, 'ttc': 1.0, 'c': 1.0, 'pdms': 1.0}, 0.75: {'nc': 1.0, 'dac': 1.0, 'ttc': 1.0, 'c': 1.0, 'pdms': 1.0}, 1.0: {'nc': 1.0, 'dac': 1.0, 'ttc': 1.0, 'c': 1.0, 'pdms': 1.0}, 1.25: {'nc': 1.0, 'dac': 1.0, 'ttc': 1.0, 'c': 1.0, 'pdms': 1.0}, 1.5: {'nc': 1.0, 'dac': 1.0, 'ttc': 1.0, 'c': 1.0, 'pdms': 1.0}, 1.75: {'nc': 1.0, 'dac': 1.0, 'ttc': 1.0, 'c': 1.0, 'pdms': 1.0}, 2.0: {'nc': 1.0, 'dac': 1.0, 'ttc': 1.0, 'c': 1.0, 'pdms': 1.0}, 2.25: {'nc': 1.0, 'dac': 1.0, 'ttc': 1.0, 'c': 1.0, 'pdms': 1.0}, 2.5: {'nc': 1.0, 'dac': 1.0, 'ttc': 1.0, 'c': 1.0, 'pdms': 1.0}, 2.75: {'nc': 1.0, 'dac': 1.0, 'ttc': 1.0, 'c': 1.0, 'pdms': 1.0}, 3.0: {'nc': 1.0, 'dac': 1.0, 'ttc': 1.0, 'c': 1.0, 'pdms': 1.0}, 3.25: {'nc': 1.0, 'dac': 1.0, 'ttc': 1.0, 'c': 1.0, 'pdms': 1.0}, 3.5: {'nc': 1.0, 'dac': 1.0, 'ttc': 1.0, 'c': 1.0, 'pdms': 1.0}, 3.75: {'nc': 1.0, 'dac': 1.0, 'ttc': 1.0, 'c': 1.0, 'pdms': 1.0}, 4.0: {'nc': 1.0, 'dac': 1.0, 'ttc': 1.0, 'c': 1.0, 'pdms': 1.0}}).
=============================Results=============================
'nc': 1.0
'dac': 1.0
'ttc': 1.0
'c': 1.0
'pdms': 1.0
'rc': 0.16773162939297126
'hdscore': 0.16773162939297126
The AD algorithm is still running, remaining tolerant 100.
The AD algorithm is still running, remaining tolerant 95.
The AD algorithm is still running, remaining tolerant 90.
The AD algorithm completed with return code 0.
+ rc=0
+ echo 'I103_SLOT_RC=0 i102_s01_iter48_easy_medium_no_fire_scene_0013_easy_00_r1 scene-0013-easy-00 on a1'
I103_SLOT_RC=0 i102_s01_iter48_easy_medium_no_fire_scene_0013_easy_00_r1 scene-0013-easy-00 on a1
+ docker rm -f hugsim_uniad_client
++ python3 -c '
import json, math
try:
    v = json.load(open('\''/datasets/nuscenes-full/hugsim/outputs/nusc_uniad/scene-0013_easy_00/eval.json'\'')).get('\''hdscore'\'')
    print(v if isinstance(v, (int, float)) and math.isfinite(v) else '\''INVALID'\'')
except Exception:
    print('\''MISSING'\'')
'
+ hd=0.16773162939297126
++ python3 -c '
import json
try:
    data = json.load(open('\''/datasets/nuscenes-full/hugsim/outputs/nusc_uniad/scene-0013_easy_00/eval.json'\''))
    print(1 if '\''collision_provenance'\'' in data else 0)
except Exception:
    print(0)
'
+ provenance=1
++ grep -c sent /datasets/nuscenes-full/hugsim/outputs/nusc_uniad/scene-0013_easy_00/output.txt
+ steps=16
+ '[' -n 16 ']'
++ grep -c 'SENTINEL_I48_UNION_PATCH_LOADED enabled=1' /datasets/nuscenes-full/hugsim/outputs/nusc_uniad/scene-0013_easy_00/output.txt
+ marker=1
+ '[' -n 1 ']'
+ decisions=0
+ '[' -s /datasets/nuscenes-full/hugsim/outputs/nusc_uniad/scene-0013_easy_00/sentinel_iter48_decisions.jsonl ']'
++ grep -c 'SENTINEL_I48_DECISION frame=' /datasets/nuscenes-full/hugsim/outputs/nusc_uniad/scene-0013_easy_00/output.txt
+ '[' 16 -gt 0 ']'
+ decisions=1
+ '[' 0 = 0 ']'
+ '[' 0.16773162939297126 '!=' MISSING ']'
+ '[' 0.16773162939297126 '!=' INVALID ']'
+ '[' 1 = 1 ']'
+ '[' 16 -gt 0 ']'
+ '[' 1 -gt 0 ']'
+ '[' 1 = 1 ']'
+ rm -rf /datasets/nuscenes-full/hugsim/iter103_runs/i102_s01_iter48_easy_medium_no_fire_scene_0013_easy_00_r1__scene-0013-easy-00__on
+ mkdir -p /datasets/nuscenes-full/hugsim/iter103_runs/i102_s01_iter48_easy_medium_no_fire_scene_0013_easy_00_r1__scene-0013-easy-00__on
+ find /datasets/nuscenes-full/hugsim/outputs/nusc_uniad/scene-0013_easy_00 -type p -delete
+ mv /datasets/nuscenes-full/hugsim/outputs/nusc_uniad/scene-0013_easy_00/data.pkl /datasets/nuscenes-full/hugsim/outputs/nusc_uniad/scene-0013_easy_00/eval.json /datasets/nuscenes-full/hugsim/outputs/nusc_uniad/scene-0013_easy_00/ground.ply /datasets/nuscenes-full/hugsim/outputs/nusc_uniad/scene-0013_easy_00/infos.pkl /datasets/nuscenes-full/hugsim/outputs/nusc_uniad/scene-0013_easy_00/output.txt /datasets/nuscenes-full/hugsim/outputs/nusc_uniad/scene-0013_easy_00/scene.ply /datasets/nuscenes-full/hugsim/outputs/nusc_uniad/scene-0013_easy_00/sentinel_iter48_decisions.jsonl /datasets/nuscenes-full/hugsim/outputs/nusc_uniad/scene-0013_easy_00/uniad /datasets/nuscenes-full/hugsim/outputs/nusc_uniad/scene-0013_easy_00/video.mp4 /datasets/nuscenes-full/hugsim/iter103_runs/i102_s01_iter48_easy_medium_no_fire_scene_0013_easy_00_r1__scene-0013-easy-00__on/
+ rmdir /datasets/nuscenes-full/hugsim/outputs/nusc_uniad/scene-0013_easy_00
++ date -u +%s
+ printf '{"slot_id":"%s","scenario":"%s","arm":"on","attempt":%s,"rc":%s,"hdscore":%s,"steps":%s,"start_epoch":%s,"end_epoch":%s}\n' i102_s01_iter48_easy_medium_no_fire_scene_0013_easy_00_r1 scene-0013-easy-00 1 0 0.16773162939297126 16 1784004382 1784004499
+ echo 'I103_SLOT_DONE i102_s01_iter48_easy_medium_no_fire_scene_0013_easy_00_r1 scene-0013-easy-00 on ok hd=0.16773162939297126 steps=16'
I103_SLOT_DONE i102_s01_iter48_easy_medium_no_fire_scene_0013_easy_00_r1 scene-0013-easy-00 on ok hd=0.16773162939297126 steps=16
+ return 0
+ IFS='	'
+ read -r slot_id scenario _scenario_sha
+ run_one i102_s02_iter48_easy_medium_no_fire_scene_0013_easy_00_r2 scene-0013-easy-00
+ local slot_id=i102_s02_iter48_easy_medium_no_fire_scene_0013_easy_00_r2 scenario=scene-0013-easy-00
+ local scene=scene-0013
+ local mode_dashed=easy-00
+ local mode=easy_00
+ local out_dir=/datasets/nuscenes-full/hugsim/outputs/nusc_uniad/scene-0013_easy_00
+ local dest=/datasets/nuscenes-full/hugsim/iter103_runs/i102_s02_iter48_easy_medium_no_fire_scene_0013_easy_00_r2__scene-0013-easy-00__on
+ '[' -f /datasets/nuscenes-full/hugsim/iter103_runs/i102_s02_iter48_easy_medium_no_fire_scene_0013_easy_00_r2__scene-0013-easy-00__on/episode_meta.json ']'
+ prep_scene scene-0013
+ local scene=scene-0013
+ '[' '!' -d /datasets/nuscenes-full/hugsim/extracted/scenes/nuscenes/scene-0013 ']'
+ local cfg=/datasets/nuscenes-full/hugsim/extracted/scenes/nuscenes/scene-0013/cfg.yaml
+ '[' '!' -f /datasets/nuscenes-full/hugsim/extracted/scenes/nuscenes/scene-0013/cfg.yaml ']'
+ '[' -f /datasets/nuscenes-full/hugsim/extracted/scenes/nuscenes/scene-0013/cfg.yaml.orig ']'
+ python3 - /datasets/nuscenes-full/hugsim/extracted/scenes/nuscenes/scene-0013/cfg.yaml /datasets/nuscenes-full/hugsim/extracted/scenes/nuscenes/scene-0013
+ local attempt rc steps hd marker decisions provenance
+ for attempt in 1 2
+ disk_guard
+ local avail
++ df --output=avail -BG /datasets/nuscenes-full
++ tail -1
++ tr -dc 0-9
+ avail=121
+ '[' 121 -lt 20 ']'
++ date -u
+ echo 'I103_SLOT_START i102_s02_iter48_easy_medium_no_fire_scene_0013_easy_00_r2 scene-0013-easy-00 on a1 Tue Jul 14 04:48:20 UTC 2026'
I103_SLOT_START i102_s02_iter48_easy_medium_no_fire_scene_0013_easy_00_r2 scene-0013-easy-00 on a1 Tue Jul 14 04:48:20 UTC 2026
+ local t0
++ date -u +%s
+ t0=1784004500
+ docker rm -f hugsim_uniad_client
+ rm -rf /datasets/nuscenes-full/hugsim/outputs/nusc_uniad/scene-0013_easy_00
+ cd /opt/sentinel-stack/HUGSIM
+ SENTINEL_ENABLED=1
+ timeout 1200 pixi run python -u closed_loop.py --scenario_path /datasets/nuscenes-full/hugsim/extracted/scenarios/nuscenes/scene-0013-easy-00.yaml --base_path configs/sim/nuscenes_base.yaml --camera_path configs/sim/nuscenes_camera.yaml --kinematic_path configs/sim/kinematic.yaml --ad uniad --ad_cuda 0
/datasets/nuscenes-full/hugsim/outputs/nusc_uniad/scene-0013_easy_00/output.txt
/opt/sentinel-stack/UniAD_SIM/tools/e2e.sh 0 /datasets/nuscenes-full/hugsim/outputs/nusc_uniad/scene-0013_easy_00
Ready for simulation
ego pose [0.0, -5.551115123125783e-17, 0.0]
ego pose [0.0, -0.002826926030539508, 0.4375]
ego pose [0.007922966119508452, -0.006816270600999882, 0.9921276642322097]
ego pose [0.01575670282483807, -0.012847752864576628, 1.6557589593948578]
ego pose [0.003880575232124704, -0.01882839188076184, 2.4044853841898806]
ego pose [-0.049575919897611787, -0.02525975301921631, 3.209951289114707]
ego pose [-0.1583110077137098, -0.02790280488633028, 4.048477542098799]
ego pose [-0.3320668297435209, -0.0394938760521439, 4.926300211149517]
ego pose [-0.5496901893622941, -0.04868850905288594, 5.8280451363384795]
ego pose [-0.7980995014113126, -0.06308639166191575, 6.757679259784792]
ego pose [-1.0435705207025645, -0.07849483245096624, 7.716468743466122]
ego pose [-1.2600347442374171, -0.09673268267195877, 8.708740955795957]
ego pose [-1.4343213199478329, -0.10697232980811416, 9.711939965549963]
ego pose [-1.5965401869457856, -0.121287171452079, 10.714726930289084]
ego pose [-1.761629600496855, -0.1362733542852575, 11.727242020970625]
ego pose [-1.9380885157198344, -0.15239341842506055, 12.744656054810044]
Collision with background
MoviePy - Building video /datasets/nuscenes-full/hugsim/outputs/nusc_uniad/scene-0013_easy_00/video.mp4.
MoviePy - Writing video /datasets/nuscenes-full/hugsim/outputs/nusc_uniad/scene-0013_easy_00/video.mp4

frame_index:   0%|          | 0/16 [00:00<?, ?it/s, now=None]frame_index:  69%|██████▉   | 11/16 [00:00<00:00, 103.56it/s, now=None]                                                                       MoviePy - Done !
MoviePy - video ready /datasets/nuscenes-full/hugsim/outputs/nusc_uniad/scene-0013_easy_00/video.mp4
this pkl file contains 1 experiment records.
current exp has 16 frames
frame 0 / 16
comfortable: [True, True, True, True, True, True]
frame 1 / 16
comfortable: [True, True, True, True, True, True]
frame 2 / 16
comfortable: [True, True, True, True, True, True]
frame 3 / 16
comfortable: [True, True, True, True, True, True]
frame 4 / 16
comfortable: [True, True, True, True, True, True]
frame 5 / 16
comfortable: [True, True, True, True, True, True]
frame 6 / 16
comfortable: [True, True, True, True, True, True]
frame 7 / 16
comfortable: [True, True, True, True, True, True]
frame 8 / 16
comfortable: [True, True, True, True, True, True]
frame 9 / 16
comfortable: [True, True, True, True, True, True]
frame 10 / 16
comfortable: [True, True, True, True, True, True]
frame 11 / 16
comfortable: [True, True, True, True, True, True]
frame 12 / 16
comfortable: [True, True, True, True, True, True]
frame 13 / 16
comfortable: [True, True, True, True, True, True]
frame 14 / 16
comfortable: [True, True, True, True, True, True]
frame 15 / 16
comfortable: [True, True, True, True, True, True]
The score of experiment is (1.0, 0.16773162939297126, 0.16773162939297126, {'nc': 1.0, 'dac': 1.0, 'ttc': 1.0, 'c': 1.0, 'pdms': 1.0}, {0.25: {'nc': 1.0, 'dac': 1.0, 'ttc': 1.0, 'c': 1.0, 'pdms': 1.0}, 0.5: {'nc': 1.0, 'dac': 1.0, 'ttc': 1.0, 'c': 1.0, 'pdms': 1.0}, 0.75: {'nc': 1.0, 'dac': 1.0, 'ttc': 1.0, 'c': 1.0, 'pdms': 1.0}, 1.0: {'nc': 1.0, 'dac': 1.0, 'ttc': 1.0, 'c': 1.0, 'pdms': 1.0}, 1.25: {'nc': 1.0, 'dac': 1.0, 'ttc': 1.0, 'c': 1.0, 'pdms': 1.0}, 1.5: {'nc': 1.0, 'dac': 1.0, 'ttc': 1.0, 'c': 1.0, 'pdms': 1.0}, 1.75: {'nc': 1.0, 'dac': 1.0, 'ttc': 1.0, 'c': 1.0, 'pdms': 1.0}, 2.0: {'nc': 1.0, 'dac': 1.0, 'ttc': 1.0, 'c': 1.0, 'pdms': 1.0}, 2.25: {'nc': 1.0, 'dac': 1.0, 'ttc': 1.0, 'c': 1.0, 'pdms': 1.0}, 2.5: {'nc': 1.0, 'dac': 1.0, 'ttc': 1.0, 'c': 1.0, 'pdms': 1.0}, 2.75: {'nc': 1.0, 'dac': 1.0, 'ttc': 1.0, 'c': 1.0, 'pdms': 1.0}, 3.0: {'nc': 1.0, 'dac': 1.0, 'ttc': 1.0, 'c': 1.0, 'pdms': 1.0}, 3.25: {'nc': 1.0, 'dac': 1.0, 'ttc': 1.0, 'c': 1.0, 'pdms': 1.0}, 3.5: {'nc': 1.0, 'dac': 1.0, 'ttc': 1.0, 'c': 1.0, 'pdms': 1.0}, 3.75: {'nc': 1.0, 'dac': 1.0, 'ttc': 1.0, 'c': 1.0, 'pdms': 1.0}, 4.0: {'nc': 1.0, 'dac': 1.0, 'ttc': 1.0, 'c': 1.0, 'pdms': 1.0}}).
=============================Results=============================
'nc': 1.0
'dac': 1.0
'ttc': 1.0
'c': 1.0
'pdms': 1.0
'rc': 0.16773162939297126
'hdscore': 0.16773162939297126
The AD algorithm is still running, remaining tolerant 100.
The AD algorithm is still running, remaining tolerant 95.
The AD algorithm is still running, remaining tolerant 90.
The AD algorithm completed with return code 0.
+ rc=0
+ echo 'I103_SLOT_RC=0 i102_s02_iter48_easy_medium_no_fire_scene_0013_easy_00_r2 scene-0013-easy-00 on a1'
I103_SLOT_RC=0 i102_s02_iter48_easy_medium_no_fire_scene_0013_easy_00_r2 scene-0013-easy-00 on a1
+ docker rm -f hugsim_uniad_client
++ python3 -c '
import json, math
try:
    v = json.load(open('\''/datasets/nuscenes-full/hugsim/outputs/nusc_uniad/scene-0013_easy_00/eval.json'\'')).get('\''hdscore'\'')
    print(v if isinstance(v, (int, float)) and math.isfinite(v) else '\''INVALID'\'')
except Exception:
    print('\''MISSING'\'')
'
+ hd=0.16773162939297126
++ python3 -c '
import json
try:
    data = json.load(open('\''/datasets/nuscenes-full/hugsim/outputs/nusc_uniad/scene-0013_easy_00/eval.json'\''))
    print(1 if '\''collision_provenance'\'' in data else 0)
except Exception:
    print(0)
'
+ provenance=1
++ grep -c sent /datasets/nuscenes-full/hugsim/outputs/nusc_uniad/scene-0013_easy_00/output.txt
+ steps=16
+ '[' -n 16 ']'
++ grep -c 'SENTINEL_I48_UNION_PATCH_LOADED enabled=1' /datasets/nuscenes-full/hugsim/outputs/nusc_uniad/scene-0013_easy_00/output.txt
+ marker=1
+ '[' -n 1 ']'
+ decisions=0
+ '[' -s /datasets/nuscenes-full/hugsim/outputs/nusc_uniad/scene-0013_easy_00/sentinel_iter48_decisions.jsonl ']'
++ grep -c 'SENTINEL_I48_DECISION frame=' /datasets/nuscenes-full/hugsim/outputs/nusc_uniad/scene-0013_easy_00/output.txt
+ '[' 16 -gt 0 ']'
+ decisions=1
+ '[' 0 = 0 ']'
+ '[' 0.16773162939297126 '!=' MISSING ']'
+ '[' 0.16773162939297126 '!=' INVALID ']'
+ '[' 1 = 1 ']'
+ '[' 16 -gt 0 ']'
+ '[' 1 -gt 0 ']'
+ '[' 1 = 1 ']'
+ rm -rf /datasets/nuscenes-full/hugsim/iter103_runs/i102_s02_iter48_easy_medium_no_fire_scene_0013_easy_00_r2__scene-0013-easy-00__on
+ mkdir -p /datasets/nuscenes-full/hugsim/iter103_runs/i102_s02_iter48_easy_medium_no_fire_scene_0013_easy_00_r2__scene-0013-easy-00__on
+ find /datasets/nuscenes-full/hugsim/outputs/nusc_uniad/scene-0013_easy_00 -type p -delete
+ mv /datasets/nuscenes-full/hugsim/outputs/nusc_uniad/scene-0013_easy_00/data.pkl /datasets/nuscenes-full/hugsim/outputs/nusc_uniad/scene-0013_easy_00/eval.json /datasets/nuscenes-full/hugsim/outputs/nusc_uniad/scene-0013_easy_00/ground.ply /datasets/nuscenes-full/hugsim/outputs/nusc_uniad/scene-0013_easy_00/infos.pkl /datasets/nuscenes-full/hugsim/outputs/nusc_uniad/scene-0013_easy_00/output.txt /datasets/nuscenes-full/hugsim/outputs/nusc_uniad/scene-0013_easy_00/scene.ply /datasets/nuscenes-full/hugsim/outputs/nusc_uniad/scene-0013_easy_00/sentinel_iter48_decisions.jsonl /datasets/nuscenes-full/hugsim/outputs/nusc_uniad/scene-0013_easy_00/uniad /datasets/nuscenes-full/hugsim/outputs/nusc_uniad/scene-0013_easy_00/video.mp4 /datasets/nuscenes-full/hugsim/iter103_runs/i102_s02_iter48_easy_medium_no_fire_scene_0013_easy_00_r2__scene-0013-easy-00__on/
+ rmdir /datasets/nuscenes-full/hugsim/outputs/nusc_uniad/scene-0013_easy_00
++ date -u +%s
+ printf '{"slot_id":"%s","scenario":"%s","arm":"on","attempt":%s,"rc":%s,"hdscore":%s,"steps":%s,"start_epoch":%s,"end_epoch":%s}\n' i102_s02_iter48_easy_medium_no_fire_scene_0013_easy_00_r2 scene-0013-easy-00 1 0 0.16773162939297126 16 1784004500 1784004617
+ echo 'I103_SLOT_DONE i102_s02_iter48_easy_medium_no_fire_scene_0013_easy_00_r2 scene-0013-easy-00 on ok hd=0.16773162939297126 steps=16'
I103_SLOT_DONE i102_s02_iter48_easy_medium_no_fire_scene_0013_easy_00_r2 scene-0013-easy-00 on ok hd=0.16773162939297126 steps=16
+ return 0
+ IFS='	'
+ read -r slot_id scenario _scenario_sha
+ run_one i102_s03_iter48_easy_medium_unique_cpa_object_scene_0038_medium_01_r1 scene-0038-medium-01
+ local slot_id=i102_s03_iter48_easy_medium_unique_cpa_object_scene_0038_medium_01_r1 scenario=scene-0038-medium-01
+ local scene=scene-0038
+ local mode_dashed=medium-01
+ local mode=medium_01
+ local out_dir=/datasets/nuscenes-full/hugsim/outputs/nusc_uniad/scene-0038_medium_01
+ local dest=/datasets/nuscenes-full/hugsim/iter103_runs/i102_s03_iter48_easy_medium_unique_cpa_object_scene_0038_medium_01_r1__scene-0038-medium-01__on
+ '[' -f /datasets/nuscenes-full/hugsim/iter103_runs/i102_s03_iter48_easy_medium_unique_cpa_object_scene_0038_medium_01_r1__scene-0038-medium-01__on/episode_meta.json ']'
+ prep_scene scene-0038
+ local scene=scene-0038
+ '[' '!' -d /datasets/nuscenes-full/hugsim/extracted/scenes/nuscenes/scene-0038 ']'
+ local cfg=/datasets/nuscenes-full/hugsim/extracted/scenes/nuscenes/scene-0038/cfg.yaml
+ '[' '!' -f /datasets/nuscenes-full/hugsim/extracted/scenes/nuscenes/scene-0038/cfg.yaml ']'
+ '[' -f /datasets/nuscenes-full/hugsim/extracted/scenes/nuscenes/scene-0038/cfg.yaml.orig ']'
+ python3 - /datasets/nuscenes-full/hugsim/extracted/scenes/nuscenes/scene-0038/cfg.yaml /datasets/nuscenes-full/hugsim/extracted/scenes/nuscenes/scene-0038
+ local attempt rc steps hd marker decisions provenance
+ for attempt in 1 2
+ disk_guard
+ local avail
++ df --output=avail -BG /datasets/nuscenes-full
++ tail -1
++ tr -dc 0-9
+ avail=121
+ '[' 121 -lt 20 ']'
++ date -u
+ echo 'I103_SLOT_START i102_s03_iter48_easy_medium_unique_cpa_object_scene_0038_medium_01_r1 scene-0038-medium-01 on a1 Tue Jul 14 04:50:17 UTC 2026'
I103_SLOT_START i102_s03_iter48_easy_medium_unique_cpa_object_scene_0038_medium_01_r1 scene-0038-medium-01 on a1 Tue Jul 14 04:50:17 UTC 2026
+ local t0
++ date -u +%s
+ t0=1784004617
+ docker rm -f hugsim_uniad_client
+ rm -rf /datasets/nuscenes-full/hugsim/outputs/nusc_uniad/scene-0038_medium_01
+ cd /opt/sentinel-stack/HUGSIM
+ SENTINEL_ENABLED=1
+ timeout 1200 pixi run python -u closed_loop.py --scenario_path /datasets/nuscenes-full/hugsim/extracted/scenarios/nuscenes/scene-0038-medium-01.yaml --base_path configs/sim/nuscenes_base.yaml --camera_path configs/sim/nuscenes_camera.yaml --kinematic_path configs/sim/kinematic.yaml --ad uniad --ad_cuda 0
/datasets/nuscenes-full/hugsim/outputs/nusc_uniad/scene-0038_medium_01/output.txt
/opt/sentinel-stack/UniAD_SIM/tools/e2e.sh 0 /datasets/nuscenes-full/hugsim/outputs/nusc_uniad/scene-0038_medium_01
Loading data for matched scene tags: ['nusc_trainval-train-boston', 'nusc_trainval-train-singapore', 'nusc_trainval-train_val-boston', 'nusc_trainval-train_val-singapore', 'nusc_trainval-boston-val', 'nusc_trainval-singapore-val']
Getting Scenes from nusc_trainval:   0%|          | 0/6 [00:00<?, ?it/s]Getting Scenes from nusc_trainval: 100%|██████████| 6/6 [00:00<00:00, 746.94it/s]
Calculating Agent Data (Serially):   0%|          | 0/850 [00:00<?, ?it/s]Calculating Agent Data (Serially): 100%|██████████| 850/850 [00:00<00:00, 57929.55it/s]
850 scenes in the scene index.
Creating Agent Data Index (4 CPUs):   0%|          | 0/850 [00:00<?, ?it/s]Creating Agent Data Index (4 CPUs):  36%|███▌      | 305/850 [00:00<00:00, 3030.83it/s]Creating Agent Data Index (4 CPUs):  79%|███████▉  | 674/850 [00:00<00:00, 3401.51it/s]Creating Agent Data Index (4 CPUs): 100%|██████████| 850/850 [00:00<00:00, 3453.95it/s]
Structuring Agent Data Index:   0%|          | 0/850 [00:00<?, ?it/s]Structuring Agent Data Index: 100%|██████████| 850/850 [00:00<00:00, 13265.71it/s]
/opt/sentinel-stack/HUGSIM/.pixi/envs/default/lib/python3.11/site-packages/pandas/io/feather_format.py:123: FutureWarning: pyarrow.feather.read_feather is deprecated as of 24.0.0. Use pyarrow.ipc.open_file() / RecordBatchFileReader instead. Feather V2 is the Arrow IPC file format.
  return feather.read_feather(
path not found at  {'agent_0': tensor([-4.0000, 20.0000, -0.3000,  0.4700,  2.0000])}
Ready for simulation
ego pose [0.0, -3.2146299438905488e-34, 0.0]
ego pose [0.0, -0.012187308463684031, 0.4375]
ego pose [-0.010160760480682193, -0.001758717580641764, 1.06241740169918]
ego pose [-0.05276251917305405, 0.005894462260144146, 1.7970460401476167]
ego pose [-0.1499780870357009, -0.013336495949817232, 2.6014843489775816]
ego pose [-0.3147778305586866, -0.013465577327331892, 3.442951337785182]
ego pose [-0.5504790734217613, -0.014388058190346414, 4.285718524220868]
ego pose [-0.858905580481718, -0.01782709715152161, 5.102476621581962]
ego pose [-1.2194300982275825, -0.022624478251358236, 5.9201030445612375]
ego pose [-1.599232240757196, -0.034454450282410266, 6.73270605355574]
ego pose [-1.9746022278387918, -0.03908932780864952, 7.559958669591435]
ego pose [-2.310426614568322, -0.04963916615096732, 8.399126340527022]
ego pose [-2.59586247747181, -0.055545055797166704, 9.274759293565891]
ego pose [-2.821701696839155, -0.06269330366916316, 10.14679673536255]
ego pose [-3.0174984449465594, -0.06961396904588635, 11.002356047529274]
ego pose [-3.2177236166061984, -0.07501879569777545, 11.85807849965493]
ego pose [-3.4276527263188945, -0.07925845600354249, 12.713184407819492]
ego pose [-3.6579924442015104, -0.08309072713304443, 13.581620666361836]
ego pose [-3.9053436921674063, -0.09063171013383595, 14.457649042054134]
ego pose [-4.1653659751231675, -0.09502699860399887, 15.329387866361325]
ego pose [-4.430182180363047, -0.09970895040204517, 16.18019220593018]
ego pose [-4.709825292134645, -0.11195692497513207, 17.016516823558387]
ego pose [-5.010015446098837, -0.12120376878038434, 17.845733010411795]
ego pose [-5.304912204678655, -0.12551090284811042, 18.664575327771903]
ego pose [-5.594331028556939, -0.11730737620096329, 19.475757542486836]
ego pose [-5.871528035305835, -0.1112402895294579, 20.28609402446852]
ego pose [-6.135412144674981, -0.10978639756322882, 21.100114383832402]
ego pose [-6.372199825688645, -0.10164395501385824, 21.92526500147617]
ego pose [-6.576766466511761, -0.10537896154732465, 22.771852459782096]
ego pose [-6.7720341271779105, -0.11082077120858932, 23.618707585592954]
ego pose [-6.97956355209054, -0.11812530445164553, 24.436940853529006]
ego pose [-7.2279343672869025, -0.11402349154504199, 25.236256695927917]
ego pose [-7.527646838559644, -0.1141974472489473, 26.00977503364567]
ego pose [-7.890895797605962, -0.11315593609766031, 26.77252953970498]
ego pose [-8.334198813822525, -0.11224349814012184, 27.54203488024264]
ego pose [-8.726645861252617, -0.11035535159980558, 28.1223571557291]
ego pose [-9.034404458166598, -0.11224671373258492, 28.53286704555835]
ego pose [-9.246263654935255, -0.11220920417361688, 28.796223337174936]
ego pose [-9.389665208793309, -0.11238601699002074, 28.966545618418223]
ego pose [-9.658406547719311, -0.11122351230070537, 29.276388055655016]
ego pose [-10.041034579993049, -0.11130595627338286, 29.707334432251404]
ego pose [-10.483025171451875, -0.11034598619915613, 30.210263577359356]
ego pose [-10.956783032721955, -0.10837863496991154, 30.75380647443988]
ego pose [-11.456353241235961, -0.10341818116637355, 31.332431361377093]
ego pose [-11.981088087941616, -0.09938742142059095, 31.946052825401136]
ego pose [-12.517049115830376, -0.09548466638729154, 32.5776345111425]
ego pose [-13.04409073888578, -0.0841032221781366, 33.24008775660936]
ego pose [-13.53193831867525, -0.09118242506702944, 33.911328019250305]
ego pose [-13.881034803126681, -0.08936749817140231, 34.45046969330718]
ego pose [-14.113781557222852, -0.0891655587569047, 34.84119580899867]
ego pose [-14.260622078532528, -0.08910960449673373, 35.10280593043517]
ego pose [-14.354558653557943, -0.08913561888520899, 35.27699856138012]
ego pose [-14.41524136978766, -0.08938015688155976, 35.39258805075878]
ego pose [-14.45471069192297, -0.08934015349335735, 35.46912925187362]
ego pose [-14.480502433640766, -0.08938877840007699, 35.51974581903349]
ego pose [-14.59072560775234, -0.08977047826414902, 35.73777721398918]
ego pose [-14.778731726177107, -0.08897323977733623, 36.126509285238875]
ego pose [-14.892658480392607, -0.08805849414097656, 36.38612413580992]
ego pose [-14.963317898228777, -0.08754354796614112, 36.558330773006084]
ego pose [-15.007910914905661, -0.0872157280373907, 36.67210752794243]
ego pose [-15.036394723454661, -0.08706622941552006, 36.7470654843182]
ego pose [-15.129774325987704, -0.08643198533082685, 36.99793757420138]
ego pose [-15.280059346432745, -0.08596252450085123, 37.42760023415627]
ego pose [-15.467426382705678, -0.0857021848868182, 38.01527123856158]
ego pose [-15.580137516556784, -0.08496527398036434, 38.42952909079169]
ego pose [-15.64634257583264, -0.08440742991881352, 38.704398091525285]
ego pose [-15.686457631453282, -0.08402582228093908, 38.8862178554456]
ego pose [-15.711359446095479, -0.08376744785031123, 39.006270056830516]
ego pose [-15.771817543443378, -0.08307708486835827, 39.3104271904027]
ego pose [-15.85970568116972, -0.08722932028327432, 39.80021186828953]
ego pose [-15.963288333503018, -0.09277306728118818, 40.417393268690596]
ego pose [-16.089906252372476, -0.09067208821104789, 41.13223873880629]
ego pose [-16.258217723705005, -0.0784504467563669, 41.91081152943042]
ego pose [-16.480088090016018, -0.08780631774867059, 42.71170061666894]
ego pose [-16.744182225383543, -0.08150029542755495, 43.52770740702282]
ego pose [-17.02655593888163, -0.07930768774066783, 44.36551177849937]
ego pose [-17.347444800439746, -0.0748817964851551, 45.1914572910654]
ego pose [-17.68452574608243, -0.07817276519384875, 46.02799997354997]
ego pose [-18.01298085293148, -0.0745827672365959, 46.894541749941546]
ego pose [-18.24878488699138, -0.07444831242571018, 47.5951248648897]
ego pose [-18.411609812914325, -0.07512546987905942, 48.12225257513633]
ego pose [-18.513106245054924, -0.07563017041198429, 48.4727494114044]
ego pose [-18.57753548471051, -0.07595767546833611, 48.70532841916768]
ego pose [-18.618967176676737, -0.07604933869694773, 48.859472319800595]
ego pose [-18.64585090402746, -0.0762102469914384, 48.96155018415613]
ego pose [-18.719538516976947, -0.0765990347466216, 49.2451934435372]
ego pose [-18.834796751961672, -0.07710959367230605, 49.68913377833882]
ego pose [-18.97435544491303, -0.07708207366524678, 50.238276107100816]
ego pose [-19.139473950289812, -0.07726422619163928, 50.85865724572266]
ego pose [-19.33470846290756, -0.07726668177544432, 51.52174521356741]
ego pose [-19.48135041702903, -0.07430761533557405, 52.00366058201054]
ego pose [-19.580447681213812, -0.07212489609098982, 52.322068265411914]
ego pose [-19.64693229615723, -0.0706481055570901, 52.53259308669037]
ego pose [-19.6913324835583, -0.06961760587181566, 52.67185165552445]
ego pose [-19.79326724655971, -0.06809546427960428, 52.98956521617701]
ego pose [-19.944499599358466, -0.06822819046059003, 53.46170302916432]
ego pose [-20.12775332009611, -0.07038072704556164, 54.039758824322206]
ego pose [-20.252147506548646, -0.07160398671362049, 54.439771120638234]
ego pose [-20.333523182649216, -0.07168587941339301, 54.70493312620186]
ego pose [-20.386972466845616, -0.07166581354829257, 54.8806362020419]
ego pose [-20.422172807136178, -0.0716512591464267, 54.997028746627706]
ego pose [-20.511332331165804, -0.07140044167845566, 55.292989383977925]
ego pose [-20.652375989444533, -0.070544274516319, 55.766460759300486]
ego pose [-20.82391163684585, -0.07010068770684344, 56.34922852262644]
ego pose [-21.012635727667796, -0.06923880946006762, 57.010028729684755]
ego pose [-21.21636444014376, -0.06618446442201209, 57.72655208899216]
ego pose [-21.40397088655065, -0.06165509533436454, 58.467300334409046]
ego pose [-21.581328322687014, -0.07518948055711733, 59.22663388199656]
ego pose [-21.70887642156808, -0.07137562745590337, 59.80500801331493]
ego pose [-21.79258891261685, -0.06682886667144433, 60.20102812493884]
ego pose [-21.846465804215573, -0.06308277226137654, 60.46352153400222]
ego pose [-21.88145951267717, -0.059971903669380704, 60.637434231871545]
ego pose [-21.952332464797525, -0.05418572448129473, 60.99438699215883]
ego pose [-22.039181590155614, -0.05229080656498071, 61.44820833782911]
ego pose [-22.128889976531305, -0.04931144881509646, 61.9487008028448]
ego pose [-22.224726177919035, -0.04593973714816238, 62.480787300976665]
ego pose [-22.32968900546618, -0.04163876373171664, 63.03424038549812]
ego pose [-22.44691702439318, -0.038160738261157276, 63.606100994394225]
ego pose [-22.573873287666864, -0.037660386812978466, 64.19085324104809]
ego pose [-22.712536565357546, -0.03617729447337825, 64.80000006173523]
ego pose [-22.862566644415814, -0.03537125761184316, 65.44417809365694]
ego pose [-22.961235648660168, -0.03530571733404862, 65.90771139513488]
ego pose [-23.02244250803339, -0.03535095150971737, 66.21521171971817]
ego pose [-23.061159163781507, -0.035258120242512944, 66.41898458324174]
ego pose [-23.085996583740023, -0.03496785469781827, 66.55393849397235]
ego pose [-23.143557222301023, -0.03377952015593931, 66.87351657824232]
Collision with background
MoviePy - Building video /datasets/nuscenes-full/hugsim/outputs/nusc_uniad/scene-0038_medium_01/video.mp4.
MoviePy - Writing video /datasets/nuscenes-full/hugsim/outputs/nusc_uniad/scene-0038_medium_01/video.mp4

frame_index:   0%|          | 0/126 [00:00<?, ?it/s, now=None]frame_index:   7%|▋         | 9/126 [00:00<00:01, 82.36it/s, now=None]frame_index:  17%|█▋        | 22/126 [00:00<00:01, 103.90it/s, now=None]frame_index:  31%|███       | 39/126 [00:00<00:00, 128.73it/s, now=None]frame_index:  42%|████▏     | 53/126 [00:00<00:00, 128.09it/s, now=None]frame_index:  52%|█████▏    | 66/126 [00:00<00:00, 122.85it/s, now=None]frame_index:  63%|██████▎   | 79/126 [00:01<00:01, 45.45it/s, now=None] frame_index:  70%|██████▉   | 88/126 [00:01<00:01, 31.98it/s, now=None]frame_index:  75%|███████▌  | 95/126 [00:02<00:01, 16.53it/s, now=None]frame_index:  79%|███████▉  | 100/126 [00:03<00:01, 15.70it/s, now=None]frame_index:  83%|████████▎ | 104/126 [00:03<00:01, 12.27it/s, now=None]frame_index:  85%|████████▍ | 107/126 [00:04<00:01, 10.84it/s, now=None]frame_index:  88%|████████▊ | 111/126 [00:04<00:01, 12.33it/s, now=None]frame_index:  90%|█████████ | 114/126 [00:04<00:00, 13.68it/s, now=None]frame_index:  93%|█████████▎| 117/126 [00:04<00:00, 13.08it/s, now=None]frame_index:  94%|█████████▍| 119/126 [00:05<00:00,  9.34it/s, now=None]frame_index:  98%|█████████▊| 123/126 [00:05<00:00, 10.22it/s, now=None]                                                                        MoviePy - Done !
MoviePy - video ready /datasets/nuscenes-full/hugsim/outputs/nusc_uniad/scene-0038_medium_01/video.mp4
this pkl file contains 1 experiment records.
current exp has 126 frames
frame 0 / 126
comfortable: [True, True, True, True, True, True]
frame 1 / 126
comfortable: [True, True, True, True, True, True]
frame 2 / 126
comfortable: [True, True, True, True, True, True]
frame 3 / 126
comfortable: [True, True, True, True, True, True]
frame 4 / 126
comfortable: [True, True, True, True, True, True]
frame 5 / 126
comfortable: [True, True, True, True, True, True]
frame 6 / 126
comfortable: [True, True, True, True, True, True]
frame 7 / 126
comfortable: [True, True, True, True, True, True]
frame 8 / 126
comfortable: [True, True, True, True, True, True]
frame 9 / 126
comfortable: [True, True, True, True, True, True]
frame 10 / 126
comfortable: [True, True, True, True, True, True]
frame 11 / 126
comfortable: [True, True, True, True, True, True]
frame 12 / 126
comfortable: [True, True, True, True, True, True]
frame 13 / 126
comfortable: [True, True, True, True, True, True]
frame 14 / 126
comfortable: [True, True, True, True, True, True]
frame 15 / 126
comfortable: [True, True, True, True, False, True]
frame 16 / 126
comfortable: [True, True, True, False, False, True]
frame 17 / 126
comfortable: [True, True, True, False, False, True]
frame 18 / 126
comfortable: [True, True, True, True, True, True]
frame 19 / 126
comfortable: [True, True, True, True, True, True]
frame 20 / 126
comfortable: [True, True, True, True, True, True]
frame 21 / 126
comfortable: [True, True, True, True, True, True]
frame 22 / 126
comfortable: [True, True, True, True, True, True]
frame 23 / 126
comfortable: [True, True, True, True, True, True]
frame 24 / 126
comfortable: [True, True, True, True, True, True]
frame 25 / 126
comfortable: [True, True, True, True, True, True]
frame 26 / 126
comfortable: [True, True, True, True, True, True]
frame 27 / 126
comfortable: [True, True, True, True, True, True]
frame 28 / 126
comfortable: [True, True, True, True, True, True]
frame 29 / 126
comfortable: [True, True, True, True, True, True]
frame 30 / 126
collision with obstacle detected! @ timestep5
ego_poly: (36.268016910082636, 11.66956328115652, 0.32727406726897457, 1.7945964813232422, 3.9275957107543946), obs_poly: (39.16872787475586, 13.737061500549316, 0.4699999655829341, 1.7945964813232422, 3.9275957107543946)
 failed to pass ttc collision check, t=1
comfortable: [True, True, True, True, True, True]
frame 31 / 126
collision with obstacle detected! @ timestep5
ego_poly: (36.86433295745191, 12.707019694928588, 0.3854362701062028, 1.7945964813232422, 3.9275957107543946), obs_poly: (39.6145133972168, 13.963504791259766, 0.4699999655829341, 1.7945964813232422, 3.9275957107543946)
 failed to pass ttc collision check, t=1
comfortable: [True, True, True, True, True, True]
frame 32 / 126
collision with obstacle detected! @ timestep4
ego_poly: (35.87377194995023, 13.15565299260638, 0.49854674962137197, 1.7945964813232422, 3.9275957107543946), obs_poly: (39.16872787475586, 13.737061500549316, 0.4699999655829341, 1.7945964813232422, 3.9275957107543946)
 failed to pass ttc collision check, t=1
comfortable: [True, True, True, True, True, True]
frame 33 / 126
collision with obstacle detected! @ timestep5
ego_poly: (37.84613474868129, 14.73483334071498, 0.4835857969298041, 1.7945964813232422, 3.9275957107543946), obs_poly: (40.50608444213867, 14.416391372680664, 0.4699999655829341, 1.7945964813232422, 3.9275957107543946)
 failed to pass ttc collision check, t=0.5
comfortable: [True, True, True, True, True, True]
frame 34 / 126
comfortable: [True, True, True, True, True, True]
frame 35 / 126
comfortable: [True, True, True, True, True, True]
frame 36 / 126
comfortable: [True, True, True, True, True, True]
frame 37 / 126
comfortable: [True, True, True, True, True, True]
frame 38 / 126
comfortable: [True, True, True, True, True, True]
frame 39 / 126
comfortable: [True, True, True, True, False, True]
frame 40 / 126
comfortable: [True, True, True, True, False, True]
frame 41 / 126
comfortable: [True, True, True, True, True, True]
frame 42 / 126
comfortable: [True, True, True, True, True, True]
frame 43 / 126
comfortable: [True, True, True, True, True, True]
frame 44 / 126
comfortable: [True, True, True, True, True, True]
frame 45 / 126
comfortable: [True, True, True, True, True, True]
frame 46 / 126
comfortable: [True, True, True, True, True, True]
frame 47 / 126
comfortable: [True, True, True, True, True, True]
frame 48 / 126
comfortable: [True, True, True, True, True, True]
frame 49 / 126
comfortable: [True, True, True, True, True, True]
frame 50 / 126
comfortable: [True, True, True, True, True, True]
frame 51 / 126
comfortable: [True, True, True, True, True, True]
frame 52 / 126
comfortable: [True, True, True, True, True, True]
frame 53 / 126
comfortable: [True, True, True, True, True, True]
frame 54 / 126
comfortable: [True, True, True, True, False, False]
frame 55 / 126
collision with obstacle detected! @ timestep5
ego_poly: (46.93806998043035, 18.748063517950055, 0.6293939162915706, 1.7945964813232422, 3.9275957107543946), obs_poly: (50.3133659362793, 19.398128509521484, 0.4699999655829341, 1.7945964813232422, 3.9275957107543946)
 failed to pass ttc collision check, t=1
comfortable: [True, True, True, True, False, True]
frame 56 / 126
comfortable: [True, True, True, True, True, True]
frame 57 / 126
comfortable: [True, True, True, True, True, True]
frame 58 / 126
comfortable: [True, True, True, True, True, True]
frame 59 / 126
comfortable: [True, True, True, True, True, True]
frame 60 / 126
collision with obstacle detected! @ timestep4
ego_poly: (48.7341411035654, 18.339789629933694, 0.2818518258306721, 1.7945964813232422, 3.9275957107543946), obs_poly: (51.65072250366211, 20.077455520629883, 0.4699999655829341, 1.7945964813232422, 3.9275957107543946)
 failed to pass ttc collision check, t=1
comfortable: [True, True, True, True, True, True]
frame 61 / 126
collision with obstacle detected! @ timestep5
ego_poly: (51.0693705307868, 19.374548140820995, 0.30152037223941036, 1.7945964813232422, 3.9275957107543946), obs_poly: (52.98807907104492, 20.75678253173828, 0.4699999655829341, 1.7945964813232422, 3.9275957107543946)
 failed to pass ttc collision check, t=1
comfortable: [True, True, True, True, True, True]
frame 62 / 126
collision with obstacle detected! @ timestep5
ego_poly: (51.377053320555696, 18.955359919445126, 0.27103312919494904, 1.7945964813232422, 3.9275957107543946), obs_poly: (53.43386459350586, 20.983224868774414, 0.4699999655829341, 1.7945964813232422, 3.9275957107543946)
 failed to pass ttc collision check, t=1
comfortable: [True, True, True, True, True, True]
frame 63 / 126
comfortable: [True, True, True, True, True, True]
frame 64 / 126
comfortable: [True, True, True, True, True, True]
frame 65 / 126
comfortable: [True, True, True, True, True, True]
frame 66 / 126
comfortable: [True, True, True, True, True, True]
frame 67 / 126
comfortable: [True, True, True, True, False, True]
frame 68 / 126
comfortable: [True, True, True, True, True, True]
frame 69 / 126
comfortable: [True, True, True, True, True, True]
frame 70 / 126
comfortable: [True, True, True, True, True, True]
frame 71 / 126
comfortable: [True, True, True, True, True, True]
frame 72 / 126
comfortable: [True, True, True, True, False, True]
frame 73 / 126
comfortable: [True, True, True, True, True, True]
frame 74 / 126
comfortable: [True, True, True, True, True, True]
frame 75 / 126
collision with obstacle detected! @ timestep5
ego_poly: (56.39177592035019, 22.48831198131969, 0.44627006514200507, 1.7945964813232422, 3.9275957107543946), obs_poly: (59.22907638549805, 23.92697525024414, 0.4699999655829341, 1.7945964813232422, 3.9275957107543946)
 failed to pass ttc collision check, t=1
comfortable: [True, True, True, True, True, True]
frame 76 / 126
collision with obstacle detected! @ timestep4
ego_poly: (56.17302867650081, 21.11519917992372, 0.38648565916708816, 1.7945964813232422, 3.9275957107543946), obs_poly: (58.78329086303711, 23.700532913208008, 0.4699999655829341, 1.7945964813232422, 3.9275957107543946)
 failed to pass ttc collision check, t=1
comfortable: [True, True, True, True, True, True]
frame 77 / 126
collision with obstacle detected! @ timestep5
ego_poly: (57.493842767405724, 21.70931259302875, 0.32079300648264925, 1.7945964813232422, 3.9275957107543946), obs_poly: (60.12064743041992, 24.379859924316406, 0.4699999655829341, 1.7945964813232422, 3.9275957107543946)
 failed to pass ttc collision check, t=0.5
comfortable: [True, True, True, True, True, True]
frame 78 / 126
comfortable: [True, True, True, True, True, True]
frame 79 / 126
comfortable: [True, True, True, True, True, True]
frame 80 / 126
comfortable: [True, True, True, True, True, True]
frame 81 / 126
comfortable: [True, True, True, True, True, True]
frame 82 / 126
comfortable: [True, True, True, True, True, True]
frame 83 / 126
comfortable: [True, True, True, True, True, True]
frame 84 / 126
comfortable: [True, True, True, True, True, True]
frame 85 / 126
comfortable: [True, True, True, True, True, True]
frame 86 / 126
comfortable: [True, True, True, True, True, True]
frame 87 / 126
comfortable: [True, True, True, True, True, True]
frame 88 / 126
comfortable: [True, True, True, True, True, True]
frame 89 / 126
comfortable: [True, True, True, True, True, True]
frame 90 / 126
comfortable: [True, True, True, True, True, True]
frame 91 / 126
comfortable: [True, True, True, True, True, True]
frame 92 / 126
comfortable: [True, True, True, True, True, True]
frame 93 / 126
comfortable: [True, True, True, True, True, True]
frame 94 / 126
comfortable: [True, True, True, True, True, True]
frame 95 / 126
comfortable: [True, True, True, True, True, True]
frame 96 / 126
comfortable: [True, True, True, True, True, True]
frame 97 / 126
comfortable: [True, True, True, True, True, True]
frame 98 / 126
comfortable: [True, True, True, True, True, True]
frame 99 / 126
comfortable: [True, True, True, True, True, True]
frame 100 / 126
comfortable: [True, True, True, True, True, True]
frame 101 / 126
comfortable: [True, True, True, True, True, True]
frame 102 / 126
comfortable: [True, True, True, True, False, True]
frame 103 / 126
comfortable: [True, True, True, True, True, True]
frame 104 / 126
comfortable: [True, True, True, True, True, True]
frame 105 / 126
comfortable: [True, True, True, True, True, True]
frame 106 / 126
comfortable: [True, True, True, True, True, True]
frame 107 / 126
comfortable: [True, True, True, True, True, True]
frame 108 / 126
comfortable: [True, True, True, True, True, True]
frame 109 / 126
comfortable: [True, True, True, True, True, True]
frame 110 / 126
comfortable: [True, True, True, True, True, True]
frame 111 / 126
comfortable: [True, True, True, True, False, True]
frame 112 / 126
comfortable: [True, True, True, True, False, True]
frame 113 / 126
comfortable: [True, True, True, True, False, True]
frame 114 / 126
comfortable: [True, True, True, True, False, True]
frame 115 / 126
comfortable: [True, True, True, True, False, True]
frame 116 / 126
collision with background detected! @ timestep3
 failed to pass ttc collision check, t=1
comfortable: [True, True, True, True, False, True]
frame 117 / 126
collision with background detected! @ timestep2
 failed to pass ttc collision check, t=1
comfortable: [True, True, True, True, True, True]
frame 118 / 126
collision with background detected! @ timestep3
 failed to pass ttc collision check, t=0.5
comfortable: [True, True, True, True, True, True]
frame 119 / 126
collision with background detected! @ timestep3
collision with background detected! @ timestep2
 failed to pass ttc collision check, t=0.5
comfortable: [True, True, True, True, True, True]
frame 120 / 126
comfortable: [True, True, True, True, True, True]
frame 121 / 126
comfortable: [True, True, True, True, True, True]
frame 122 / 126
comfortable: [True, True, True, True, True, True]
frame 123 / 126
comfortable: [True, True, True, True, True, True]
frame 124 / 126
comfortable: [True, True, True, True, False, True]
frame 125 / 126
comfortable: [True, True, True, True, False, True]
The score of experiment is (0.8718820861678003, 0.6058539357772095, 0.5282331934384059, {'nc': 0.9920634920634921, 'dac': 1.0, 'ttc': 0.8809523809523809, 'c': 0.8571428571428571, 'pdms': 0.8718820861678003}, {0.25: {'nc': 1.0, 'dac': 1.0, 'ttc': 1.0, 'c': 1.0, 'pdms': 1.0}, 0.5: {'nc': 1.0, 'dac': 1.0, 'ttc': 1.0, 'c': 1.0, 'pdms': 1.0}, 0.75: {'nc': 1.0, 'dac': 1.0, 'ttc': 1.0, 'c': 1.0, 'pdms': 1.0}, 1.0: {'nc': 1.0, 'dac': 1.0, 'ttc': 1.0, 'c': 1.0, 'pdms': 1.0}, 1.25: {'nc': 1.0, 'dac': 1.0, 'ttc': 1.0, 'c': 1.0, 'pdms': 1.0}, 1.5: {'nc': 1.0, 'dac': 1.0, 'ttc': 1.0, 'c': 1.0, 'pdms': 1.0}, 1.75: {'nc': 1.0, 'dac': 1.0, 'ttc': 1.0, 'c': 1.0, 'pdms': 1.0}, 2.0: {'nc': 1.0, 'dac': 1.0, 'ttc': 1.0, 'c': 1.0, 'pdms': 1.0}, 2.25: {'nc': 1.0, 'dac': 1.0, 'ttc': 1.0, 'c': 1.0, 'pdms': 1.0}, 2.5: {'nc': 1.0, 'dac': 1.0, 'ttc': 1.0, 'c': 1.0, 'pdms': 1.0}, 2.75: {'nc': 1.0, 'dac': 1.0, 'ttc': 1.0, 'c': 1.0, 'pdms': 1.0}, 3.0: {'nc': 1.0, 'dac': 1.0, 'ttc': 1.0, 'c': 1.0, 'pdms': 1.0}, 3.25: {'nc': 1.0, 'dac': 1.0, 'ttc': 1.0, 'c': 1.0, 'pdms': 1.0}, 3.5: {'nc': 1.0, 'dac': 1.0, 'ttc': 1.0, 'c': 1.0, 'pdms': 1.0}, 3.75: {'nc': 1.0, 'dac': 1.0, 'ttc': 1.0, 'c': 1.0, 'pdms': 1.0}, 4.0: {'nc': 1.0, 'dac': 1.0, 'ttc': 1.0, 'c': 0.0, 'pdms': 0.7142857142857143}, 4.25: {'nc': 1.0, 'dac': 1.0, 'ttc': 1.0, 'c': 0.0, 'pdms': 0.7142857142857143}, 4.5: {'nc': 1.0, 'dac': 1.0, 'ttc': 1.0, 'c': 0.0, 'pdms': 0.7142857142857143}, 4.75: {'nc': 1.0, 'dac': 1.0, 'ttc': 1.0, 'c': 1.0, 'pdms': 1.0}, 5.0: {'nc': 1.0, 'dac': 1.0, 'ttc': 1.0, 'c': 1.0, 'pdms': 1.0}, 5.25: {'nc': 1.0, 'dac': 1.0, 'ttc': 1.0, 'c': 1.0, 'pdms': 1.0}, 5.5: {'nc': 1.0, 'dac': 1.0, 'ttc': 1.0, 'c': 1.0, 'pdms': 1.0}, 5.75: {'nc': 1.0, 'dac': 1.0, 'ttc': 1.0, 'c': 1.0, 'pdms': 1.0}, 6.0: {'nc': 1.0, 'dac': 1.0, 'ttc': 1.0, 'c': 1.0, 'pdms': 1.0}, 6.25: {'nc': 1.0, 'dac': 1.0, 'ttc': 1.0, 'c': 1.0, 'pdms': 1.0}, 6.5: {'nc': 1.0, 'dac': 1.0, 'ttc': 1.0, 'c': 1.0, 'pdms': 1.0}, 6.75: {'nc': 1.0, 'dac': 1.0, 'ttc': 1.0, 'c': 1.0, 'pdms': 1.0}, 7.0: {'nc': 1.0, 'dac': 1.0, 'ttc': 1.0, 'c': 1.0, 'pdms': 1.0}, 7.25: {'nc': 1.0, 'dac': 1.0, 'ttc': 1.0, 'c': 1.0, 'pdms': 1.0}, 7.5: {'nc': 1.0, 'dac': 1.0, 'ttc': 1.0, 'c': 1.0, 'pdms': 1.0}, 7.75: {'nc': 1.0, 'dac': 1.0, 'ttc': 0.0, 'c': 1.0, 'pdms': 0.2857142857142857}, 8.0: {'nc': 1.0, 'dac': 1.0, 'ttc': 0.0, 'c': 1.0, 'pdms': 0.2857142857142857}, 8.25: {'nc': 1.0, 'dac': 1.0, 'ttc': 0.0, 'c': 1.0, 'pdms': 0.2857142857142857}, 8.5: {'nc': 1.0, 'dac': 1.0, 'ttc': 0.0, 'c': 1.0, 'pdms': 0.2857142857142857}, 8.75: {'nc': 1.0, 'dac': 1.0, 'ttc': 1.0, 'c': 1.0, 'pdms': 1.0}, 9.0: {'nc': 1.0, 'dac': 1.0, 'ttc': 1.0, 'c': 1.0, 'pdms': 1.0}, 9.25: {'nc': 1.0, 'dac': 1.0, 'ttc': 1.0, 'c': 1.0, 'pdms': 1.0}, 9.5: {'nc': 1.0, 'dac': 1.0, 'ttc': 1.0, 'c': 1.0, 'pdms': 1.0}, 9.75: {'nc': 1.0, 'dac': 1.0, 'ttc': 1.0, 'c': 1.0, 'pdms': 1.0}, 10.0: {'nc': 1.0, 'dac': 1.0, 'ttc': 1.0, 'c': 0.0, 'pdms': 0.7142857142857143}, 10.25: {'nc': 1.0, 'dac': 1.0, 'ttc': 1.0, 'c': 0.0, 'pdms': 0.7142857142857143}, 10.5: {'nc': 1.0, 'dac': 1.0, 'ttc': 1.0, 'c': 1.0, 'pdms': 1.0}, 10.75: {'nc': 1.0, 'dac': 1.0, 'ttc': 1.0, 'c': 1.0, 'pdms': 1.0}, 11.0: {'nc': 1.0, 'dac': 1.0, 'ttc': 1.0, 'c': 1.0, 'pdms': 1.0}, 11.25: {'nc': 1.0, 'dac': 1.0, 'ttc': 1.0, 'c': 1.0, 'pdms': 1.0}, 11.5: {'nc': 1.0, 'dac': 1.0, 'ttc': 1.0, 'c': 1.0, 'pdms': 1.0}, 11.75: {'nc': 1.0, 'dac': 1.0, 'ttc': 1.0, 'c': 1.0, 'pdms': 1.0}, 12.0: {'nc': 1.0, 'dac': 1.0, 'ttc': 1.0, 'c': 1.0, 'pdms': 1.0}, 12.25: {'nc': 1.0, 'dac': 1.0, 'ttc': 1.0, 'c': 1.0, 'pdms': 1.0}, 12.5: {'nc': 1.0, 'dac': 1.0, 'ttc': 1.0, 'c': 1.0, 'pdms': 1.0}, 12.75: {'nc': 1.0, 'dac': 1.0, 'ttc': 1.0, 'c': 1.0, 'pdms': 1.0}, 13.0: {'nc': 1.0, 'dac': 1.0, 'ttc': 1.0, 'c': 1.0, 'pdms': 1.0}, 13.25: {'nc': 1.0, 'dac': 1.0, 'ttc': 1.0, 'c': 1.0, 'pdms': 1.0}, 13.5: {'nc': 1.0, 'dac': 1.0, 'ttc': 1.0, 'c': 1.0, 'pdms': 1.0}, 13.75: {'nc': 1.0, 'dac': 1.0, 'ttc': 1.0, 'c': 0.0, 'pdms': 0.7142857142857143}, 14.0: {'nc': 1.0, 'dac': 1.0, 'ttc': 0.0, 'c': 0.0, 'pdms': 0.0}, 14.25: {'nc': 1.0, 'dac': 1.0, 'ttc': 1.0, 'c': 1.0, 'pdms': 1.0}, 14.5: {'nc': 1.0, 'dac': 1.0, 'ttc': 1.0, 'c': 1.0, 'pdms': 1.0}, 14.75: {'nc': 1.0, 'dac': 1.0, 'ttc': 1.0, 'c': 1.0, 'pdms': 1.0}, 15.0: {'nc': 1.0, 'dac': 1.0, 'ttc': 1.0, 'c': 1.0, 'pdms': 1.0}, 15.25: {'nc': 1.0, 'dac': 1.0, 'ttc': 0.0, 'c': 1.0, 'pdms': 0.2857142857142857}, 15.5: {'nc': 1.0, 'dac': 1.0, 'ttc': 0.0, 'c': 1.0, 'pdms': 0.2857142857142857}, 15.75: {'nc': 1.0, 'dac': 1.0, 'ttc': 0.0, 'c': 1.0, 'pdms': 0.2857142857142857}, 16.0: {'nc': 1.0, 'dac': 1.0, 'ttc': 1.0, 'c': 1.0, 'pdms': 1.0}, 16.25: {'nc': 1.0, 'dac': 1.0, 'ttc': 1.0, 'c': 1.0, 'pdms': 1.0}, 16.5: {'nc': 1.0, 'dac': 1.0, 'ttc': 1.0, 'c': 1.0, 'pdms': 1.0}, 16.75: {'nc': 1.0, 'dac': 1.0, 'ttc': 1.0, 'c': 1.0, 'pdms': 1.0}, 17.0: {'nc': 1.0, 'dac': 1.0, 'ttc': 1.0, 'c': 0.0, 'pdms': 0.7142857142857143}, 17.25: {'nc': 1.0, 'dac': 1.0, 'ttc': 1.0, 'c': 1.0, 'pdms': 1.0}, 17.5: {'nc': 1.0, 'dac': 1.0, 'ttc': 1.0, 'c': 1.0, 'pdms': 1.0}, 17.75: {'nc': 1.0, 'dac': 1.0, 'ttc': 1.0, 'c': 1.0, 'pdms': 1.0}, 18.0: {'nc': 1.0, 'dac': 1.0, 'ttc': 1.0, 'c': 1.0, 'pdms': 1.0}, 18.25: {'nc': 1.0, 'dac': 1.0, 'ttc': 1.0, 'c': 0.0, 'pdms': 0.7142857142857143}, 18.5: {'nc': 1.0, 'dac': 1.0, 'ttc': 1.0, 'c': 1.0, 'pdms': 1.0}, 18.75: {'nc': 1.0, 'dac': 1.0, 'ttc': 1.0, 'c': 1.0, 'pdms': 1.0}, 19.0: {'nc': 1.0, 'dac': 1.0, 'ttc': 0.0, 'c': 1.0, 'pdms': 0.2857142857142857}, 19.25: {'nc': 1.0, 'dac': 1.0, 'ttc': 0.0, 'c': 1.0, 'pdms': 0.2857142857142857}, 19.5: {'nc': 1.0, 'dac': 1.0, 'ttc': 0.0, 'c': 1.0, 'pdms': 0.2857142857142857}, 19.75: {'nc': 1.0, 'dac': 1.0, 'ttc': 1.0, 'c': 1.0, 'pdms': 1.0}, 20.0: {'nc': 1.0, 'dac': 1.0, 'ttc': 1.0, 'c': 1.0, 'pdms': 1.0}, 20.25: {'nc': 1.0, 'dac': 1.0, 'ttc': 1.0, 'c': 1.0, 'pdms': 1.0}, 20.5: {'nc': 1.0, 'dac': 1.0, 'ttc': 1.0, 'c': 1.0, 'pdms': 1.0}, 20.75: {'nc': 1.0, 'dac': 1.0, 'ttc': 1.0, 'c': 1.0, 'pdms': 1.0}, 21.0: {'nc': 1.0, 'dac': 1.0, 'ttc': 1.0, 'c': 1.0, 'pdms': 1.0}, 21.25: {'nc': 1.0, 'dac': 1.0, 'ttc': 1.0, 'c': 1.0, 'pdms': 1.0}, 21.5: {'nc': 1.0, 'dac': 1.0, 'ttc': 1.0, 'c': 1.0, 'pdms': 1.0}, 21.75: {'nc': 1.0, 'dac': 1.0, 'ttc': 1.0, 'c': 1.0, 'pdms': 1.0}, 22.0: {'nc': 1.0, 'dac': 1.0, 'ttc': 1.0, 'c': 1.0, 'pdms': 1.0}, 22.25: {'nc': 1.0, 'dac': 1.0, 'ttc': 1.0, 'c': 1.0, 'pdms': 1.0}, 22.5: {'nc': 1.0, 'dac': 1.0, 'ttc': 1.0, 'c': 1.0, 'pdms': 1.0}, 22.75: {'nc': 1.0, 'dac': 1.0, 'ttc': 1.0, 'c': 1.0, 'pdms': 1.0}, 23.0: {'nc': 1.0, 'dac': 1.0, 'ttc': 1.0, 'c': 1.0, 'pdms': 1.0}, 23.25: {'nc': 1.0, 'dac': 1.0, 'ttc': 1.0, 'c': 1.0, 'pdms': 1.0}, 23.5: {'nc': 1.0, 'dac': 1.0, 'ttc': 1.0, 'c': 1.0, 'pdms': 1.0}, 23.75: {'nc': 1.0, 'dac': 1.0, 'ttc': 1.0, 'c': 1.0, 'pdms': 1.0}, 24.0: {'nc': 1.0, 'dac': 1.0, 'ttc': 1.0, 'c': 1.0, 'pdms': 1.0}, 24.25: {'nc': 1.0, 'dac': 1.0, 'ttc': 1.0, 'c': 1.0, 'pdms': 1.0}, 24.5: {'nc': 1.0, 'dac': 1.0, 'ttc': 1.0, 'c': 1.0, 'pdms': 1.0}, 24.75: {'nc': 1.0, 'dac': 1.0, 'ttc': 1.0, 'c': 1.0, 'pdms': 1.0}, 25.0: {'nc': 1.0, 'dac': 1.0, 'ttc': 1.0, 'c': 1.0, 'pdms': 1.0}, 25.25: {'nc': 1.0, 'dac': 1.0, 'ttc': 1.0, 'c': 1.0, 'pdms': 1.0}, 25.5: {'nc': 1.0, 'dac': 1.0, 'ttc': 1.0, 'c': 1.0, 'pdms': 1.0}, 25.75: {'nc': 1.0, 'dac': 1.0, 'ttc': 1.0, 'c': 0.0, 'pdms': 0.7142857142857143}, 26.0: {'nc': 1.0, 'dac': 1.0, 'ttc': 1.0, 'c': 1.0, 'pdms': 1.0}, 26.25: {'nc': 1.0, 'dac': 1.0, 'ttc': 1.0, 'c': 1.0, 'pdms': 1.0}, 26.5: {'nc': 1.0, 'dac': 1.0, 'ttc': 1.0, 'c': 1.0, 'pdms': 1.0}, 26.75: {'nc': 1.0, 'dac': 1.0, 'ttc': 1.0, 'c': 1.0, 'pdms': 1.0}, 27.0: {'nc': 1.0, 'dac': 1.0, 'ttc': 1.0, 'c': 1.0, 'pdms': 1.0}, 27.25: {'nc': 1.0, 'dac': 1.0, 'ttc': 1.0, 'c': 1.0, 'pdms': 1.0}, 27.5: {'nc': 1.0, 'dac': 1.0, 'ttc': 1.0, 'c': 1.0, 'pdms': 1.0}, 27.75: {'nc': 1.0, 'dac': 1.0, 'ttc': 1.0, 'c': 1.0, 'pdms': 1.0}, 28.0: {'nc': 1.0, 'dac': 1.0, 'ttc': 1.0, 'c': 0.0, 'pdms': 0.7142857142857143}, 28.25: {'nc': 1.0, 'dac': 1.0, 'ttc': 1.0, 'c': 0.0, 'pdms': 0.7142857142857143}, 28.5: {'nc': 1.0, 'dac': 1.0, 'ttc': 1.0, 'c': 0.0, 'pdms': 0.7142857142857143}, 28.75: {'nc': 1.0, 'dac': 1.0, 'ttc': 1.0, 'c': 0.0, 'pdms': 0.7142857142857143}, 29.0: {'nc': 1.0, 'dac': 1.0, 'ttc': 1.0, 'c': 0.0, 'pdms': 0.7142857142857143}, 29.25: {'nc': 1.0, 'dac': 1.0, 'ttc': 0.0, 'c': 0.0, 'pdms': 0.0}, 29.5: {'nc': 1.0, 'dac': 1.0, 'ttc': 0.0, 'c': 1.0, 'pdms': 0.2857142857142857}, 29.75: {'nc': 1.0, 'dac': 1.0, 'ttc': 0.0, 'c': 1.0, 'pdms': 0.2857142857142857}, 30.0: {'nc': 0.0, 'dac': 1.0, 'ttc': 0.0, 'c': 1.0, 'pdms': 0.0}, 30.25: {'nc': 1.0, 'dac': 1.0, 'ttc': 1.0, 'c': 1.0, 'pdms': 1.0}, 30.5: {'nc': 1.0, 'dac': 1.0, 'ttc': 1.0, 'c': 1.0, 'pdms': 1.0}, 30.75: {'nc': 1.0, 'dac': 1.0, 'ttc': 1.0, 'c': 1.0, 'pdms': 1.0}, 31.0: {'nc': 1.0, 'dac': 1.0, 'ttc': 1.0, 'c': 1.0, 'pdms': 1.0}, 31.25: {'nc': 1.0, 'dac': 1.0, 'ttc': 1.0, 'c': 0.0, 'pdms': 0.7142857142857143}, 31.5: {'nc': 1.0, 'dac': 1.0, 'ttc': 1.0, 'c': 0.0, 'pdms': 0.7142857142857143}}).
=============================Results=============================
'nc': 0.9920634920634921
'dac': 1.0
'ttc': 0.8809523809523809
'c': 0.8571428571428571
'pdms': 0.8718820861678003
'rc': 0.6058539357772095
'hdscore': 0.5282331934384059
The AD algorithm is still running, remaining tolerant 100.
The AD algorithm is still running, remaining tolerant 95.
The AD algorithm is still running, remaining tolerant 90.
The AD algorithm is still running, remaining tolerant 85.
The AD algorithm is still running, remaining tolerant 80.
The AD algorithm is still running, remaining tolerant 75.
The AD algorithm is still running, remaining tolerant 70.
The AD algorithm is still running, remaining tolerant 65.
The AD algorithm is still running, remaining tolerant 60.
The AD algorithm completed with return code 0.
+ rc=0
+ echo 'I103_SLOT_RC=0 i102_s03_iter48_easy_medium_unique_cpa_object_scene_0038_medium_01_r1 scene-0038-medium-01 on a1'
I103_SLOT_RC=0 i102_s03_iter48_easy_medium_unique_cpa_object_scene_0038_medium_01_r1 scene-0038-medium-01 on a1
+ docker rm -f hugsim_uniad_client
++ python3 -c '
import json, math
try:
    v = json.load(open('\''/datasets/nuscenes-full/hugsim/outputs/nusc_uniad/scene-0038_medium_01/eval.json'\'')).get('\''hdscore'\'')
    print(v if isinstance(v, (int, float)) and math.isfinite(v) else '\''INVALID'\'')
except Exception:
    print('\''MISSING'\'')
'
+ hd=0.5282331934384059
++ python3 -c '
import json
try:
    data = json.load(open('\''/datasets/nuscenes-full/hugsim/outputs/nusc_uniad/scene-0038_medium_01/eval.json'\''))
    print(1 if '\''collision_provenance'\'' in data else 0)
except Exception:
    print(0)
'
+ provenance=1
++ grep -c sent /datasets/nuscenes-full/hugsim/outputs/nusc_uniad/scene-0038_medium_01/output.txt
+ steps=126
+ '[' -n 126 ']'
++ grep -c 'SENTINEL_I48_UNION_PATCH_LOADED enabled=1' /datasets/nuscenes-full/hugsim/outputs/nusc_uniad/scene-0038_medium_01/output.txt
+ marker=1
+ '[' -n 1 ']'
+ decisions=0
+ '[' -s /datasets/nuscenes-full/hugsim/outputs/nusc_uniad/scene-0038_medium_01/sentinel_iter48_decisions.jsonl ']'
++ grep -c 'SENTINEL_I48_DECISION frame=' /datasets/nuscenes-full/hugsim/outputs/nusc_uniad/scene-0038_medium_01/output.txt
+ '[' 126 -gt 0 ']'
+ decisions=1
+ '[' 0 = 0 ']'
+ '[' 0.5282331934384059 '!=' MISSING ']'
+ '[' 0.5282331934384059 '!=' INVALID ']'
+ '[' 1 = 1 ']'
+ '[' 126 -gt 0 ']'
+ '[' 1 -gt 0 ']'
+ '[' 1 = 1 ']'
+ rm -rf /datasets/nuscenes-full/hugsim/iter103_runs/i102_s03_iter48_easy_medium_unique_cpa_object_scene_0038_medium_01_r1__scene-0038-medium-01__on
+ mkdir -p /datasets/nuscenes-full/hugsim/iter103_runs/i102_s03_iter48_easy_medium_unique_cpa_object_scene_0038_medium_01_r1__scene-0038-medium-01__on
+ find /datasets/nuscenes-full/hugsim/outputs/nusc_uniad/scene-0038_medium_01 -type p -delete
+ mv /datasets/nuscenes-full/hugsim/outputs/nusc_uniad/scene-0038_medium_01/data.pkl /datasets/nuscenes-full/hugsim/outputs/nusc_uniad/scene-0038_medium_01/eval.json /datasets/nuscenes-full/hugsim/outputs/nusc_uniad/scene-0038_medium_01/ground.ply /datasets/nuscenes-full/hugsim/outputs/nusc_uniad/scene-0038_medium_01/infos.pkl /datasets/nuscenes-full/hugsim/outputs/nusc_uniad/scene-0038_medium_01/output.txt /datasets/nuscenes-full/hugsim/outputs/nusc_uniad/scene-0038_medium_01/scene.ply /datasets/nuscenes-full/hugsim/outputs/nusc_uniad/scene-0038_medium_01/sentinel_iter48_decisions.jsonl /datasets/nuscenes-full/hugsim/outputs/nusc_uniad/scene-0038_medium_01/uniad /datasets/nuscenes-full/hugsim/outputs/nusc_uniad/scene-0038_medium_01/video.mp4 /datasets/nuscenes-full/hugsim/iter103_runs/i102_s03_iter48_easy_medium_unique_cpa_object_scene_0038_medium_01_r1__scene-0038-medium-01__on/
+ rmdir /datasets/nuscenes-full/hugsim/outputs/nusc_uniad/scene-0038_medium_01
++ date -u +%s
+ printf '{"slot_id":"%s","scenario":"%s","arm":"on","attempt":%s,"rc":%s,"hdscore":%s,"steps":%s,"start_epoch":%s,"end_epoch":%s}\n' i102_s03_iter48_easy_medium_unique_cpa_object_scene_0038_medium_01_r1 scene-0038-medium-01 1 0 0.5282331934384059 126 1784004617 1784005054
+ echo 'I103_SLOT_DONE i102_s03_iter48_easy_medium_unique_cpa_object_scene_0038_medium_01_r1 scene-0038-medium-01 on ok hd=0.5282331934384059 steps=126'
I103_SLOT_DONE i102_s03_iter48_easy_medium_unique_cpa_object_scene_0038_medium_01_r1 scene-0038-medium-01 on ok hd=0.5282331934384059 steps=126
+ return 0
+ IFS='	'
+ read -r slot_id scenario _scenario_sha
+ run_one i102_s04_iter48_easy_medium_unique_cpa_object_scene_0062_medium_00_r2 scene-0062-medium-00
+ local slot_id=i102_s04_iter48_easy_medium_unique_cpa_object_scene_0062_medium_00_r2 scenario=scene-0062-medium-00
+ local scene=scene-0062
+ local mode_dashed=medium-00
+ local mode=medium_00
+ local out_dir=/datasets/nuscenes-full/hugsim/outputs/nusc_uniad/scene-0062_medium_00
+ local dest=/datasets/nuscenes-full/hugsim/iter103_runs/i102_s04_iter48_easy_medium_unique_cpa_object_scene_0062_medium_00_r2__scene-0062-medium-00__on
+ '[' -f /datasets/nuscenes-full/hugsim/iter103_runs/i102_s04_iter48_easy_medium_unique_cpa_object_scene_0062_medium_00_r2__scene-0062-medium-00__on/episode_meta.json ']'
+ prep_scene scene-0062
+ local scene=scene-0062
+ '[' '!' -d /datasets/nuscenes-full/hugsim/extracted/scenes/nuscenes/scene-0062 ']'
+ local cfg=/datasets/nuscenes-full/hugsim/extracted/scenes/nuscenes/scene-0062/cfg.yaml
+ '[' '!' -f /datasets/nuscenes-full/hugsim/extracted/scenes/nuscenes/scene-0062/cfg.yaml ']'
+ '[' -f /datasets/nuscenes-full/hugsim/extracted/scenes/nuscenes/scene-0062/cfg.yaml.orig ']'
+ python3 - /datasets/nuscenes-full/hugsim/extracted/scenes/nuscenes/scene-0062/cfg.yaml /datasets/nuscenes-full/hugsim/extracted/scenes/nuscenes/scene-0062
+ local attempt rc steps hd marker decisions provenance
+ for attempt in 1 2
+ disk_guard
+ local avail
++ df --output=avail -BG /datasets/nuscenes-full
++ tail -1
++ tr -dc 0-9
+ avail=120
+ '[' 120 -lt 20 ']'
++ date -u
+ echo 'I103_SLOT_START i102_s04_iter48_easy_medium_unique_cpa_object_scene_0062_medium_00_r2 scene-0062-medium-00 on a1 Tue Jul 14 04:57:34 UTC 2026'
I103_SLOT_START i102_s04_iter48_easy_medium_unique_cpa_object_scene_0062_medium_00_r2 scene-0062-medium-00 on a1 Tue Jul 14 04:57:34 UTC 2026
+ local t0
++ date -u +%s
+ t0=1784005054
+ docker rm -f hugsim_uniad_client
+ rm -rf /datasets/nuscenes-full/hugsim/outputs/nusc_uniad/scene-0062_medium_00
+ cd /opt/sentinel-stack/HUGSIM
+ SENTINEL_ENABLED=1
+ timeout 1200 pixi run python -u closed_loop.py --scenario_path /datasets/nuscenes-full/hugsim/extracted/scenarios/nuscenes/scene-0062-medium-00.yaml --base_path configs/sim/nuscenes_base.yaml --camera_path configs/sim/nuscenes_camera.yaml --kinematic_path configs/sim/kinematic.yaml --ad uniad --ad_cuda 0
/datasets/nuscenes-full/hugsim/outputs/nusc_uniad/scene-0062_medium_00/output.txt
/opt/sentinel-stack/UniAD_SIM/tools/e2e.sh 0 /datasets/nuscenes-full/hugsim/outputs/nusc_uniad/scene-0062_medium_00
Ready for simulation
ego pose [0.0, 6.938893903907228e-18, 0.0]
ego pose [0.0, 0.004564483471909691, 0.4375]
ego pose [0.0038378212331466634, 0.012270380530703765, 1.0624882167914707]
ego pose [0.009097049888495282, 0.021282927831339303, 1.8455246265246419]
ego pose [0.03124006495248357, 0.033517661918163355, 2.715757449443543]
ego pose [0.08306333391619372, 0.04548212939447918, 3.6292238490572264]
ego pose [0.17499357164312312, 0.05286975254446238, 4.563273999325689]
ego pose [0.27394069853371067, 0.0637283154788372, 5.456774826608755]
ego pose [0.3871147853761912, 0.04980784717960622, 6.323437831704736]
ego pose [0.5144945717244702, 0.06953685772702722, 7.147792576171773]
ego pose [0.6519716036364327, 0.05998272763107945, 7.932092668340042]
ego pose [0.8027818712370582, 0.06397510653306805, 8.681179958588036]
ego pose [0.9602146256298252, 0.05819680464488029, 9.36994449503021]
ego pose [1.1235022943894597, 0.05241651657927945, 10.038762369476775]
ego pose [1.3001680722685274, 0.042326675924693094, 10.71831700759134]
ego pose [1.4916014766735788, 0.03196891024009067, 11.395706649477324]
ego pose [1.6712992338880668, 0.026450068647892757, 12.043898888221102]
ego pose [1.845811896679779, 0.02661511813977291, 12.687906275040087]
ego pose [2.0159221007721064, 0.02033935821540815, 13.30922726453285]
ego pose [2.180209257685988, 0.018976883772612287, 13.90100531107699]
ego pose [2.342106953761499, 0.022990619246106167, 14.481658706051558]
ego pose [2.504961970496101, 0.024802187112425163, 15.062866683774121]
ego pose [2.6713481299231403, 0.025850606402616855, 15.64995241247042]
ego pose [2.843765338315719, 0.04769890827831867, 16.247149715077313]
ego pose [3.0219562996429357, 0.0839557488961351, 16.84682640117082]
ego pose [3.209517114285471, 0.1120139736911986, 17.457879409400093]
ego pose [3.407477320377232, 0.12917938691845765, 18.077092634828233]
ego pose [3.618819839119539, 0.12555432413621187, 18.70955542268844]
ego pose [3.8244970314923843, 0.1166901968284071, 19.349050761122044]
ego pose [4.018869770274511, 0.11076269162621591, 20.023818430609026]
ego pose [4.165783176851969, 0.09544834659317275, 20.6760807390293]
ego pose [4.2900020023287, 0.0720841808623141, 21.327947999245097]
ego pose [4.405392351621009, 0.04653933398263947, 21.989599130427518]
ego pose [4.521716688321586, 0.04872855322197153, 22.66848618904529]
ego pose [4.643116311913046, 0.05423671016456303, 23.345917224012112]
ego pose [4.775605367664363, 0.06954726076739266, 24.03843745692691]
ego pose [4.919927054979819, 0.07134287876553658, 24.72516511696877]
ego pose [5.075265207021887, 0.06660131936717854, 25.40049500423322]
ego pose [5.241937878593585, 0.06601368563816669, 26.068361491044346]
ego pose [5.401794472251336, 0.0560147281954584, 26.725823698245538]
ego pose [5.543705497243165, 0.03812812542379565, 27.369827062217645]
ego pose [5.662947037114398, 0.02097417399245055, 28.008899812194144]
ego pose [5.771588145627582, 0.017279688887143055, 28.64696578547655]
ego pose [5.860059919388121, 0.0410034543739079, 29.268656831987535]
ego pose [5.920629924654307, 0.04439675953778467, 29.84983837070112]
ego pose [5.963020587773698, 0.04721879822807383, 30.403417699781276]
ego pose [5.998190967584446, 0.042464430794983604, 30.940162204140133]
ego pose [6.032394365973744, 0.035256846254067095, 31.474058290802734]
ego pose [6.065663473443995, 0.034910380962642915, 32.01485243064066]
ego pose [6.098102382997339, 0.03361238461633677, 32.556692457983196]
ego pose [6.132226828816942, 0.030013406696067724, 33.090235374241665]
ego pose [6.171302519793455, 0.027746472501491953, 33.63517634258397]
ego pose [6.214403867426633, 0.028887151687370785, 34.18688213186292]
ego pose [6.250665366167401, 0.03024918304606035, 34.74741132801281]
ego pose [6.272565541677907, 0.030233031957807674, 35.32149059340778]
ego pose [6.275198399507719, 0.02996261935624296, 35.90244149787421]
ego pose [6.255418879166685, 0.029817667566891887, 36.48276953134279]
ego pose [6.2076729844379, 0.03202396393643757, 37.10660920462214]
ego pose [6.144884741594345, 0.03341981304108463, 37.74329485826757]
ego pose [6.080966592832271, 0.033285786217249494, 38.40055343250294]
ego pose [6.025808352441346, 0.0307676625829916, 39.11199977233305]
ego pose [6.004093128096854, 0.034589406676983, 39.8522965240103]
ego pose [6.037629324016283, 0.032328470257299416, 40.57854060813482]
ego pose [6.102935677075605, 0.026816047709923727, 41.286793726435576]
ego pose [6.177434196274299, 0.023215510101117623, 41.96120714563241]
ego pose [6.243000724892138, 0.016147251313765654, 42.6011728866348]
ego pose [6.304350066094372, 0.013307807538242816, 43.22322171702666]
ego pose [6.349768762996684, 0.0201199064040556, 43.820828907760166]
ego pose [6.385898187535263, 0.023019983580833306, 44.41208976590939]
ego pose [6.405448338364546, 0.022526201007767296, 45.01556731222984]
ego pose [6.404349610265313, 0.03403561500728303, 45.63397042190416]
ego pose [6.38138448256407, 0.033960504533995337, 46.23651438876772]
ego pose [6.345000392605659, 0.03452045566732251, 46.837535961716426]
ego pose [6.3007012234317585, 0.03651048700400761, 47.44472184624231]
ego pose [6.261076370284459, 0.04004738294364989, 48.07521841515008]
ego pose [6.237350518539833, 0.04385559655025045, 48.70990442993503]
ego pose [6.236506165703062, 0.04274813229444627, 49.34115053988359]
ego pose [6.263032078497542, 0.04320995965017145, 49.944258008174025]
ego pose [6.308492237710927, 0.04261831718472696, 50.53473454888681]
ego pose [6.3608123740984785, 0.04704467684575636, 51.13501565389213]
ego pose [6.431904104716503, 0.04471627359356524, 51.759425566900525]
ego pose [6.520665086401511, 0.04117189578504807, 52.402746915016785]
ego pose [6.633945308878237, 0.041391396387794877, 53.03462756618874]
ego pose [6.7649013296363645, 0.04282789275533197, 53.66300406982126]
ego pose [6.867199773997838, 0.04278026971861307, 54.1057159268658]
ego pose [6.939207787649608, 0.04113254138195627, 54.39744926138616]
ego pose [6.9887186038817894, 0.03981317210086144, 54.589906426227785]
ego pose [7.022284555699467, 0.03553723494459787, 54.71696961066755]
ego pose [7.044839779458365, 0.03342224514095429, 54.80089695315205]
ego pose [7.059911655517465, 0.031759702465220835, 54.85635310077552]
ego pose [7.0699467259971, 0.030405037870581686, 54.893005806703435]
ego pose [7.129763550707048, 0.02374100689746972, 55.11042919618206]
ego pose [7.242242823841564, 0.01385084911545123, 55.49698338218392]
ego pose [7.400705346213184, 0.024045846770253843, 55.9730425068805]
ego pose [7.607127678135574, 0.03544928105673664, 56.481871603639235]
ego pose [7.869977572466777, 0.03674914581234803, 56.995375164730554]
ego pose [8.192764589088574, 0.033713162496842225, 57.488414705972936]
ego pose [8.572804013146474, 0.03416631828402031, 57.938937276440754]
ego pose [9.020413362013471, 0.04104803357595835, 58.347835403756584]
ego pose [9.520525921793514, 0.04356008116391577, 58.7023271785791]
ego pose [10.069015465825032, 0.038638266346946115, 58.99677639413311]
Collision with background
MoviePy - Building video /datasets/nuscenes-full/hugsim/outputs/nusc_uniad/scene-0062_medium_00/video.mp4.
MoviePy - Writing video /datasets/nuscenes-full/hugsim/outputs/nusc_uniad/scene-0062_medium_00/video.mp4

frame_index:   0%|          | 0/101 [00:00<?, ?it/s, now=None]frame_index:  10%|▉         | 10/101 [00:00<00:00, 93.58it/s, now=None]frame_index:  27%|██▋       | 27/101 [00:00<00:00, 133.88it/s, now=None]frame_index:  41%|████      | 41/101 [00:00<00:00, 133.55it/s, now=None]frame_index:  54%|█████▍    | 55/101 [00:00<00:00, 131.47it/s, now=None]frame_index:  68%|██████▊   | 69/101 [00:00<00:00, 118.19it/s, now=None]frame_index:  81%|████████  | 82/101 [00:01<00:00, 39.90it/s, now=None] frame_index:  90%|█████████ | 91/101 [00:02<00:00, 23.18it/s, now=None]frame_index:  97%|█████████▋| 98/101 [00:03<00:00, 16.20it/s, now=None]                                                                       MoviePy - Done !
MoviePy - video ready /datasets/nuscenes-full/hugsim/outputs/nusc_uniad/scene-0062_medium_00/video.mp4
this pkl file contains 1 experiment records.
current exp has 101 frames
frame 0 / 101
comfortable: [True, True, True, True, True, True]
frame 1 / 101
comfortable: [True, True, True, True, True, True]
frame 2 / 101
comfortable: [True, True, True, True, True, True]
frame 3 / 101
comfortable: [True, True, True, True, True, True]
frame 4 / 101
comfortable: [True, True, True, True, True, True]
frame 5 / 101
comfortable: [True, True, True, True, False, True]
frame 6 / 101
comfortable: [True, True, True, True, True, True]
frame 7 / 101
comfortable: [True, True, True, True, False, True]
frame 8 / 101
comfortable: [True, True, True, True, True, True]
frame 9 / 101
comfortable: [True, True, True, True, True, True]
frame 10 / 101
comfortable: [True, True, True, True, True, True]
frame 11 / 101
comfortable: [True, True, True, True, False, True]
frame 12 / 101
comfortable: [True, True, True, True, True, True]
frame 13 / 101
comfortable: [True, True, True, True, True, True]
frame 14 / 101
comfortable: [True, True, True, True, True, True]
frame 15 / 101
collision with background detected! @ timestep2
 failed to pass ttc collision check, t=1
comfortable: [True, True, True, True, False, False]
frame 16 / 101
comfortable: [True, True, True, True, True, True]
frame 17 / 101
comfortable: [True, True, True, True, True, True]
frame 18 / 101
comfortable: [True, True, True, True, True, True]
frame 19 / 101
comfortable: [True, True, True, True, True, True]
frame 20 / 101
comfortable: [True, True, True, True, True, True]
frame 21 / 101
comfortable: [True, True, True, True, True, True]
frame 22 / 101
comfortable: [True, True, True, True, True, True]
frame 23 / 101
comfortable: [True, True, True, True, True, True]
frame 24 / 101
comfortable: [True, True, True, True, True, True]
frame 25 / 101
comfortable: [True, True, True, True, True, True]
frame 26 / 101
comfortable: [True, True, True, True, True, True]
frame 27 / 101
comfortable: [True, True, True, True, True, True]
frame 28 / 101
comfortable: [True, True, True, True, True, True]
frame 29 / 101
comfortable: [True, True, True, True, True, True]
frame 30 / 101
comfortable: [True, True, True, True, True, True]
frame 31 / 101
comfortable: [True, True, True, True, True, True]
frame 32 / 101
comfortable: [True, True, True, True, True, True]
frame 33 / 101
comfortable: [True, True, True, True, True, True]
frame 34 / 101
comfortable: [True, True, True, True, True, True]
frame 35 / 101
comfortable: [True, True, True, True, True, True]
frame 36 / 101
comfortable: [True, True, True, True, True, True]
frame 37 / 101
comfortable: [True, True, True, True, True, True]
frame 38 / 101
comfortable: [True, True, True, True, True, True]
frame 39 / 101
comfortable: [True, True, True, True, True, True]
frame 40 / 101
comfortable: [True, True, True, True, True, True]
frame 41 / 101
comfortable: [True, True, True, True, True, True]
frame 42 / 101
comfortable: [True, True, True, True, True, True]
frame 43 / 101
comfortable: [True, True, True, True, True, True]
frame 44 / 101
comfortable: [True, True, True, True, True, True]
frame 45 / 101
comfortable: [True, True, True, True, True, True]
frame 46 / 101
comfortable: [True, True, True, True, True, True]
frame 47 / 101
comfortable: [True, True, True, True, True, True]
frame 48 / 101
comfortable: [True, True, True, True, True, True]
frame 49 / 101
comfortable: [True, True, True, True, True, True]
frame 50 / 101
comfortable: [True, True, True, True, True, True]
frame 51 / 101
comfortable: [True, True, True, True, True, True]
frame 52 / 101
comfortable: [True, True, True, True, True, True]
frame 53 / 101
comfortable: [True, True, True, True, True, True]
frame 54 / 101
comfortable: [True, True, True, True, True, True]
frame 55 / 101
comfortable: [True, True, True, True, True, True]
frame 56 / 101
comfortable: [True, True, True, True, True, True]
frame 57 / 101
comfortable: [True, True, True, True, True, True]
frame 58 / 101
comfortable: [True, True, True, True, True, True]
frame 59 / 101
comfortable: [True, True, True, True, True, True]
frame 60 / 101
comfortable: [True, True, True, True, True, True]
frame 61 / 101
collision with background detected! @ timestep2
 failed to pass ttc collision check, t=1
comfortable: [True, True, True, True, False, False]
frame 62 / 101
collision with background detected! @ timestep2
 failed to pass ttc collision check, t=0.5
comfortable: [True, True, True, True, False, False]
frame 63 / 101
collision with background detected! @ timestep2
 failed to pass ttc collision check, t=1
comfortable: [True, True, True, True, True, True]
frame 64 / 101
collision with background detected! @ timestep2
 failed to pass ttc collision check, t=0.5
comfortable: [True, True, True, True, True, True]
frame 65 / 101
collision with background detected! @ timestep3
 failed to pass ttc collision check, t=1
comfortable: [True, True, True, True, True, True]
frame 66 / 101
collision with background detected! @ timestep3
 failed to pass ttc collision check, t=0.5
comfortable: [True, True, True, True, False, True]
frame 67 / 101
comfortable: [True, True, True, True, True, True]
frame 68 / 101
collision with background detected! @ timestep3
 failed to pass ttc collision check, t=0.5
comfortable: [True, True, True, True, False, True]
frame 69 / 101
comfortable: [True, True, True, True, False, True]
frame 70 / 101
collision with background detected! @ timestep3
collision with background detected! @ timestep3
 failed to pass ttc collision check, t=0.5
comfortable: [True, True, True, True, False, False]
frame 71 / 101
comfortable: [True, True, True, True, False, True]
frame 72 / 101
comfortable: [True, True, True, True, True, True]
frame 73 / 101
comfortable: [True, True, True, True, False, True]
frame 74 / 101
comfortable: [True, True, True, True, False, False]
frame 75 / 101
comfortable: [True, True, True, True, False, False]
frame 76 / 101
comfortable: [True, True, True, True, False, False]
frame 77 / 101
comfortable: [True, True, True, True, True, True]
frame 78 / 101
comfortable: [True, True, True, True, True, True]
frame 79 / 101
comfortable: [True, True, True, True, True, True]
frame 80 / 101
comfortable: [True, True, True, True, True, True]
frame 81 / 101
comfortable: [True, True, True, True, True, True]
frame 82 / 101
comfortable: [True, True, True, True, True, True]
frame 83 / 101
comfortable: [True, True, True, True, True, True]
frame 84 / 101
comfortable: [True, True, True, True, True, True]
frame 85 / 101
comfortable: [True, True, True, True, True, True]
frame 86 / 101
comfortable: [True, True, True, True, True, True]
frame 87 / 101
comfortable: [True, True, True, True, True, True]
frame 88 / 101
comfortable: [True, True, True, True, True, True]
frame 89 / 101
comfortable: [True, True, True, True, True, True]
frame 90 / 101
collision with background detected! @ timestep5
collision with background detected! @ timestep4
 failed to pass ttc collision check, t=0.5
comfortable: [True, True, True, True, True, True]
frame 91 / 101
collision with background detected! @ timestep5
collision with background detected! @ timestep3
 failed to pass ttc collision check, t=0.5
comfortable: [True, True, True, True, True, True]
frame 92 / 101
collision with background detected! @ timestep4
collision with background detected! @ timestep3
 failed to pass ttc collision check, t=0.5
comfortable: [True, True, True, True, True, True]
frame 93 / 101
collision with background detected! @ timestep4
collision with background detected! @ timestep3
 failed to pass ttc collision check, t=0.5
comfortable: [True, True, True, True, True, True]
frame 94 / 101
collision with background detected! @ timestep3
collision with background detected! @ timestep2
 failed to pass ttc collision check, t=0.5
comfortable: [True, True, True, True, True, True]
frame 95 / 101
collision with background detected! @ timestep3
collision with background detected! @ timestep2
 failed to pass ttc collision check, t=0.5
comfortable: [True, True, True, True, True, True]
frame 96 / 101
collision with background detected! @ timestep2
collision with background detected! @ timestep1
 failed to pass ttc collision check, t=0.5
comfortable: [True, True, True, True, True, True]
frame 97 / 101
collision with background detected! @ timestep2
collision with background detected! @ timestep1
 failed to pass ttc collision check, t=0.5
comfortable: [True, True, True, True, True, True]
frame 98 / 101
collision with background detected! @ timestep0
collision with background detected! @ timestep0
 failed to pass ttc collision check, t=0.5
comfortable: [True, True, True, True, True, True]
frame 99 / 101
collision with background detected! @ timestep0
collision with background detected! @ timestep0
 failed to pass ttc collision check, t=0.5
comfortable: [True, True, True, True, True, True]
frame 100 / 101
collision with background detected! @ timestep0
collision with background detected! @ timestep0
 failed to pass ttc collision check, t=0.5
comfortable: [True, True, True, True, True, True]
The score of experiment is (0.7850070721357848, 0.5281941470378301, 0.4146361408854252, {'nc': 0.8811881188118812, 'dac': 0.9108910891089109, 'ttc': 0.801980198019802, 'c': 0.8514851485148515, 'pdms': 0.7850070721357848}, {0.25: {'nc': 1.0, 'dac': 1.0, 'ttc': 1.0, 'c': 1.0, 'pdms': 1.0}, 0.5: {'nc': 1.0, 'dac': 1.0, 'ttc': 1.0, 'c': 1.0, 'pdms': 1.0}, 0.75: {'nc': 1.0, 'dac': 1.0, 'ttc': 1.0, 'c': 1.0, 'pdms': 1.0}, 1.0: {'nc': 1.0, 'dac': 1.0, 'ttc': 1.0, 'c': 1.0, 'pdms': 1.0}, 1.25: {'nc': 1.0, 'dac': 1.0, 'ttc': 1.0, 'c': 1.0, 'pdms': 1.0}, 1.5: {'nc': 1.0, 'dac': 1.0, 'ttc': 1.0, 'c': 0.0, 'pdms': 0.7142857142857143}, 1.75: {'nc': 1.0, 'dac': 1.0, 'ttc': 1.0, 'c': 1.0, 'pdms': 1.0}, 2.0: {'nc': 1.0, 'dac': 1.0, 'ttc': 1.0, 'c': 0.0, 'pdms': 0.7142857142857143}, 2.25: {'nc': 1.0, 'dac': 1.0, 'ttc': 1.0, 'c': 1.0, 'pdms': 1.0}, 2.5: {'nc': 1.0, 'dac': 1.0, 'ttc': 1.0, 'c': 1.0, 'pdms': 1.0}, 2.75: {'nc': 1.0, 'dac': 1.0, 'ttc': 1.0, 'c': 1.0, 'pdms': 1.0}, 3.0: {'nc': 1.0, 'dac': 1.0, 'ttc': 1.0, 'c': 0.0, 'pdms': 0.7142857142857143}, 3.25: {'nc': 1.0, 'dac': 1.0, 'ttc': 1.0, 'c': 1.0, 'pdms': 1.0}, 3.5: {'nc': 1.0, 'dac': 1.0, 'ttc': 1.0, 'c': 1.0, 'pdms': 1.0}, 3.75: {'nc': 1.0, 'dac': 1.0, 'ttc': 1.0, 'c': 1.0, 'pdms': 1.0}, 4.0: {'nc': 1.0, 'dac': 1.0, 'ttc': 0.0, 'c': 0.0, 'pdms': 0.0}, 4.25: {'nc': 1.0, 'dac': 1.0, 'ttc': 1.0, 'c': 1.0, 'pdms': 1.0}, 4.5: {'nc': 1.0, 'dac': 1.0, 'ttc': 1.0, 'c': 1.0, 'pdms': 1.0}, 4.75: {'nc': 1.0, 'dac': 1.0, 'ttc': 1.0, 'c': 1.0, 'pdms': 1.0}, 5.0: {'nc': 1.0, 'dac': 1.0, 'ttc': 1.0, 'c': 1.0, 'pdms': 1.0}, 5.25: {'nc': 1.0, 'dac': 1.0, 'ttc': 1.0, 'c': 1.0, 'pdms': 1.0}, 5.5: {'nc': 1.0, 'dac': 1.0, 'ttc': 1.0, 'c': 1.0, 'pdms': 1.0}, 5.75: {'nc': 1.0, 'dac': 1.0, 'ttc': 1.0, 'c': 1.0, 'pdms': 1.0}, 6.0: {'nc': 1.0, 'dac': 1.0, 'ttc': 1.0, 'c': 1.0, 'pdms': 1.0}, 6.25: {'nc': 1.0, 'dac': 1.0, 'ttc': 1.0, 'c': 1.0, 'pdms': 1.0}, 6.5: {'nc': 1.0, 'dac': 1.0, 'ttc': 1.0, 'c': 1.0, 'pdms': 1.0}, 6.75: {'nc': 1.0, 'dac': 1.0, 'ttc': 1.0, 'c': 1.0, 'pdms': 1.0}, 7.0: {'nc': 1.0, 'dac': 1.0, 'ttc': 1.0, 'c': 1.0, 'pdms': 1.0}, 7.25: {'nc': 1.0, 'dac': 1.0, 'ttc': 1.0, 'c': 1.0, 'pdms': 1.0}, 7.5: {'nc': 1.0, 'dac': 1.0, 'ttc': 1.0, 'c': 1.0, 'pdms': 1.0}, 7.75: {'nc': 1.0, 'dac': 1.0, 'ttc': 1.0, 'c': 1.0, 'pdms': 1.0}, 8.0: {'nc': 1.0, 'dac': 1.0, 'ttc': 1.0, 'c': 1.0, 'pdms': 1.0}, 8.25: {'nc': 1.0, 'dac': 1.0, 'ttc': 1.0, 'c': 1.0, 'pdms': 1.0}, 8.5: {'nc': 1.0, 'dac': 1.0, 'ttc': 1.0, 'c': 1.0, 'pdms': 1.0}, 8.75: {'nc': 1.0, 'dac': 1.0, 'ttc': 1.0, 'c': 1.0, 'pdms': 1.0}, 9.0: {'nc': 1.0, 'dac': 1.0, 'ttc': 1.0, 'c': 1.0, 'pdms': 1.0}, 9.25: {'nc': 1.0, 'dac': 1.0, 'ttc': 1.0, 'c': 1.0, 'pdms': 1.0}, 9.5: {'nc': 1.0, 'dac': 1.0, 'ttc': 1.0, 'c': 1.0, 'pdms': 1.0}, 9.75: {'nc': 1.0, 'dac': 1.0, 'ttc': 1.0, 'c': 1.0, 'pdms': 1.0}, 10.0: {'nc': 1.0, 'dac': 1.0, 'ttc': 1.0, 'c': 1.0, 'pdms': 1.0}, 10.25: {'nc': 1.0, 'dac': 1.0, 'ttc': 1.0, 'c': 1.0, 'pdms': 1.0}, 10.5: {'nc': 1.0, 'dac': 1.0, 'ttc': 1.0, 'c': 1.0, 'pdms': 1.0}, 10.75: {'nc': 1.0, 'dac': 1.0, 'ttc': 1.0, 'c': 1.0, 'pdms': 1.0}, 11.0: {'nc': 1.0, 'dac': 1.0, 'ttc': 1.0, 'c': 1.0, 'pdms': 1.0}, 11.25: {'nc': 1.0, 'dac': 1.0, 'ttc': 1.0, 'c': 1.0, 'pdms': 1.0}, 11.5: {'nc': 1.0, 'dac': 1.0, 'ttc': 1.0, 'c': 1.0, 'pdms': 1.0}, 11.75: {'nc': 1.0, 'dac': 1.0, 'ttc': 1.0, 'c': 1.0, 'pdms': 1.0}, 12.0: {'nc': 1.0, 'dac': 1.0, 'ttc': 1.0, 'c': 1.0, 'pdms': 1.0}, 12.25: {'nc': 1.0, 'dac': 1.0, 'ttc': 1.0, 'c': 1.0, 'pdms': 1.0}, 12.5: {'nc': 1.0, 'dac': 1.0, 'ttc': 1.0, 'c': 1.0, 'pdms': 1.0}, 12.75: {'nc': 1.0, 'dac': 1.0, 'ttc': 1.0, 'c': 1.0, 'pdms': 1.0}, 13.0: {'nc': 1.0, 'dac': 1.0, 'ttc': 1.0, 'c': 1.0, 'pdms': 1.0}, 13.25: {'nc': 1.0, 'dac': 1.0, 'ttc': 1.0, 'c': 1.0, 'pdms': 1.0}, 13.5: {'nc': 1.0, 'dac': 1.0, 'ttc': 1.0, 'c': 1.0, 'pdms': 1.0}, 13.75: {'nc': 1.0, 'dac': 1.0, 'ttc': 1.0, 'c': 1.0, 'pdms': 1.0}, 14.0: {'nc': 1.0, 'dac': 1.0, 'ttc': 1.0, 'c': 1.0, 'pdms': 1.0}, 14.25: {'nc': 1.0, 'dac': 1.0, 'ttc': 1.0, 'c': 1.0, 'pdms': 1.0}, 14.5: {'nc': 1.0, 'dac': 1.0, 'ttc': 1.0, 'c': 1.0, 'pdms': 1.0}, 14.75: {'nc': 1.0, 'dac': 1.0, 'ttc': 1.0, 'c': 1.0, 'pdms': 1.0}, 15.0: {'nc': 1.0, 'dac': 1.0, 'ttc': 1.0, 'c': 1.0, 'pdms': 1.0}, 15.25: {'nc': 1.0, 'dac': 1.0, 'ttc': 1.0, 'c': 1.0, 'pdms': 1.0}, 15.5: {'nc': 1.0, 'dac': 1.0, 'ttc': 0.0, 'c': 0.0, 'pdms': 0.0}, 15.75: {'nc': 1.0, 'dac': 1.0, 'ttc': 0.0, 'c': 0.0, 'pdms': 0.0}, 16.0: {'nc': 1.0, 'dac': 1.0, 'ttc': 0.0, 'c': 1.0, 'pdms': 0.2857142857142857}, 16.25: {'nc': 1.0, 'dac': 1.0, 'ttc': 0.0, 'c': 1.0, 'pdms': 0.2857142857142857}, 16.5: {'nc': 1.0, 'dac': 1.0, 'ttc': 0.0, 'c': 1.0, 'pdms': 0.2857142857142857}, 16.75: {'nc': 1.0, 'dac': 1.0, 'ttc': 0.0, 'c': 0.0, 'pdms': 0.0}, 17.0: {'nc': 1.0, 'dac': 1.0, 'ttc': 1.0, 'c': 1.0, 'pdms': 1.0}, 17.25: {'nc': 1.0, 'dac': 1.0, 'ttc': 0.0, 'c': 0.0, 'pdms': 0.0}, 17.5: {'nc': 1.0, 'dac': 1.0, 'ttc': 1.0, 'c': 0.0, 'pdms': 0.7142857142857143}, 17.75: {'nc': 0.0, 'dac': 1.0, 'ttc': 0.0, 'c': 0.0, 'pdms': 0.0}, 18.0: {'nc': 1.0, 'dac': 1.0, 'ttc': 1.0, 'c': 0.0, 'pdms': 0.7142857142857143}, 18.25: {'nc': 1.0, 'dac': 1.0, 'ttc': 1.0, 'c': 1.0, 'pdms': 1.0}, 18.5: {'nc': 1.0, 'dac': 1.0, 'ttc': 1.0, 'c': 0.0, 'pdms': 0.7142857142857143}, 18.75: {'nc': 1.0, 'dac': 1.0, 'ttc': 1.0, 'c': 0.0, 'pdms': 0.7142857142857143}, 19.0: {'nc': 1.0, 'dac': 1.0, 'ttc': 1.0, 'c': 0.0, 'pdms': 0.7142857142857143}, 19.25: {'nc': 1.0, 'dac': 1.0, 'ttc': 1.0, 'c': 0.0, 'pdms': 0.7142857142857143}, 19.5: {'nc': 1.0, 'dac': 1.0, 'ttc': 1.0, 'c': 1.0, 'pdms': 1.0}, 19.75: {'nc': 1.0, 'dac': 1.0, 'ttc': 1.0, 'c': 1.0, 'pdms': 1.0}, 20.0: {'nc': 1.0, 'dac': 1.0, 'ttc': 1.0, 'c': 1.0, 'pdms': 1.0}, 20.25: {'nc': 1.0, 'dac': 1.0, 'ttc': 1.0, 'c': 1.0, 'pdms': 1.0}, 20.5: {'nc': 1.0, 'dac': 1.0, 'ttc': 1.0, 'c': 1.0, 'pdms': 1.0}, 20.75: {'nc': 1.0, 'dac': 1.0, 'ttc': 1.0, 'c': 1.0, 'pdms': 1.0}, 21.0: {'nc': 1.0, 'dac': 1.0, 'ttc': 1.0, 'c': 1.0, 'pdms': 1.0}, 21.25: {'nc': 1.0, 'dac': 1.0, 'ttc': 1.0, 'c': 1.0, 'pdms': 1.0}, 21.5: {'nc': 1.0, 'dac': 1.0, 'ttc': 1.0, 'c': 1.0, 'pdms': 1.0}, 21.75: {'nc': 1.0, 'dac': 1.0, 'ttc': 1.0, 'c': 1.0, 'pdms': 1.0}, 22.0: {'nc': 1.0, 'dac': 1.0, 'ttc': 1.0, 'c': 1.0, 'pdms': 1.0}, 22.25: {'nc': 1.0, 'dac': 1.0, 'ttc': 1.0, 'c': 1.0, 'pdms': 1.0}, 22.5: {'nc': 1.0, 'dac': 1.0, 'ttc': 1.0, 'c': 1.0, 'pdms': 1.0}, 22.75: {'nc': 0.0, 'dac': 1.0, 'ttc': 0.0, 'c': 1.0, 'pdms': 0.0}, 23.0: {'nc': 0.0, 'dac': 1.0, 'ttc': 0.0, 'c': 1.0, 'pdms': 0.0}, 23.25: {'nc': 0.0, 'dac': 0.0, 'ttc': 0.0, 'c': 1.0, 'pdms': 0.0}, 23.5: {'nc': 0.0, 'dac': 0.0, 'ttc': 0.0, 'c': 1.0, 'pdms': 0.0}, 23.75: {'nc': 0.0, 'dac': 0.0, 'ttc': 0.0, 'c': 1.0, 'pdms': 0.0}, 24.0: {'nc': 0.0, 'dac': 0.0, 'ttc': 0.0, 'c': 1.0, 'pdms': 0.0}, 24.25: {'nc': 0.0, 'dac': 0.0, 'ttc': 0.0, 'c': 1.0, 'pdms': 0.0}, 24.5: {'nc': 0.0, 'dac': 0.0, 'ttc': 0.0, 'c': 1.0, 'pdms': 0.0}, 24.75: {'nc': 0.0, 'dac': 0.0, 'ttc': 0.0, 'c': 1.0, 'pdms': 0.0}, 25.0: {'nc': 0.0, 'dac': 0.0, 'ttc': 0.0, 'c': 1.0, 'pdms': 0.0}, 25.25: {'nc': 0.0, 'dac': 0.0, 'ttc': 0.0, 'c': 1.0, 'pdms': 0.0}}).
=============================Results=============================
'nc': 0.8811881188118812
'dac': 0.9108910891089109
'ttc': 0.801980198019802
'c': 0.8514851485148515
'pdms': 0.7850070721357848
'rc': 0.5281941470378301
'hdscore': 0.4146361408854252
The AD algorithm is still running, remaining tolerant 100.
The AD algorithm is still running, remaining tolerant 95.
The AD algorithm is still running, remaining tolerant 90.
The AD algorithm is still running, remaining tolerant 85.
The AD algorithm is still running, remaining tolerant 80.
The AD algorithm is still running, remaining tolerant 75.
The AD algorithm is still running, remaining tolerant 70.
The AD algorithm completed with return code 0.
+ rc=0
+ echo 'I103_SLOT_RC=0 i102_s04_iter48_easy_medium_unique_cpa_object_scene_0062_medium_00_r2 scene-0062-medium-00 on a1'
I103_SLOT_RC=0 i102_s04_iter48_easy_medium_unique_cpa_object_scene_0062_medium_00_r2 scene-0062-medium-00 on a1
+ docker rm -f hugsim_uniad_client
++ python3 -c '
import json, math
try:
    v = json.load(open('\''/datasets/nuscenes-full/hugsim/outputs/nusc_uniad/scene-0062_medium_00/eval.json'\'')).get('\''hdscore'\'')
    print(v if isinstance(v, (int, float)) and math.isfinite(v) else '\''INVALID'\'')
except Exception:
    print('\''MISSING'\'')
'
+ hd=0.4146361408854252
++ python3 -c '
import json
try:
    data = json.load(open('\''/datasets/nuscenes-full/hugsim/outputs/nusc_uniad/scene-0062_medium_00/eval.json'\''))
    print(1 if '\''collision_provenance'\'' in data else 0)
except Exception:
    print(0)
'
+ provenance=1
++ grep -c sent /datasets/nuscenes-full/hugsim/outputs/nusc_uniad/scene-0062_medium_00/output.txt
+ steps=101
+ '[' -n 101 ']'
++ grep -c 'SENTINEL_I48_UNION_PATCH_LOADED enabled=1' /datasets/nuscenes-full/hugsim/outputs/nusc_uniad/scene-0062_medium_00/output.txt
+ marker=1
+ '[' -n 1 ']'
+ decisions=0
+ '[' -s /datasets/nuscenes-full/hugsim/outputs/nusc_uniad/scene-0062_medium_00/sentinel_iter48_decisions.jsonl ']'
++ grep -c 'SENTINEL_I48_DECISION frame=' /datasets/nuscenes-full/hugsim/outputs/nusc_uniad/scene-0062_medium_00/output.txt
+ '[' 101 -gt 0 ']'
+ decisions=1
+ '[' 0 = 0 ']'
+ '[' 0.4146361408854252 '!=' MISSING ']'
+ '[' 0.4146361408854252 '!=' INVALID ']'
+ '[' 1 = 1 ']'
+ '[' 101 -gt 0 ']'
+ '[' 1 -gt 0 ']'
+ '[' 1 = 1 ']'
+ rm -rf /datasets/nuscenes-full/hugsim/iter103_runs/i102_s04_iter48_easy_medium_unique_cpa_object_scene_0062_medium_00_r2__scene-0062-medium-00__on
+ mkdir -p /datasets/nuscenes-full/hugsim/iter103_runs/i102_s04_iter48_easy_medium_unique_cpa_object_scene_0062_medium_00_r2__scene-0062-medium-00__on
+ find /datasets/nuscenes-full/hugsim/outputs/nusc_uniad/scene-0062_medium_00 -type p -delete
+ mv /datasets/nuscenes-full/hugsim/outputs/nusc_uniad/scene-0062_medium_00/data.pkl /datasets/nuscenes-full/hugsim/outputs/nusc_uniad/scene-0062_medium_00/eval.json /datasets/nuscenes-full/hugsim/outputs/nusc_uniad/scene-0062_medium_00/ground.ply /datasets/nuscenes-full/hugsim/outputs/nusc_uniad/scene-0062_medium_00/infos.pkl /datasets/nuscenes-full/hugsim/outputs/nusc_uniad/scene-0062_medium_00/output.txt /datasets/nuscenes-full/hugsim/outputs/nusc_uniad/scene-0062_medium_00/scene.ply /datasets/nuscenes-full/hugsim/outputs/nusc_uniad/scene-0062_medium_00/sentinel_iter48_decisions.jsonl /datasets/nuscenes-full/hugsim/outputs/nusc_uniad/scene-0062_medium_00/uniad /datasets/nuscenes-full/hugsim/outputs/nusc_uniad/scene-0062_medium_00/video.mp4 /datasets/nuscenes-full/hugsim/iter103_runs/i102_s04_iter48_easy_medium_unique_cpa_object_scene_0062_medium_00_r2__scene-0062-medium-00__on/
+ rmdir /datasets/nuscenes-full/hugsim/outputs/nusc_uniad/scene-0062_medium_00
++ date -u +%s
+ printf '{"slot_id":"%s","scenario":"%s","arm":"on","attempt":%s,"rc":%s,"hdscore":%s,"steps":%s,"start_epoch":%s,"end_epoch":%s}\n' i102_s04_iter48_easy_medium_unique_cpa_object_scene_0062_medium_00_r2 scene-0062-medium-00 1 0 0.4146361408854252 101 1784005054 1784005419
+ echo 'I103_SLOT_DONE i102_s04_iter48_easy_medium_unique_cpa_object_scene_0062_medium_00_r2 scene-0062-medium-00 on ok hd=0.4146361408854252 steps=101'
I103_SLOT_DONE i102_s04_iter48_easy_medium_unique_cpa_object_scene_0062_medium_00_r2 scene-0062-medium-00 on ok hd=0.4146361408854252 steps=101
+ return 0
+ IFS='	'
+ read -r slot_id scenario _scenario_sha
+ run_one i102_s05_iter48_easy_medium_unique_ttc_object_scene_0051_easy_00_r1 scene-0051-easy-00
+ local slot_id=i102_s05_iter48_easy_medium_unique_ttc_object_scene_0051_easy_00_r1 scenario=scene-0051-easy-00
+ local scene=scene-0051
+ local mode_dashed=easy-00
+ local mode=easy_00
+ local out_dir=/datasets/nuscenes-full/hugsim/outputs/nusc_uniad/scene-0051_easy_00
+ local dest=/datasets/nuscenes-full/hugsim/iter103_runs/i102_s05_iter48_easy_medium_unique_ttc_object_scene_0051_easy_00_r1__scene-0051-easy-00__on
+ '[' -f /datasets/nuscenes-full/hugsim/iter103_runs/i102_s05_iter48_easy_medium_unique_ttc_object_scene_0051_easy_00_r1__scene-0051-easy-00__on/episode_meta.json ']'
+ prep_scene scene-0051
+ local scene=scene-0051
+ '[' '!' -d /datasets/nuscenes-full/hugsim/extracted/scenes/nuscenes/scene-0051 ']'
+ local cfg=/datasets/nuscenes-full/hugsim/extracted/scenes/nuscenes/scene-0051/cfg.yaml
+ '[' '!' -f /datasets/nuscenes-full/hugsim/extracted/scenes/nuscenes/scene-0051/cfg.yaml ']'
+ '[' -f /datasets/nuscenes-full/hugsim/extracted/scenes/nuscenes/scene-0051/cfg.yaml.orig ']'
+ python3 - /datasets/nuscenes-full/hugsim/extracted/scenes/nuscenes/scene-0051/cfg.yaml /datasets/nuscenes-full/hugsim/extracted/scenes/nuscenes/scene-0051
+ local attempt rc steps hd marker decisions provenance
+ for attempt in 1 2
+ disk_guard
+ local avail
++ df --output=avail -BG /datasets/nuscenes-full
++ tail -1
++ tr -dc 0-9
+ avail=120
+ '[' 120 -lt 20 ']'
++ date -u
+ echo 'I103_SLOT_START i102_s05_iter48_easy_medium_unique_ttc_object_scene_0051_easy_00_r1 scene-0051-easy-00 on a1 Tue Jul 14 05:03:39 UTC 2026'
I103_SLOT_START i102_s05_iter48_easy_medium_unique_ttc_object_scene_0051_easy_00_r1 scene-0051-easy-00 on a1 Tue Jul 14 05:03:39 UTC 2026
+ local t0
++ date -u +%s
+ t0=1784005419
+ docker rm -f hugsim_uniad_client
+ rm -rf /datasets/nuscenes-full/hugsim/outputs/nusc_uniad/scene-0051_easy_00
+ cd /opt/sentinel-stack/HUGSIM
+ SENTINEL_ENABLED=1
+ timeout 1200 pixi run python -u closed_loop.py --scenario_path /datasets/nuscenes-full/hugsim/extracted/scenarios/nuscenes/scene-0051-easy-00.yaml --base_path configs/sim/nuscenes_base.yaml --camera_path configs/sim/nuscenes_camera.yaml --kinematic_path configs/sim/kinematic.yaml --ad uniad --ad_cuda 0
/datasets/nuscenes-full/hugsim/outputs/nusc_uniad/scene-0051_easy_00/output.txt
/opt/sentinel-stack/UniAD_SIM/tools/e2e.sh 0 /datasets/nuscenes-full/hugsim/outputs/nusc_uniad/scene-0051_easy_00
Ready for simulation
ego pose [0.0, 1.6640371887634754e-35, 0.0]
ego pose [0.0, -0.004573309013340653, 0.4375]
ego pose [0.0072294779551777474, -0.009026493423765214, 0.9139233894460701]
ego pose [0.019555845192136358, -0.014143050276593383, 1.4412574852953774]
ego pose [0.04920309225436632, -0.019745739994479625, 2.008901268389176]
ego pose [0.1093980359278308, -0.024773610505958523, 2.6123107734025433]
ego pose [0.19252939828283847, -0.030874856540599963, 3.264995872955937]
ego pose [0.3020037688375003, -0.0364796349090436, 3.9652380405589334]
ego pose [0.4166144031185194, -0.04095041357330838, 4.67867880031608]
ego pose [0.5314890197777646, -0.04686348271900284, 5.443364816075628]
ego pose [0.6209703333708285, -0.05265347533005389, 6.258519454363803]
ego pose [0.6644248919909461, -0.059623093048330106, 7.106301884638792]
ego pose [0.6512271316316933, -0.06546829585409983, 7.9406811048381245]
ego pose [0.6092900018128924, -0.07231206493995067, 8.779303322157572]
ego pose [0.5671420783541956, -0.07698140732441106, 9.572458862809059]
ego pose [0.545059882175614, -0.08743970745406277, 10.369226414610598]
ego pose [0.5466713752876736, -0.09567208106036755, 11.16275292398307]
ego pose [0.5749985736710966, -0.10070558596741433, 11.942483546466354]
ego pose [0.6483968231507713, -0.10487265314996662, 12.675792689892669]
ego pose [0.7623132251000461, -0.11269446747369388, 13.34187833615852]
ego pose [0.9024582123064514, -0.11782829172517369, 14.002699132480139]
ego pose [1.0402008848066917, -0.11860093364488528, 14.609449347698163]
ego pose [1.1752658769321445, -0.12052475346580382, 15.188089123031455]
ego pose [1.2981906951975175, -0.12149093532921804, 15.756227530469749]
ego pose [1.3954743229790556, -0.11624582181905757, 16.292716428131566]
ego pose [1.4777926256916778, -0.11117363147226597, 16.834917616539148]
ego pose [1.543425030404777, -0.10828815887328802, 17.407055782860617]
ego pose [1.5891062067753159, -0.11625996852561771, 18.009099688649684]
ego pose [1.6127295109452104, -0.11986348020706508, 18.651996722880043]
ego pose [1.6144072492153443, -0.12345784951347047, 19.107824543263607]
ego pose [1.608657570076392, -0.1258735918768497, 19.408734262334264]
ego pose [1.6018892019730622, -0.1287152892661487, 19.607305359193226]
ego pose [1.596128107674038, -0.1300536413176276, 19.738354342943587]
ego pose [1.5800615336280421, -0.13516725705743754, 20.056624628776916]
ego pose [1.5528028848582147, -0.14178789521261603, 20.530190319644074]
ego pose [1.5192028044897934, -0.14999466003983775, 21.1073535524385]
ego pose [1.4751995859646796, -0.15631061803322488, 21.73820086894465]
ego pose [1.4163670783021285, -0.16653502698084696, 22.413571309500583]
ego pose [1.355569083180026, -0.17676054504821298, 23.120557814983435]
ego pose [1.3030500433750694, -0.1911811537107569, 23.848417950592307]
ego pose [1.2485213850532255, -0.20495746783361804, 24.566490126008738]
ego pose [1.1860433253574514, -0.21601477947550438, 25.302580808634776]
ego pose [1.109195416644168, -0.22674611198645256, 26.060528978121738]
ego pose [1.0139929635073017, -0.24126719452145398, 26.818377065277133]
ego pose [0.8983676708864721, -0.2536799818097127, 27.58444651491905]
ego pose [0.7842774770879382, -0.264967211666275, 28.359064760352673]
ego pose [0.6868236767878882, -0.2770987318761535, 29.14427756636477]
ego pose [0.6313402463585147, -0.2893104212508354, 29.928116084385408]
ego pose [0.5933546195645567, -0.3009217722978603, 30.72169242777619]
ego pose [0.5508810040109601, -0.3136622064851903, 31.50436078387518]
ego pose [0.4981048328857955, -0.3293164529443928, 32.30533779156385]
ego pose [0.44539700620600486, -0.3428852977147066, 33.10929395393144]
ego pose [0.39837903905944233, -0.3572824484220735, 33.91042195480141]
ego pose [0.36156076454523023, -0.369491174069731, 34.686785247595104]
ego pose [0.3417192848148197, -0.37511217405063285, 35.47345002176079]
ego pose [0.3631023218393329, -0.3802925631783474, 36.26888066425357]
ego pose [0.42614427601678095, -0.3857631532254822, 37.05539407301129]
ego pose [0.5058179524894524, -0.39918011974133033, 37.8268836461144]
ego pose [0.5777978542431074, -0.41090749766285267, 38.569160966335964]
ego pose [0.648750348175716, -0.41990292693133896, 39.30466252769566]
ego pose [0.6990901489539123, -0.4227220093315581, 40.021138771655856]
ego pose [0.7427409015656863, -0.4302536144573645, 40.75524175330247]
ego pose [0.7613804753690658, -0.4365854643262493, 41.30282420470793]
ego pose [0.7672175588895336, -0.4405539498446517, 41.66514104063161]
ego pose [0.7682616112524002, -0.4430713511201071, 41.904789388553375]
ego pose [0.7677240250377134, -0.44481562935368313, 42.06328191054368]
ego pose [0.7647796977378405, -0.4492923589662184, 42.40926281623034]
ego pose [0.7502403826163866, -0.4543626136205683, 42.89360367223556]
ego pose [0.7315706358149289, -0.4595204159295314, 43.21264391992382]
ego pose [0.7153365486545742, -0.4622833525793189, 43.42278592661735]
ego pose [0.7029306047000459, -0.46495927427484196, 43.56123055796595]
ego pose [0.6940112611167115, -0.46754569464114465, 43.652462432175824]
ego pose [0.6653673396555705, -0.47197570953788887, 43.93015587887173]
ego pose [0.6192779616315683, -0.4803895827667409, 44.340977542708465]
ego pose [0.5642735034570626, -0.48833623687333144, 44.82018305109246]
ego pose [0.5059052115474427, -0.4972840648265234, 45.35901321557051]
ego pose [0.45035862227015955, -0.5072375633269065, 45.943359818881085]
ego pose [0.4158252885515395, -0.5171926179178647, 46.53298651546127]
ego pose [0.4076210450477995, -0.5246422360867685, 47.15375613915905]
ego pose [0.4199584161093347, -0.5311243482753042, 47.79685542899745]
ego pose [0.461974822915902, -0.5364117130335695, 48.48772433260115]
ego pose [0.5205472280114225, -0.5406814401834484, 49.22371516330806]
ego pose [0.5814289370143642, -0.5482298358902511, 49.9921879077914]
ego pose [0.6189444098440238, -0.5565533222433354, 50.74132524646786]
ego pose [0.6420597723990419, -0.5670894440549392, 51.491186985276784]
ego pose [0.6309169550710538, -0.5789588594207081, 52.23332132470384]
ego pose [0.5769574211753906, -0.5935633207705233, 53.01095865198116]
ego pose [0.4983254899349896, -0.6070895826481123, 53.82109217086207]
ego pose [0.4152022701855208, -0.6216150843497746, 54.59398375724669]
ego pose [0.34294016138662253, -0.6370074234588786, 55.41090139034135]
ego pose [0.3075423772130102, -0.6492620119171869, 56.21650855559286]
ego pose [0.3286702788233897, -0.6581108392291269, 56.97554048267737]
ego pose [0.38261888478754646, -0.6636517090346468, 57.75269088267268]
ego pose [0.4617578523738056, -0.6725460281011298, 58.50968123067687]
ego pose [0.5578253549744544, -0.6759484600668249, 59.26275382577429]
ego pose [0.6620153071923593, -0.6820219221084298, 59.98663277220616]
ego pose [0.7502478261658773, -0.6883990257971381, 60.65465398686227]
ego pose [0.8243625771399257, -0.6966548293102183, 61.307205083359655]
ego pose [0.8706307719071552, -0.7115689750976684, 61.961383655395245]
ego pose [0.8786226395157608, -0.7266809509791358, 62.622781559133394]
ego pose [0.8459876134494809, -0.7383914972443204, 63.251546791100075]
ego pose [0.7842988833606075, -0.750889744694087, 63.904322763378424]
ego pose [0.7057522244336475, -0.7577097441636015, 64.59263908819123]
ego pose [0.6262374900637177, -0.7721104978770981, 65.32317257779182]
ego pose [0.5701394825963623, -0.7888359838922304, 66.06455801035136]
ego pose [0.5588489126924461, -0.8041172256355174, 66.76830070437782]
ego pose [0.6028963985362299, -0.8152443174379247, 67.41271843762748]
ego pose [0.6786555659092803, -0.8266038963445922, 68.04143539168479]
ego pose [0.7683516779385129, -0.8381122432759707, 68.64757009355282]
ego pose [0.8589710941054256, -0.8475911082670821, 69.22658477555967]
ego pose [0.9462940512329454, -0.8600264039570772, 69.79504651471]
ego pose [1.0291431935370423, -0.8703687328735675, 70.3665807543029]
ego pose [1.106073198719271, -0.8802266393855087, 70.93412396989548]
ego pose [1.1775059395739849, -0.8934658290514137, 71.50700413985477]
ego pose [1.2416665513902696, -0.9078603819443674, 72.07133182422413]
ego pose [1.2968930255956783, -0.923156174179682, 72.64054308757443]
ego pose [1.3432255205931398, -0.9348816370666471, 73.21320447934109]
ego pose [1.3811261220639834, -0.942891865700186, 73.79659766524397]
ego pose [1.4138043216608045, -0.9831171084927764, 74.43382968492612]
ego pose [1.4463357075147112, -0.9847274911313435, 75.10912409362744]
ego pose [1.4718524236730082, -0.9859205314658473, 75.5970348458415]
ego pose [1.48967464241802, -0.9867239799011689, 75.92003973133707]
ego pose [1.5018793256590948, -0.9891590792651483, 76.13389209149449]
ego pose [1.5101373487360272, -0.9914260444452423, 76.2754856111349]
ego pose [1.5295834581524066, -0.9994046390447066, 76.60424512266913]
ego pose [1.5532697429792475, -1.0060386401730534, 77.06983524396165]
ego pose [1.5654191958704988, -1.010245233485089, 77.63151100166674]
ego pose [1.5539087938048113, -1.0091752400502654, 78.27468819417975]
ego pose [1.516851872854627, -1.0125485498090836, 78.99310884992946]
ego pose [1.4606220545318718, -1.0179212677197922, 79.75498504851225]
ego pose [1.4027267478394119, -1.0229138911016058, 80.54733165206791]
ego pose [1.3339851374318243, -1.030307573128193, 81.36190736062373]
ego pose [1.257283879440656, -1.0449864534720872, 82.15258699871573]
ego pose [1.198326299426894, -1.0514878512005936, 82.86950067488318]
ego pose [1.146792682729717, -1.042992699671895, 83.63200708297789]
ego pose [1.1252844109920297, -1.0534812697403213, 84.40294900006948]
ego pose [1.1516211583800449, -1.0558012617666035, 85.15586793909671]
ego pose [1.2059022370434431, -1.1021027517436242, 85.88152864699256]
ego pose [1.2780077025967114, -1.1161021938811604, 86.59443366370789]
ego pose [1.3597829356751363, -1.1389205805888503, 87.27084457871646]
ego pose [1.4335464258344632, -1.1500574737457645, 87.9174030124622]
ego pose [1.5003475801417143, -1.1567442566008266, 88.5652983322458]
ego pose [1.5512650562559012, -1.1709905694241585, 89.2269398033137]
ego pose [1.5825718263659496, -1.1737692977732512, 89.92506169549944]
ego pose [1.5942398607862756, -1.184989522922915, 90.68729012061574]
ego pose [1.5632285465332618, -1.2028270122835225, 91.45867009389428]
ego pose [1.5191970976443931, -1.2161505920706328, 92.04151234446236]
ego pose [1.4794775048676292, -1.2242882511845943, 92.43652348891246]
ego pose [1.4488996446064057, -1.2297208101529056, 92.69705490127555]
ego pose [1.4268150118441705, -1.232944370311815, 92.8689590934703]
ego pose [1.3782572962174244, -1.2393533598168176, 93.22649378457768]
ego pose [1.3030740093316349, -1.248765727674795, 93.76963189340357]
ego pose [1.229049218059431, -1.2627880899080404, 94.33583219748114]
ego pose [1.149766766757141, -1.2724752751854056, 94.97585799838845]
ego pose [1.0573899867798435, -1.2841867734218742, 95.68522691247533]
ego pose [0.9457365055235761, -1.2933019033015398, 96.45284496581394]
ego pose [0.8260675168661236, -1.3027200548345002, 97.23817140568303]
ego pose [0.7092775019934583, -1.3209854280095539, 98.0296055109457]
ego pose [0.6285783144381918, -1.3337535921857646, 98.63677097579735]
ego pose [0.5768348162829828, -1.3413228089805984, 99.05861428914127]
ego pose [0.5445005274778221, -1.3467400986558962, 99.33807776020089]
ego pose [0.5239401467631709, -1.3502552430905914, 99.52310353647653]
ego pose [0.4837812290689511, -1.359045090314329, 99.89460388961635]
ego pose [0.4284831170618386, -1.3708704176173823, 100.44434926786747]
ego pose [0.3673709563876527, -1.3881646523895075, 101.12797307631186]
ego pose [0.3368198389714938, -1.398429315626846, 101.62588659114446]
ego pose [0.3230454267484704, -1.4095368310742715, 101.95534453425141]
ego pose [0.31672949616644963, -1.4143146688958885, 102.17321335772826]
ego pose [0.3137706450387405, -1.4163120469229205, 102.31724979467911]
ego pose [0.312345724406567, -1.4173409297173807, 102.41245841328941]
ego pose [0.309156015784541, -1.4204756771042713, 102.69515970008452]
ego pose [0.30768903938686476, -1.423251492543387, 102.88232820764775]
ego pose [0.30699991768227186, -1.4258393544804475, 103.00624703664397]
ego pose [0.3066672494693925, -1.4275094535225135, 103.08828676319463]
ego pose [0.306501155917297, -1.4291580057364053, 103.14259770952877]
ego pose [0.305921191066546, -1.434181463711251, 103.38440821433501]
ego pose [0.30326492801116894, -1.443864420364832, 103.81371119705881]
ego pose [0.290697701379836, -1.459242572421335, 104.4216310840679]
ego pose [0.271398372451802, -1.4670245817570957, 104.84173779185141]
Complete
MoviePy - Building video /datasets/nuscenes-full/hugsim/outputs/nusc_uniad/scene-0051_easy_00/video.mp4.
MoviePy - Writing video /datasets/nuscenes-full/hugsim/outputs/nusc_uniad/scene-0051_easy_00/video.mp4

frame_index:   0%|          | 0/179 [00:00<?, ?it/s, now=None]frame_index:   6%|▌         | 11/179 [00:00<00:01, 109.77it/s, now=None]frame_index:  15%|█▍        | 26/179 [00:00<00:01, 129.32it/s, now=None]frame_index:  23%|██▎       | 41/179 [00:00<00:01, 135.81it/s, now=None]frame_index:  32%|███▏      | 58/179 [00:00<00:00, 148.58it/s, now=None]frame_index:  41%|████      | 73/179 [00:00<00:00, 131.10it/s, now=None]frame_index:  49%|████▊     | 87/179 [00:01<00:02, 33.94it/s, now=None] frame_index:  54%|█████▍    | 97/179 [00:02<00:04, 18.02it/s, now=None]frame_index:  58%|█████▊    | 104/179 [00:04<00:05, 12.94it/s, now=None]frame_index:  61%|██████    | 109/179 [00:04<00:05, 13.51it/s, now=None]frame_index:  63%|██████▎   | 113/179 [00:04<00:04, 14.20it/s, now=None]frame_index:  65%|██████▌   | 117/179 [00:05<00:04, 13.07it/s, now=None]frame_index:  67%|██████▋   | 120/179 [00:05<00:05, 11.71it/s, now=None]frame_index:  69%|██████▊   | 123/179 [00:05<00:04, 12.41it/s, now=None]frame_index:  70%|██████▉   | 125/179 [00:05<00:04, 11.04it/s, now=None]frame_index:  72%|███████▏  | 129/179 [00:06<00:03, 13.45it/s, now=None]frame_index:  73%|███████▎  | 131/179 [00:06<00:03, 12.25it/s, now=None]frame_index:  74%|███████▍  | 133/179 [00:06<00:04, 10.30it/s, now=None]frame_index:  76%|███████▌  | 136/179 [00:06<00:04, 10.20it/s, now=None]frame_index:  78%|███████▊  | 140/179 [00:07<00:02, 13.43it/s, now=None]frame_index:  79%|███████▉  | 142/179 [00:07<00:02, 14.21it/s, now=None]frame_index:  80%|████████  | 144/179 [00:07<00:02, 13.87it/s, now=None]frame_index:  82%|████████▏ | 147/179 [00:07<00:02, 12.69it/s, now=None]frame_index:  83%|████████▎ | 149/179 [00:07<00:02, 11.01it/s, now=None]frame_index:  85%|████████▍ | 152/179 [00:08<00:02, 11.18it/s, now=None]frame_index:  87%|████████▋ | 156/179 [00:08<00:01, 14.14it/s, now=None]frame_index:  89%|████████▉ | 159/179 [00:08<00:01, 16.74it/s, now=None]frame_index:  90%|████████▉ | 161/179 [00:08<00:01, 11.89it/s, now=None]frame_index:  91%|█████████ | 163/179 [00:08<00:01, 11.98it/s, now=None]frame_index:  92%|█████████▏| 165/179 [00:09<00:01, 11.47it/s, now=None]frame_index:  94%|█████████▍| 168/179 [00:09<00:00, 11.33it/s, now=None]frame_index:  96%|█████████▌| 172/179 [00:09<00:00, 14.75it/s, now=None]frame_index:  97%|█████████▋| 174/179 [00:09<00:00, 14.63it/s, now=None]frame_index:  98%|█████████▊| 176/179 [00:09<00:00, 12.79it/s, now=None]frame_index:  99%|█████████▉| 178/179 [00:09<00:00, 13.13it/s, now=None]                                                                        MoviePy - Done !
MoviePy - video ready /datasets/nuscenes-full/hugsim/outputs/nusc_uniad/scene-0051_easy_00/video.mp4
this pkl file contains 1 experiment records.
current exp has 179 frames
frame 0 / 179
comfortable: [True, True, True, True, True, True]
frame 1 / 179
comfortable: [True, True, True, True, True, True]
frame 2 / 179
comfortable: [True, True, True, True, True, True]
frame 3 / 179
comfortable: [True, True, True, True, True, True]
frame 4 / 179
collision with background detected! @ timestep5
 failed to pass ttc collision check, t=1
comfortable: [True, True, True, True, True, True]
frame 5 / 179
collision with background detected! @ timestep5
collision with background detected! @ timestep4
 failed to pass ttc collision check, t=0.5
comfortable: [True, True, True, True, False, True]
frame 6 / 179
collision with background detected! @ timestep5
collision with background detected! @ timestep4
 failed to pass ttc collision check, t=0.5
comfortable: [True, True, True, True, True, True]
frame 7 / 179
collision with background detected! @ timestep4
collision with background detected! @ timestep3
 failed to pass ttc collision check, t=0.5
comfortable: [True, True, True, True, True, True]
frame 8 / 179
collision with background detected! @ timestep4
collision with background detected! @ timestep3
 failed to pass ttc collision check, t=0.5
comfortable: [True, True, True, True, True, True]
frame 9 / 179
comfortable: [True, True, True, True, True, True]
frame 10 / 179
comfortable: [True, True, True, True, True, True]
frame 11 / 179
comfortable: [True, True, True, True, True, True]
frame 12 / 179
comfortable: [True, False, False, False, False, True]
frame 13 / 179
comfortable: [True, False, False, False, True, True]
frame 14 / 179
comfortable: [True, False, False, False, True, True]
frame 15 / 179
comfortable: [True, False, False, False, False, True]
frame 16 / 179
comfortable: [True, True, True, True, True, True]
frame 17 / 179
collision with background detected! @ timestep5
collision with background detected! @ timestep4
 failed to pass ttc collision check, t=0.5
comfortable: [True, True, True, True, True, True]
frame 18 / 179
collision with background detected! @ timestep3
collision with background detected! @ timestep3
 failed to pass ttc collision check, t=0.5
comfortable: [True, True, False, False, False, False]
frame 19 / 179
collision with background detected! @ timestep1
 failed to pass ttc collision check, t=0.5
comfortable: [True, True, True, True, True, True]
frame 20 / 179
collision with background detected! @ timestep3
collision with background detected! @ timestep1
 failed to pass ttc collision check, t=0.5
comfortable: [True, True, False, False, False, False]
frame 21 / 179
collision with background detected! @ timestep3
collision with background detected! @ timestep3
 failed to pass ttc collision check, t=0.5
comfortable: [True, True, False, False, False, False]
frame 22 / 179
collision with background detected! @ timestep2
collision with background detected! @ timestep3
 failed to pass ttc collision check, t=0.5
comfortable: [True, True, False, False, False, False]
frame 23 / 179
collision with background detected! @ timestep1
collision with background detected! @ timestep0
 failed to pass ttc collision check, t=0.5
comfortable: [True, True, False, False, True, True]
frame 24 / 179
collision with background detected! @ timestep1
collision with background detected! @ timestep0
 failed to pass ttc collision check, t=0.5
comfortable: [True, True, True, True, False, True]
frame 25 / 179
collision with background detected! @ timestep1
collision with background detected! @ timestep0
 failed to pass ttc collision check, t=0.5
comfortable: [True, True, True, True, True, True]
frame 26 / 179
collision with background detected! @ timestep0
collision with background detected! @ timestep4
 failed to pass ttc collision check, t=1
comfortable: [True, True, True, True, True, True]
frame 27 / 179
collision with background detected! @ timestep0
collision with background detected! @ timestep1
 failed to pass ttc collision check, t=1
comfortable: [True, False, False, False, True, True]
frame 28 / 179
collision with background detected! @ timestep0
collision with background detected! @ timestep0
 failed to pass ttc collision check, t=0.5
comfortable: [True, True, True, True, True, True]
frame 29 / 179
comfortable: [True, True, True, True, True, True]
frame 30 / 179
comfortable: [True, True, True, True, True, True]
frame 31 / 179
comfortable: [True, True, True, True, True, True]
frame 32 / 179
comfortable: [True, True, True, True, True, True]
frame 33 / 179
comfortable: [True, True, True, True, True, True]
frame 34 / 179
collision with background detected! @ timestep1
 failed to pass ttc collision check, t=0.5
comfortable: [True, True, True, False, True, True]
frame 35 / 179
collision with background detected! @ timestep1
 failed to pass ttc collision check, t=0.5
comfortable: [True, True, True, True, False, True]
frame 36 / 179
comfortable: [True, True, True, True, True, True]
frame 37 / 179
comfortable: [True, True, True, True, True, True]
frame 38 / 179
collision with background detected! @ timestep1
collision with background detected! @ timestep0
 failed to pass ttc collision check, t=0.5
comfortable: [True, True, True, True, False, True]
frame 39 / 179
collision with background detected! @ timestep1
collision with background detected! @ timestep0
 failed to pass ttc collision check, t=0.5
comfortable: [True, True, True, True, True, True]
frame 40 / 179
collision with background detected! @ timestep1
collision with background detected! @ timestep0
 failed to pass ttc collision check, t=0.5
comfortable: [True, True, True, True, False, True]
frame 41 / 179
collision with background detected! @ timestep1
 failed to pass ttc collision check, t=0.5
comfortable: [True, True, False, False, False, True]
frame 42 / 179
collision with background detected! @ timestep1
 failed to pass ttc collision check, t=0.5
comfortable: [True, True, True, True, False, True]
frame 43 / 179
collision with background detected! @ timestep1
 failed to pass ttc collision check, t=0.5
comfortable: [True, True, False, False, False, True]
frame 44 / 179
collision with background detected! @ timestep1
 failed to pass ttc collision check, t=0.5
comfortable: [True, True, True, True, False, False]
frame 45 / 179
collision with background detected! @ timestep1
collision with background detected! @ timestep0
 failed to pass ttc collision check, t=0.5
comfortable: [True, False, False, False, True, True]
frame 46 / 179
comfortable: [True, False, False, False, False, True]
frame 47 / 179
collision with background detected! @ timestep1
 failed to pass ttc collision check, t=1
comfortable: [True, False, False, False, True, True]
frame 48 / 179
collision with background detected! @ timestep5
 failed to pass ttc collision check, t=1
comfortable: [True, False, False, False, False, False]
frame 49 / 179
comfortable: [True, False, False, False, False, False]
frame 50 / 179
comfortable: [True, False, False, False, False, False]
frame 51 / 179
collision with background detected! @ timestep4
 failed to pass ttc collision check, t=1
comfortable: [True, False, False, False, False, False]
frame 52 / 179
collision with background detected! @ timestep4
 failed to pass ttc collision check, t=1
comfortable: [True, True, False, False, False, False]
frame 53 / 179
collision with background detected! @ timestep5
 failed to pass ttc collision check, t=0.5
comfortable: [True, True, True, True, False, False]
frame 54 / 179
collision with background detected! @ timestep5
collision with background detected! @ timestep2
 failed to pass ttc collision check, t=0.5
comfortable: [True, True, True, False, False, False]
frame 55 / 179
collision with background detected! @ timestep4
collision with background detected! @ timestep2
 failed to pass ttc collision check, t=0.5
comfortable: [True, False, False, False, False, False]
frame 56 / 179
collision with background detected! @ timestep4
collision with background detected! @ timestep2
 failed to pass ttc collision check, t=0.5
comfortable: [True, False, False, False, False, False]
frame 57 / 179
collision with background detected! @ timestep3
 failed to pass ttc collision check, t=0.5
comfortable: [True, False, False, False, False, False]
frame 58 / 179
collision with background detected! @ timestep2
 failed to pass ttc collision check, t=0.5
comfortable: [True, True, False, False, False, False]
frame 59 / 179
collision with background detected! @ timestep2
 failed to pass ttc collision check, t=0.5
comfortable: [True, True, True, True, False, True]
frame 60 / 179
comfortable: [True, True, False, False, True, True]
frame 61 / 179
comfortable: [True, True, True, True, True, True]
frame 62 / 179
comfortable: [True, True, True, True, True, True]
frame 63 / 179
comfortable: [True, True, True, True, True, True]
frame 64 / 179
comfortable: [True, True, True, True, True, True]
frame 65 / 179
collision with background detected! @ timestep1
 failed to pass ttc collision check, t=1
comfortable: [True, True, False, False, True, True]
frame 66 / 179
comfortable: [True, False, False, False, False, True]
frame 67 / 179
comfortable: [True, True, True, True, True, True]
frame 68 / 179
comfortable: [True, True, True, True, True, True]
frame 69 / 179
comfortable: [True, True, True, True, True, True]
frame 70 / 179
comfortable: [True, True, True, True, True, True]
frame 71 / 179
comfortable: [True, False, False, False, False, False]
frame 72 / 179
comfortable: [True, False, False, False, False, True]
frame 73 / 179
comfortable: [True, False, False, False, False, False]
frame 74 / 179
comfortable: [True, False, False, False, False, False]
frame 75 / 179
collision with background detected! @ timestep1
 failed to pass ttc collision check, t=0.5
comfortable: [True, True, True, False, False, False]
frame 76 / 179
comfortable: [True, True, False, False, False, False]
frame 77 / 179
collision with background detected! @ timestep2
 failed to pass ttc collision check, t=1
comfortable: [True, True, False, False, False, False]
frame 78 / 179
collision with background detected! @ timestep2
 failed to pass ttc collision check, t=1
comfortable: [True, True, True, True, False, False]
frame 79 / 179
comfortable: [True, True, False, False, False, False]
frame 80 / 179
comfortable: [True, False, False, False, False, True]
frame 81 / 179
comfortable: [True, False, False, False, True, True]
frame 82 / 179
comfortable: [True, False, False, False, False, False]
frame 83 / 179
comfortable: [True, True, False, False, False, False]
frame 84 / 179
comfortable: [True, False, False, False, False, False]
frame 85 / 179
comfortable: [True, False, False, False, True, True]
frame 86 / 179
comfortable: [True, False, False, False, True, True]
frame 87 / 179
comfortable: [True, False, False, False, False, False]
frame 88 / 179
comfortable: [True, False, False, False, True, True]
frame 89 / 179
collision with background detected! @ timestep5
 failed to pass ttc collision check, t=0.5
comfortable: [True, True, True, True, False, True]
frame 90 / 179
collision with background detected! @ timestep5
 failed to pass ttc collision check, t=0.5
comfortable: [True, True, True, True, False, False]
frame 91 / 179
collision with background detected! @ timestep5
collision with background detected! @ timestep2
 failed to pass ttc collision check, t=0.5
comfortable: [True, True, True, True, False, False]
frame 92 / 179
collision with background detected! @ timestep3
collision with background detected! @ timestep2
 failed to pass ttc collision check, t=0.5
comfortable: [True, True, True, True, False, False]
frame 93 / 179
collision with background detected! @ timestep4
collision with background detected! @ timestep2
 failed to pass ttc collision check, t=0.5
comfortable: [True, False, False, False, False, False]
frame 94 / 179
collision with background detected! @ timestep2
collision with background detected! @ timestep2
 failed to pass ttc collision check, t=0.5
comfortable: [True, True, False, False, False, False]
frame 95 / 179
collision with background detected! @ timestep3
collision with background detected! @ timestep1
 failed to pass ttc collision check, t=0.5
comfortable: [True, True, False, False, False, False]
frame 96 / 179
collision with background detected! @ timestep3
collision with background detected! @ timestep2
 failed to pass ttc collision check, t=0.5
comfortable: [True, True, False, False, False, False]
frame 97 / 179
collision with background detected! @ timestep2
collision with background detected! @ timestep2
 failed to pass ttc collision check, t=0.5
comfortable: [True, True, False, False, False, False]
frame 98 / 179
collision with background detected! @ timestep0
collision with background detected! @ timestep2
 failed to pass ttc collision check, t=0.5
comfortable: [True, True, True, True, False, False]
frame 99 / 179
collision with background detected! @ timestep2
collision with background detected! @ timestep2
 failed to pass ttc collision check, t=0.5
comfortable: [True, True, True, True, False, False]
frame 100 / 179
collision with background detected! @ timestep2
 failed to pass ttc collision check, t=0.5
comfortable: [True, True, True, True, False, False]
frame 101 / 179
collision with background detected! @ timestep0
collision with background detected! @ timestep2
 failed to pass ttc collision check, t=0.5
comfortable: [True, True, True, True, False, False]
frame 102 / 179
collision with background detected! @ timestep0
collision with background detected! @ timestep5
 failed to pass ttc collision check, t=0.5
comfortable: [True, True, True, False, False, False]
frame 103 / 179
collision with background detected! @ timestep0
collision with background detected! @ timestep2
 failed to pass ttc collision check, t=0.5
comfortable: [True, True, True, True, False, False]
frame 104 / 179
collision with background detected! @ timestep0
collision with background detected! @ timestep2
 failed to pass ttc collision check, t=0.5
comfortable: [True, True, False, False, False, False]
frame 105 / 179
collision with background detected! @ timestep5
collision with background detected! @ timestep2
 failed to pass ttc collision check, t=0.5
comfortable: [True, True, True, True, False, False]
frame 106 / 179
collision with background detected! @ timestep4
collision with background detected! @ timestep2
 failed to pass ttc collision check, t=0.5
comfortable: [True, True, False, False, False, False]
frame 107 / 179
collision with background detected! @ timestep3
collision with background detected! @ timestep3
 failed to pass ttc collision check, t=0.5
comfortable: [True, True, False, False, False, False]
frame 108 / 179
collision with background detected! @ timestep3
collision with background detected! @ timestep1
 failed to pass ttc collision check, t=0.5
comfortable: [True, True, True, True, False, False]
frame 109 / 179
collision with background detected! @ timestep2
collision with background detected! @ timestep1
 failed to pass ttc collision check, t=0.5
comfortable: [True, True, True, True, False, False]
frame 110 / 179
collision with background detected! @ timestep2
collision with background detected! @ timestep1
 failed to pass ttc collision check, t=0.5
comfortable: [True, True, True, True, False, False]
frame 111 / 179
collision with background detected! @ timestep1
collision with background detected! @ timestep0
 failed to pass ttc collision check, t=0.5
comfortable: [True, True, True, True, False, False]
frame 112 / 179
collision with background detected! @ timestep1
collision with background detected! @ timestep0
 failed to pass ttc collision check, t=0.5
comfortable: [True, True, True, False, False, False]
frame 113 / 179
collision with background detected! @ timestep0
collision with background detected! @ timestep0
 failed to pass ttc collision check, t=0.5
comfortable: [True, True, False, False, False, False]
frame 114 / 179
collision with background detected! @ timestep0
collision with background detected! @ timestep0
 failed to pass ttc collision check, t=0.5
comfortable: [True, True, False, False, False, False]
frame 115 / 179
collision with background detected! @ timestep0
collision with background detected! @ timestep0
 failed to pass ttc collision check, t=0.5
comfortable: [True, True, False, False, False, False]
frame 116 / 179
collision with background detected! @ timestep0
collision with background detected! @ timestep0
 failed to pass ttc collision check, t=0.5
comfortable: [True, True, False, False, False, False]
frame 117 / 179
collision with background detected! @ timestep0
collision with background detected! @ timestep0
 failed to pass ttc collision check, t=0.5
comfortable: [True, True, False, False, False, True]
frame 118 / 179
collision with background detected! @ timestep0
collision with background detected! @ timestep0
 failed to pass ttc collision check, t=0.5
comfortable: [True, True, False, False, False, True]
frame 119 / 179
collision with background detected! @ timestep0
collision with background detected! @ timestep0
 failed to pass ttc collision check, t=0.5
comfortable: [True, True, True, True, True, True]
frame 120 / 179
collision with background detected! @ timestep0
collision with background detected! @ timestep0
 failed to pass ttc collision check, t=0.5
comfortable: [True, True, True, True, True, True]
frame 121 / 179
collision with background detected! @ timestep0
collision with background detected! @ timestep0
 failed to pass ttc collision check, t=0.5
comfortable: [True, True, True, True, True, True]
frame 122 / 179
collision with background detected! @ timestep0
collision with background detected! @ timestep0
 failed to pass ttc collision check, t=0.5
comfortable: [True, True, True, True, True, True]
frame 123 / 179
collision with background detected! @ timestep0
collision with background detected! @ timestep0
 failed to pass ttc collision check, t=0.5
comfortable: [True, True, False, False, True, True]
frame 124 / 179
collision with background detected! @ timestep0
collision with background detected! @ timestep0
 failed to pass ttc collision check, t=0.5
comfortable: [True, False, False, False, False, False]
frame 125 / 179
collision with background detected! @ timestep0
collision with background detected! @ timestep0
 failed to pass ttc collision check, t=0.5
comfortable: [True, True, False, False, False, False]
frame 126 / 179
collision with background detected! @ timestep0
collision with background detected! @ timestep0
 failed to pass ttc collision check, t=0.5
comfortable: [True, True, True, True, True, True]
frame 127 / 179
collision with background detected! @ timestep0
collision with background detected! @ timestep0
 failed to pass ttc collision check, t=0.5
comfortable: [True, True, True, True, True, True]
frame 128 / 179
collision with background detected! @ timestep0
collision with background detected! @ timestep0
 failed to pass ttc collision check, t=0.5
comfortable: [True, True, True, True, True, True]
frame 129 / 179
collision with background detected! @ timestep0
collision with background detected! @ timestep0
 failed to pass ttc collision check, t=0.5
comfortable: [True, False, False, False, False, False]
frame 130 / 179
collision with background detected! @ timestep0
collision with background detected! @ timestep0
 failed to pass ttc collision check, t=0.5
comfortable: [True, True, False, False, False, False]
frame 131 / 179
collision with background detected! @ timestep0
collision with background detected! @ timestep1
 failed to pass ttc collision check, t=0.5
comfortable: [True, False, False, False, False, False]
frame 132 / 179
collision with background detected! @ timestep0
collision with background detected! @ timestep3
 failed to pass ttc collision check, t=0.5
comfortable: [True, False, False, False, False, False]
frame 133 / 179
collision with background detected! @ timestep0
comfortable: [True, True, True, True, True, True]
frame 134 / 179
collision with background detected! @ timestep0
collision with background detected! @ timestep5
 failed to pass ttc collision check, t=1
comfortable: [True, True, True, True, True, True]
frame 135 / 179
collision with background detected! @ timestep0
collision with background detected! @ timestep2
 failed to pass ttc collision check, t=0.5
comfortable: [True, False, False, False, False, False]
frame 136 / 179
collision with background detected! @ timestep0
collision with background detected! @ timestep2
 failed to pass ttc collision check, t=0.5
comfortable: [True, False, False, False, False, False]
frame 137 / 179
collision with background detected! @ timestep0
collision with background detected! @ timestep2
 failed to pass ttc collision check, t=0.5
comfortable: [True, True, True, True, False, False]
frame 138 / 179
collision with background detected! @ timestep0
collision with background detected! @ timestep0
 failed to pass ttc collision check, t=0.5
comfortable: [True, True, True, True, True, True]
frame 139 / 179
collision with background detected! @ timestep0
collision with background detected! @ timestep0
 failed to pass ttc collision check, t=0.5
comfortable: [True, True, True, True, True, True]
frame 140 / 179
collision with background detected! @ timestep0
collision with background detected! @ timestep0
 failed to pass ttc collision check, t=0.5
comfortable: [True, True, True, True, True, True]
frame 141 / 179
collision with background detected! @ timestep0
collision with background detected! @ timestep0
 failed to pass ttc collision check, t=0.5
comfortable: [True, True, True, True, True, True]
frame 142 / 179
collision with background detected! @ timestep0
collision with background detected! @ timestep0
 failed to pass ttc collision check, t=0.5
comfortable: [True, True, True, True, True, True]
frame 143 / 179
collision with background detected! @ timestep0
collision with background detected! @ timestep3
 failed to pass ttc collision check, t=0.5
comfortable: [True, True, True, True, True, True]
frame 144 / 179
collision with background detected! @ timestep0
collision with background detected! @ timestep2
 failed to pass ttc collision check, t=0.5
comfortable: [True, True, False, False, False, False]
frame 145 / 179
collision with background detected! @ timestep0
collision with background detected! @ timestep0
 failed to pass ttc collision check, t=0.5
comfortable: [True, True, True, True, True, True]
frame 146 / 179
collision with background detected! @ timestep0
collision with background detected! @ timestep0
 failed to pass ttc collision check, t=0.5
comfortable: [True, True, True, True, True, True]
frame 147 / 179
collision with background detected! @ timestep0
collision with background detected! @ timestep0
 failed to pass ttc collision check, t=0.5
comfortable: [True, True, True, True, True, True]
frame 148 / 179
collision with background detected! @ timestep0
collision with background detected! @ timestep0
 failed to pass ttc collision check, t=0.5
comfortable: [True, True, True, True, True, True]
frame 149 / 179
collision with background detected! @ timestep1
 failed to pass ttc collision check, t=1
comfortable: [True, True, False, False, True, True]
frame 150 / 179
collision with background detected! @ timestep1
 failed to pass ttc collision check, t=0.5
comfortable: [True, False, False, False, False, False]
frame 151 / 179
collision with background detected! @ timestep1
collision with background detected! @ timestep0
 failed to pass ttc collision check, t=0.5
comfortable: [True, False, False, False, False, False]
frame 152 / 179
comfortable: [True, True, True, True, True, True]
frame 153 / 179
comfortable: [True, True, True, True, True, True]
frame 154 / 179
comfortable: [True, True, True, True, True, True]
frame 155 / 179
comfortable: [True, True, True, True, True, True]
frame 156 / 179
comfortable: [True, True, True, True, True, True]
frame 157 / 179
comfortable: [True, True, True, True, True, True]
frame 158 / 179
comfortable: [True, True, True, True, True, True]
frame 159 / 179
comfortable: [True, True, True, True, True, True]
frame 160 / 179
comfortable: [True, True, True, True, True, True]
frame 161 / 179
comfortable: [True, True, True, False, False, False]
frame 162 / 179
collision with background detected! @ timestep2
 failed to pass ttc collision check, t=1
comfortable: [True, True, True, False, False, False]
frame 163 / 179
comfortable: [True, True, True, False, True, True]
frame 164 / 179
comfortable: [True, True, True, True, True, True]
frame 165 / 179
comfortable: [True, True, True, True, True, True]
frame 166 / 179
comfortable: [True, True, True, True, True, True]
frame 167 / 179
comfortable: [True, True, True, True, True, True]
frame 168 / 179
comfortable: [True, True, True, True, True, True]
frame 169 / 179
comfortable: [True, True, True, False, False, True]
frame 170 / 179
comfortable: [True, True, True, True, True, True]
frame 171 / 179
comfortable: [True, True, True, True, True, True]
frame 172 / 179
comfortable: [True, True, True, True, True, True]
frame 173 / 179
comfortable: [True, True, True, True, True, True]
frame 174 / 179
collision with background detected! @ timestep1
 failed to pass ttc collision check, t=0.5
comfortable: [True, True, False, False, True, True]
frame 175 / 179
collision with background detected! @ timestep0
 failed to pass ttc collision check, t=1
comfortable: [True, True, False, False, True, True]
frame 176 / 179
collision with background detected! @ timestep1
 failed to pass ttc collision check, t=1
comfortable: [True, True, False, False, True, True]
frame 177 / 179
comfortable: [True, True, True, True, True, True]
frame 178 / 179
comfortable: [True, True, True, True, True, True]
The score of experiment is (0.3511572226656027, 1.0, 0.3511572226656027, {'nc': 0.553072625698324, 'dac': 0.994413407821229, 'ttc': 0.39664804469273746, 'c': 0.4022346368715084, 'pdms': 0.3511572226656027}, {0.25: {'nc': 1.0, 'dac': 1.0, 'ttc': 1.0, 'c': 1.0, 'pdms': 1.0}, 0.5: {'nc': 1.0, 'dac': 1.0, 'ttc': 1.0, 'c': 1.0, 'pdms': 1.0}, 0.75: {'nc': 1.0, 'dac': 1.0, 'ttc': 1.0, 'c': 1.0, 'pdms': 1.0}, 1.0: {'nc': 1.0, 'dac': 1.0, 'ttc': 1.0, 'c': 1.0, 'pdms': 1.0}, 1.25: {'nc': 1.0, 'dac': 1.0, 'ttc': 0.0, 'c': 1.0, 'pdms': 0.2857142857142857}, 1.5: {'nc': 0.0, 'dac': 1.0, 'ttc': 0.0, 'c': 0.0, 'pdms': 0.0}, 1.75: {'nc': 0.0, 'dac': 1.0, 'ttc': 0.0, 'c': 1.0, 'pdms': 0.0}, 2.0: {'nc': 0.0, 'dac': 1.0, 'ttc': 0.0, 'c': 1.0, 'pdms': 0.0}, 2.25: {'nc': 0.0, 'dac': 1.0, 'ttc': 0.0, 'c': 1.0, 'pdms': 0.0}, 2.5: {'nc': 1.0, 'dac': 1.0, 'ttc': 1.0, 'c': 1.0, 'pdms': 1.0}, 2.75: {'nc': 1.0, 'dac': 1.0, 'ttc': 1.0, 'c': 1.0, 'pdms': 1.0}, 3.0: {'nc': 1.0, 'dac': 1.0, 'ttc': 1.0, 'c': 1.0, 'pdms': 1.0}, 3.25: {'nc': 1.0, 'dac': 1.0, 'ttc': 1.0, 'c': 0.0, 'pdms': 0.7142857142857143}, 3.5: {'nc': 1.0, 'dac': 1.0, 'ttc': 1.0, 'c': 0.0, 'pdms': 0.7142857142857143}, 3.75: {'nc': 1.0, 'dac': 1.0, 'ttc': 1.0, 'c': 0.0, 'pdms': 0.7142857142857143}, 4.0: {'nc': 1.0, 'dac': 1.0, 'ttc': 1.0, 'c': 0.0, 'pdms': 0.7142857142857143}, 4.25: {'nc': 1.0, 'dac': 1.0, 'ttc': 1.0, 'c': 1.0, 'pdms': 1.0}, 4.5: {'nc': 0.0, 'dac': 1.0, 'ttc': 0.0, 'c': 1.0, 'pdms': 0.0}, 4.75: {'nc': 0.0, 'dac': 1.0, 'ttc': 0.0, 'c': 0.0, 'pdms': 0.0}, 5.0: {'nc': 1.0, 'dac': 1.0, 'ttc': 0.0, 'c': 1.0, 'pdms': 0.2857142857142857}, 5.25: {'nc': 0.0, 'dac': 1.0, 'ttc': 0.0, 'c': 0.0, 'pdms': 0.0}, 5.5: {'nc': 0.0, 'dac': 1.0, 'ttc': 0.0, 'c': 0.0, 'pdms': 0.0}, 5.75: {'nc': 0.0, 'dac': 1.0, 'ttc': 0.0, 'c': 0.0, 'pdms': 0.0}, 6.0: {'nc': 0.0, 'dac': 1.0, 'ttc': 0.0, 'c': 0.0, 'pdms': 0.0}, 6.25: {'nc': 0.0, 'dac': 1.0, 'ttc': 0.0, 'c': 0.0, 'pdms': 0.0}, 6.5: {'nc': 0.0, 'dac': 1.0, 'ttc': 0.0, 'c': 1.0, 'pdms': 0.0}, 6.75: {'nc': 0.0, 'dac': 1.0, 'ttc': 0.0, 'c': 1.0, 'pdms': 0.0}, 7.0: {'nc': 0.0, 'dac': 1.0, 'ttc': 0.0, 'c': 0.0, 'pdms': 0.0}, 7.25: {'nc': 0.0, 'dac': 1.0, 'ttc': 0.0, 'c': 1.0, 'pdms': 0.0}, 7.5: {'nc': 1.0, 'dac': 1.0, 'ttc': 1.0, 'c': 1.0, 'pdms': 1.0}, 7.75: {'nc': 1.0, 'dac': 1.0, 'ttc': 1.0, 'c': 1.0, 'pdms': 1.0}, 8.0: {'nc': 1.0, 'dac': 1.0, 'ttc': 1.0, 'c': 1.0, 'pdms': 1.0}, 8.25: {'nc': 1.0, 'dac': 1.0, 'ttc': 1.0, 'c': 1.0, 'pdms': 1.0}, 8.5: {'nc': 1.0, 'dac': 1.0, 'ttc': 1.0, 'c': 1.0, 'pdms': 1.0}, 8.75: {'nc': 1.0, 'dac': 1.0, 'ttc': 0.0, 'c': 0.0, 'pdms': 0.0}, 9.0: {'nc': 1.0, 'dac': 1.0, 'ttc': 0.0, 'c': 0.0, 'pdms': 0.0}, 9.25: {'nc': 1.0, 'dac': 1.0, 'ttc': 1.0, 'c': 1.0, 'pdms': 1.0}, 9.5: {'nc': 1.0, 'dac': 1.0, 'ttc': 1.0, 'c': 1.0, 'pdms': 1.0}, 9.75: {'nc': 0.0, 'dac': 1.0, 'ttc': 0.0, 'c': 0.0, 'pdms': 0.0}, 10.0: {'nc': 0.0, 'dac': 1.0, 'ttc': 0.0, 'c': 1.0, 'pdms': 0.0}, 10.25: {'nc': 0.0, 'dac': 1.0, 'ttc': 0.0, 'c': 0.0, 'pdms': 0.0}, 10.5: {'nc': 1.0, 'dac': 1.0, 'ttc': 0.0, 'c': 0.0, 'pdms': 0.0}, 10.75: {'nc': 1.0, 'dac': 1.0, 'ttc': 0.0, 'c': 0.0, 'pdms': 0.0}, 11.0: {'nc': 1.0, 'dac': 1.0, 'ttc': 0.0, 'c': 0.0, 'pdms': 0.0}, 11.25: {'nc': 1.0, 'dac': 1.0, 'ttc': 0.0, 'c': 0.0, 'pdms': 0.0}, 11.5: {'nc': 0.0, 'dac': 1.0, 'ttc': 0.0, 'c': 0.0, 'pdms': 0.0}, 11.75: {'nc': 1.0, 'dac': 1.0, 'ttc': 1.0, 'c': 0.0, 'pdms': 0.7142857142857143}, 12.0: {'nc': 1.0, 'dac': 1.0, 'ttc': 0.0, 'c': 0.0, 'pdms': 0.0}, 12.25: {'nc': 1.0, 'dac': 1.0, 'ttc': 0.0, 'c': 0.0, 'pdms': 0.0}, 12.5: {'nc': 1.0, 'dac': 1.0, 'ttc': 1.0, 'c': 0.0, 'pdms': 0.7142857142857143}, 12.75: {'nc': 1.0, 'dac': 1.0, 'ttc': 1.0, 'c': 0.0, 'pdms': 0.7142857142857143}, 13.0: {'nc': 1.0, 'dac': 1.0, 'ttc': 0.0, 'c': 0.0, 'pdms': 0.0}, 13.25: {'nc': 1.0, 'dac': 1.0, 'ttc': 0.0, 'c': 0.0, 'pdms': 0.0}, 13.5: {'nc': 1.0, 'dac': 1.0, 'ttc': 0.0, 'c': 0.0, 'pdms': 0.0}, 13.75: {'nc': 0.0, 'dac': 1.0, 'ttc': 0.0, 'c': 0.0, 'pdms': 0.0}, 14.0: {'nc': 0.0, 'dac': 1.0, 'ttc': 0.0, 'c': 0.0, 'pdms': 0.0}, 14.25: {'nc': 0.0, 'dac': 1.0, 'ttc': 0.0, 'c': 0.0, 'pdms': 0.0}, 14.5: {'nc': 1.0, 'dac': 1.0, 'ttc': 0.0, 'c': 0.0, 'pdms': 0.0}, 14.75: {'nc': 1.0, 'dac': 1.0, 'ttc': 0.0, 'c': 0.0, 'pdms': 0.0}, 15.0: {'nc': 1.0, 'dac': 1.0, 'ttc': 0.0, 'c': 0.0, 'pdms': 0.0}, 15.25: {'nc': 1.0, 'dac': 1.0, 'ttc': 1.0, 'c': 0.0, 'pdms': 0.7142857142857143}, 15.5: {'nc': 1.0, 'dac': 1.0, 'ttc': 1.0, 'c': 1.0, 'pdms': 1.0}, 15.75: {'nc': 1.0, 'dac': 1.0, 'ttc': 1.0, 'c': 1.0, 'pdms': 1.0}, 16.0: {'nc': 1.0, 'dac': 1.0, 'ttc': 1.0, 'c': 1.0, 'pdms': 1.0}, 16.25: {'nc': 1.0, 'dac': 1.0, 'ttc': 1.0, 'c': 1.0, 'pdms': 1.0}, 16.5: {'nc': 1.0, 'dac': 1.0, 'ttc': 0.0, 'c': 0.0, 'pdms': 0.0}, 16.75: {'nc': 1.0, 'dac': 1.0, 'ttc': 1.0, 'c': 0.0, 'pdms': 0.7142857142857143}, 17.0: {'nc': 1.0, 'dac': 1.0, 'ttc': 1.0, 'c': 1.0, 'pdms': 1.0}, 17.25: {'nc': 1.0, 'dac': 1.0, 'ttc': 1.0, 'c': 1.0, 'pdms': 1.0}, 17.5: {'nc': 1.0, 'dac': 1.0, 'ttc': 1.0, 'c': 1.0, 'pdms': 1.0}, 17.75: {'nc': 1.0, 'dac': 1.0, 'ttc': 1.0, 'c': 1.0, 'pdms': 1.0}, 18.0: {'nc': 1.0, 'dac': 1.0, 'ttc': 1.0, 'c': 0.0, 'pdms': 0.7142857142857143}, 18.25: {'nc': 1.0, 'dac': 1.0, 'ttc': 1.0, 'c': 0.0, 'pdms': 0.7142857142857143}, 18.5: {'nc': 1.0, 'dac': 1.0, 'ttc': 1.0, 'c': 0.0, 'pdms': 0.7142857142857143}, 18.75: {'nc': 1.0, 'dac': 1.0, 'ttc': 1.0, 'c': 0.0, 'pdms': 0.7142857142857143}, 19.0: {'nc': 1.0, 'dac': 1.0, 'ttc': 0.0, 'c': 0.0, 'pdms': 0.0}, 19.25: {'nc': 1.0, 'dac': 1.0, 'ttc': 1.0, 'c': 0.0, 'pdms': 0.7142857142857143}, 19.5: {'nc': 1.0, 'dac': 1.0, 'ttc': 0.0, 'c': 0.0, 'pdms': 0.0}, 19.75: {'nc': 1.0, 'dac': 1.0, 'ttc': 0.0, 'c': 0.0, 'pdms': 0.0}, 20.0: {'nc': 1.0, 'dac': 1.0, 'ttc': 1.0, 'c': 0.0, 'pdms': 0.7142857142857143}, 20.25: {'nc': 1.0, 'dac': 1.0, 'ttc': 1.0, 'c': 0.0, 'pdms': 0.7142857142857143}, 20.5: {'nc': 1.0, 'dac': 1.0, 'ttc': 1.0, 'c': 0.0, 'pdms': 0.7142857142857143}, 20.75: {'nc': 1.0, 'dac': 1.0, 'ttc': 1.0, 'c': 0.0, 'pdms': 0.7142857142857143}, 21.0: {'nc': 1.0, 'dac': 1.0, 'ttc': 1.0, 'c': 0.0, 'pdms': 0.7142857142857143}, 21.25: {'nc': 1.0, 'dac': 1.0, 'ttc': 1.0, 'c': 0.0, 'pdms': 0.7142857142857143}, 21.5: {'nc': 1.0, 'dac': 1.0, 'ttc': 1.0, 'c': 0.0, 'pdms': 0.7142857142857143}, 21.75: {'nc': 1.0, 'dac': 1.0, 'ttc': 1.0, 'c': 0.0, 'pdms': 0.7142857142857143}, 22.0: {'nc': 1.0, 'dac': 1.0, 'ttc': 1.0, 'c': 0.0, 'pdms': 0.7142857142857143}, 22.25: {'nc': 1.0, 'dac': 1.0, 'ttc': 1.0, 'c': 0.0, 'pdms': 0.7142857142857143}, 22.5: {'nc': 1.0, 'dac': 1.0, 'ttc': 0.0, 'c': 0.0, 'pdms': 0.0}, 22.75: {'nc': 1.0, 'dac': 1.0, 'ttc': 0.0, 'c': 0.0, 'pdms': 0.0}, 23.0: {'nc': 0.0, 'dac': 1.0, 'ttc': 0.0, 'c': 0.0, 'pdms': 0.0}, 23.25: {'nc': 0.0, 'dac': 1.0, 'ttc': 0.0, 'c': 0.0, 'pdms': 0.0}, 23.5: {'nc': 0.0, 'dac': 1.0, 'ttc': 0.0, 'c': 0.0, 'pdms': 0.0}, 23.75: {'nc': 0.0, 'dac': 1.0, 'ttc': 0.0, 'c': 0.0, 'pdms': 0.0}, 24.0: {'nc': 0.0, 'dac': 1.0, 'ttc': 0.0, 'c': 0.0, 'pdms': 0.0}, 24.25: {'nc': 0.0, 'dac': 1.0, 'ttc': 0.0, 'c': 0.0, 'pdms': 0.0}, 24.5: {'nc': 0.0, 'dac': 1.0, 'ttc': 0.0, 'c': 0.0, 'pdms': 0.0}, 24.75: {'nc': 0.0, 'dac': 1.0, 'ttc': 0.0, 'c': 0.0, 'pdms': 0.0}, 25.0: {'nc': 0.0, 'dac': 1.0, 'ttc': 0.0, 'c': 0.0, 'pdms': 0.0}, 25.25: {'nc': 1.0, 'dac': 1.0, 'ttc': 0.0, 'c': 0.0, 'pdms': 0.0}, 25.5: {'nc': 0.0, 'dac': 1.0, 'ttc': 0.0, 'c': 0.0, 'pdms': 0.0}, 25.75: {'nc': 0.0, 'dac': 1.0, 'ttc': 0.0, 'c': 0.0, 'pdms': 0.0}, 26.0: {'nc': 0.0, 'dac': 1.0, 'ttc': 0.0, 'c': 0.0, 'pdms': 0.0}, 26.25: {'nc': 0.0, 'dac': 1.0, 'ttc': 0.0, 'c': 0.0, 'pdms': 0.0}, 26.5: {'nc': 0.0, 'dac': 1.0, 'ttc': 0.0, 'c': 0.0, 'pdms': 0.0}, 26.75: {'nc': 0.0, 'dac': 1.0, 'ttc': 0.0, 'c': 0.0, 'pdms': 0.0}, 27.0: {'nc': 0.0, 'dac': 1.0, 'ttc': 0.0, 'c': 0.0, 'pdms': 0.0}, 27.25: {'nc': 0.0, 'dac': 1.0, 'ttc': 0.0, 'c': 0.0, 'pdms': 0.0}, 27.5: {'nc': 0.0, 'dac': 1.0, 'ttc': 0.0, 'c': 0.0, 'pdms': 0.0}, 27.75: {'nc': 0.0, 'dac': 1.0, 'ttc': 0.0, 'c': 0.0, 'pdms': 0.0}, 28.0: {'nc': 0.0, 'dac': 1.0, 'ttc': 0.0, 'c': 0.0, 'pdms': 0.0}, 28.25: {'nc': 0.0, 'dac': 1.0, 'ttc': 0.0, 'c': 0.0, 'pdms': 0.0}, 28.5: {'nc': 0.0, 'dac': 1.0, 'ttc': 0.0, 'c': 0.0, 'pdms': 0.0}, 28.75: {'nc': 0.0, 'dac': 1.0, 'ttc': 0.0, 'c': 0.0, 'pdms': 0.0}, 29.0: {'nc': 0.0, 'dac': 1.0, 'ttc': 0.0, 'c': 0.0, 'pdms': 0.0}, 29.25: {'nc': 0.0, 'dac': 1.0, 'ttc': 0.0, 'c': 0.0, 'pdms': 0.0}, 29.5: {'nc': 0.0, 'dac': 1.0, 'ttc': 0.0, 'c': 0.0, 'pdms': 0.0}, 29.75: {'nc': 0.0, 'dac': 1.0, 'ttc': 0.0, 'c': 0.0, 'pdms': 0.0}, 30.0: {'nc': 0.0, 'dac': 1.0, 'ttc': 0.0, 'c': 1.0, 'pdms': 0.0}, 30.25: {'nc': 0.0, 'dac': 1.0, 'ttc': 0.0, 'c': 1.0, 'pdms': 0.0}, 30.5: {'nc': 0.0, 'dac': 1.0, 'ttc': 0.0, 'c': 1.0, 'pdms': 0.0}, 30.75: {'nc': 0.0, 'dac': 1.0, 'ttc': 0.0, 'c': 1.0, 'pdms': 0.0}, 31.0: {'nc': 0.0, 'dac': 1.0, 'ttc': 0.0, 'c': 0.0, 'pdms': 0.0}, 31.25: {'nc': 0.0, 'dac': 1.0, 'ttc': 0.0, 'c': 0.0, 'pdms': 0.0}, 31.5: {'nc': 0.0, 'dac': 1.0, 'ttc': 0.0, 'c': 0.0, 'pdms': 0.0}, 31.75: {'nc': 0.0, 'dac': 1.0, 'ttc': 0.0, 'c': 1.0, 'pdms': 0.0}, 32.0: {'nc': 0.0, 'dac': 1.0, 'ttc': 0.0, 'c': 1.0, 'pdms': 0.0}, 32.25: {'nc': 0.0, 'dac': 1.0, 'ttc': 0.0, 'c': 1.0, 'pdms': 0.0}, 32.5: {'nc': 0.0, 'dac': 1.0, 'ttc': 0.0, 'c': 0.0, 'pdms': 0.0}, 32.75: {'nc': 0.0, 'dac': 1.0, 'ttc': 0.0, 'c': 0.0, 'pdms': 0.0}, 33.0: {'nc': 0.0, 'dac': 1.0, 'ttc': 0.0, 'c': 0.0, 'pdms': 0.0}, 33.25: {'nc': 0.0, 'dac': 1.0, 'ttc': 0.0, 'c': 0.0, 'pdms': 0.0}, 33.5: {'nc': 0.0, 'dac': 1.0, 'ttc': 1.0, 'c': 1.0, 'pdms': 0.0}, 33.75: {'nc': 0.0, 'dac': 1.0, 'ttc': 0.0, 'c': 1.0, 'pdms': 0.0}, 34.0: {'nc': 0.0, 'dac': 1.0, 'ttc': 0.0, 'c': 0.0, 'pdms': 0.0}, 34.25: {'nc': 0.0, 'dac': 1.0, 'ttc': 0.0, 'c': 0.0, 'pdms': 0.0}, 34.5: {'nc': 0.0, 'dac': 1.0, 'ttc': 0.0, 'c': 0.0, 'pdms': 0.0}, 34.75: {'nc': 0.0, 'dac': 1.0, 'ttc': 0.0, 'c': 1.0, 'pdms': 0.0}, 35.0: {'nc': 0.0, 'dac': 1.0, 'ttc': 0.0, 'c': 1.0, 'pdms': 0.0}, 35.25: {'nc': 0.0, 'dac': 1.0, 'ttc': 0.0, 'c': 1.0, 'pdms': 0.0}, 35.5: {'nc': 0.0, 'dac': 1.0, 'ttc': 0.0, 'c': 1.0, 'pdms': 0.0}, 35.75: {'nc': 0.0, 'dac': 1.0, 'ttc': 0.0, 'c': 1.0, 'pdms': 0.0}, 36.0: {'nc': 0.0, 'dac': 1.0, 'ttc': 0.0, 'c': 1.0, 'pdms': 0.0}, 36.25: {'nc': 0.0, 'dac': 1.0, 'ttc': 0.0, 'c': 0.0, 'pdms': 0.0}, 36.5: {'nc': 0.0, 'dac': 1.0, 'ttc': 0.0, 'c': 1.0, 'pdms': 0.0}, 36.75: {'nc': 0.0, 'dac': 1.0, 'ttc': 0.0, 'c': 1.0, 'pdms': 0.0}, 37.0: {'nc': 0.0, 'dac': 1.0, 'ttc': 0.0, 'c': 1.0, 'pdms': 0.0}, 37.25: {'nc': 0.0, 'dac': 1.0, 'ttc': 0.0, 'c': 1.0, 'pdms': 0.0}, 37.5: {'nc': 1.0, 'dac': 1.0, 'ttc': 0.0, 'c': 0.0, 'pdms': 0.0}, 37.75: {'nc': 1.0, 'dac': 1.0, 'ttc': 0.0, 'c': 0.0, 'pdms': 0.0}, 38.0: {'nc': 0.0, 'dac': 0.0, 'ttc': 0.0, 'c': 0.0, 'pdms': 0.0}, 38.25: {'nc': 1.0, 'dac': 1.0, 'ttc': 1.0, 'c': 1.0, 'pdms': 1.0}, 38.5: {'nc': 1.0, 'dac': 1.0, 'ttc': 1.0, 'c': 1.0, 'pdms': 1.0}, 38.75: {'nc': 1.0, 'dac': 1.0, 'ttc': 1.0, 'c': 1.0, 'pdms': 1.0}, 39.0: {'nc': 1.0, 'dac': 1.0, 'ttc': 1.0, 'c': 1.0, 'pdms': 1.0}, 39.25: {'nc': 1.0, 'dac': 1.0, 'ttc': 1.0, 'c': 1.0, 'pdms': 1.0}, 39.5: {'nc': 1.0, 'dac': 1.0, 'ttc': 1.0, 'c': 1.0, 'pdms': 1.0}, 39.75: {'nc': 1.0, 'dac': 1.0, 'ttc': 1.0, 'c': 1.0, 'pdms': 1.0}, 40.0: {'nc': 1.0, 'dac': 1.0, 'ttc': 1.0, 'c': 1.0, 'pdms': 1.0}, 40.25: {'nc': 1.0, 'dac': 1.0, 'ttc': 1.0, 'c': 1.0, 'pdms': 1.0}, 40.5: {'nc': 1.0, 'dac': 1.0, 'ttc': 1.0, 'c': 0.0, 'pdms': 0.7142857142857143}, 40.75: {'nc': 1.0, 'dac': 1.0, 'ttc': 0.0, 'c': 0.0, 'pdms': 0.0}, 41.0: {'nc': 1.0, 'dac': 1.0, 'ttc': 1.0, 'c': 0.0, 'pdms': 0.7142857142857143}, 41.25: {'nc': 1.0, 'dac': 1.0, 'ttc': 1.0, 'c': 1.0, 'pdms': 1.0}, 41.5: {'nc': 1.0, 'dac': 1.0, 'ttc': 1.0, 'c': 1.0, 'pdms': 1.0}, 41.75: {'nc': 1.0, 'dac': 1.0, 'ttc': 1.0, 'c': 1.0, 'pdms': 1.0}, 42.0: {'nc': 1.0, 'dac': 1.0, 'ttc': 1.0, 'c': 1.0, 'pdms': 1.0}, 42.25: {'nc': 1.0, 'dac': 1.0, 'ttc': 1.0, 'c': 1.0, 'pdms': 1.0}, 42.5: {'nc': 1.0, 'dac': 1.0, 'ttc': 1.0, 'c': 0.0, 'pdms': 0.7142857142857143}, 42.75: {'nc': 1.0, 'dac': 1.0, 'ttc': 1.0, 'c': 1.0, 'pdms': 1.0}, 43.0: {'nc': 1.0, 'dac': 1.0, 'ttc': 1.0, 'c': 1.0, 'pdms': 1.0}, 43.25: {'nc': 1.0, 'dac': 1.0, 'ttc': 1.0, 'c': 1.0, 'pdms': 1.0}, 43.5: {'nc': 1.0, 'dac': 1.0, 'ttc': 1.0, 'c': 1.0, 'pdms': 1.0}, 43.75: {'nc': 1.0, 'dac': 1.0, 'ttc': 0.0, 'c': 0.0, 'pdms': 0.0}, 44.0: {'nc': 1.0, 'dac': 1.0, 'ttc': 0.0, 'c': 0.0, 'pdms': 0.0}, 44.25: {'nc': 1.0, 'dac': 1.0, 'ttc': 0.0, 'c': 0.0, 'pdms': 0.0}, 44.5: {'nc': 1.0, 'dac': 1.0, 'ttc': 1.0, 'c': 1.0, 'pdms': 1.0}, 44.75: {'nc': 1.0, 'dac': 1.0, 'ttc': 1.0, 'c': 1.0, 'pdms': 1.0}}).
=============================Results=============================
'nc': 0.553072625698324
'dac': 0.994413407821229
'ttc': 0.39664804469273746
'c': 0.4022346368715084
'pdms': 0.3511572226656027
'rc': 1.0
'hdscore': 0.3511572226656027
The AD algorithm is still running, remaining tolerant 100.
The AD algorithm is still running, remaining tolerant 95.
The AD algorithm is still running, remaining tolerant 90.
The AD algorithm is still running, remaining tolerant 85.
The AD algorithm is still running, remaining tolerant 80.
The AD algorithm is still running, remaining tolerant 75.
The AD algorithm is still running, remaining tolerant 70.
The AD algorithm is still running, remaining tolerant 65.
The AD algorithm is still running, remaining tolerant 60.
The AD algorithm is still running, remaining tolerant 55.
The AD algorithm is still running, remaining tolerant 50.
The AD algorithm is still running, remaining tolerant 45.
The AD algorithm completed with return code 0.
+ rc=0
+ echo 'I103_SLOT_RC=0 i102_s05_iter48_easy_medium_unique_ttc_object_scene_0051_easy_00_r1 scene-0051-easy-00 on a1'
I103_SLOT_RC=0 i102_s05_iter48_easy_medium_unique_ttc_object_scene_0051_easy_00_r1 scene-0051-easy-00 on a1
+ docker rm -f hugsim_uniad_client
++ python3 -c '
import json, math
try:
    v = json.load(open('\''/datasets/nuscenes-full/hugsim/outputs/nusc_uniad/scene-0051_easy_00/eval.json'\'')).get('\''hdscore'\'')
    print(v if isinstance(v, (int, float)) and math.isfinite(v) else '\''INVALID'\'')
except Exception:
    print('\''MISSING'\'')
'
+ hd=0.3511572226656027
++ python3 -c '
import json
try:
    data = json.load(open('\''/datasets/nuscenes-full/hugsim/outputs/nusc_uniad/scene-0051_easy_00/eval.json'\''))
    print(1 if '\''collision_provenance'\'' in data else 0)
except Exception:
    print(0)
'
+ provenance=1
++ grep -c sent /datasets/nuscenes-full/hugsim/outputs/nusc_uniad/scene-0051_easy_00/output.txt
+ steps=179
+ '[' -n 179 ']'
++ grep -c 'SENTINEL_I48_UNION_PATCH_LOADED enabled=1' /datasets/nuscenes-full/hugsim/outputs/nusc_uniad/scene-0051_easy_00/output.txt
+ marker=1
+ '[' -n 1 ']'
+ decisions=0
+ '[' -s /datasets/nuscenes-full/hugsim/outputs/nusc_uniad/scene-0051_easy_00/sentinel_iter48_decisions.jsonl ']'
++ grep -c 'SENTINEL_I48_DECISION frame=' /datasets/nuscenes-full/hugsim/outputs/nusc_uniad/scene-0051_easy_00/output.txt
+ '[' 179 -gt 0 ']'
+ decisions=1
+ '[' 0 = 0 ']'
+ '[' 0.3511572226656027 '!=' MISSING ']'
+ '[' 0.3511572226656027 '!=' INVALID ']'
+ '[' 1 = 1 ']'
+ '[' 179 -gt 0 ']'
+ '[' 1 -gt 0 ']'
+ '[' 1 = 1 ']'
+ rm -rf /datasets/nuscenes-full/hugsim/iter103_runs/i102_s05_iter48_easy_medium_unique_ttc_object_scene_0051_easy_00_r1__scene-0051-easy-00__on
+ mkdir -p /datasets/nuscenes-full/hugsim/iter103_runs/i102_s05_iter48_easy_medium_unique_ttc_object_scene_0051_easy_00_r1__scene-0051-easy-00__on
+ find /datasets/nuscenes-full/hugsim/outputs/nusc_uniad/scene-0051_easy_00 -type p -delete
+ mv /datasets/nuscenes-full/hugsim/outputs/nusc_uniad/scene-0051_easy_00/data.pkl /datasets/nuscenes-full/hugsim/outputs/nusc_uniad/scene-0051_easy_00/eval.json /datasets/nuscenes-full/hugsim/outputs/nusc_uniad/scene-0051_easy_00/ground.ply /datasets/nuscenes-full/hugsim/outputs/nusc_uniad/scene-0051_easy_00/infos.pkl /datasets/nuscenes-full/hugsim/outputs/nusc_uniad/scene-0051_easy_00/output.txt /datasets/nuscenes-full/hugsim/outputs/nusc_uniad/scene-0051_easy_00/scene.ply /datasets/nuscenes-full/hugsim/outputs/nusc_uniad/scene-0051_easy_00/sentinel_iter48_decisions.jsonl /datasets/nuscenes-full/hugsim/outputs/nusc_uniad/scene-0051_easy_00/uniad /datasets/nuscenes-full/hugsim/outputs/nusc_uniad/scene-0051_easy_00/video.mp4 /datasets/nuscenes-full/hugsim/iter103_runs/i102_s05_iter48_easy_medium_unique_ttc_object_scene_0051_easy_00_r1__scene-0051-easy-00__on/
+ rmdir /datasets/nuscenes-full/hugsim/outputs/nusc_uniad/scene-0051_easy_00
++ date -u +%s
+ printf '{"slot_id":"%s","scenario":"%s","arm":"on","attempt":%s,"rc":%s,"hdscore":%s,"steps":%s,"start_epoch":%s,"end_epoch":%s}\n' i102_s05_iter48_easy_medium_unique_ttc_object_scene_0051_easy_00_r1 scene-0051-easy-00 1 0 0.3511572226656027 179 1784005419 1784005982
+ echo 'I103_SLOT_DONE i102_s05_iter48_easy_medium_unique_ttc_object_scene_0051_easy_00_r1 scene-0051-easy-00 on ok hd=0.3511572226656027 steps=179'
I103_SLOT_DONE i102_s05_iter48_easy_medium_unique_ttc_object_scene_0051_easy_00_r1 scene-0051-easy-00 on ok hd=0.3511572226656027 steps=179
+ return 0
+ IFS='	'
+ read -r slot_id scenario _scenario_sha
+ run_one i102_s06_iter48_easy_medium_unique_ttc_object_scene_0051_easy_00_r2 scene-0051-easy-00
+ local slot_id=i102_s06_iter48_easy_medium_unique_ttc_object_scene_0051_easy_00_r2 scenario=scene-0051-easy-00
+ local scene=scene-0051
+ local mode_dashed=easy-00
+ local mode=easy_00
+ local out_dir=/datasets/nuscenes-full/hugsim/outputs/nusc_uniad/scene-0051_easy_00
+ local dest=/datasets/nuscenes-full/hugsim/iter103_runs/i102_s06_iter48_easy_medium_unique_ttc_object_scene_0051_easy_00_r2__scene-0051-easy-00__on
+ '[' -f /datasets/nuscenes-full/hugsim/iter103_runs/i102_s06_iter48_easy_medium_unique_ttc_object_scene_0051_easy_00_r2__scene-0051-easy-00__on/episode_meta.json ']'
+ prep_scene scene-0051
+ local scene=scene-0051
+ '[' '!' -d /datasets/nuscenes-full/hugsim/extracted/scenes/nuscenes/scene-0051 ']'
+ local cfg=/datasets/nuscenes-full/hugsim/extracted/scenes/nuscenes/scene-0051/cfg.yaml
+ '[' '!' -f /datasets/nuscenes-full/hugsim/extracted/scenes/nuscenes/scene-0051/cfg.yaml ']'
+ '[' -f /datasets/nuscenes-full/hugsim/extracted/scenes/nuscenes/scene-0051/cfg.yaml.orig ']'
+ python3 - /datasets/nuscenes-full/hugsim/extracted/scenes/nuscenes/scene-0051/cfg.yaml /datasets/nuscenes-full/hugsim/extracted/scenes/nuscenes/scene-0051
+ local attempt rc steps hd marker decisions provenance
+ for attempt in 1 2
+ disk_guard
+ local avail
++ df --output=avail -BG /datasets/nuscenes-full
++ tail -1
++ tr -dc 0-9
+ avail=119
+ '[' 119 -lt 20 ']'
++ date -u
+ echo 'I103_SLOT_START i102_s06_iter48_easy_medium_unique_ttc_object_scene_0051_easy_00_r2 scene-0051-easy-00 on a1 Tue Jul 14 05:13:02 UTC 2026'
I103_SLOT_START i102_s06_iter48_easy_medium_unique_ttc_object_scene_0051_easy_00_r2 scene-0051-easy-00 on a1 Tue Jul 14 05:13:02 UTC 2026
+ local t0
++ date -u +%s
+ t0=1784005982
+ docker rm -f hugsim_uniad_client
+ rm -rf /datasets/nuscenes-full/hugsim/outputs/nusc_uniad/scene-0051_easy_00
+ cd /opt/sentinel-stack/HUGSIM
+ SENTINEL_ENABLED=1
+ timeout 1200 pixi run python -u closed_loop.py --scenario_path /datasets/nuscenes-full/hugsim/extracted/scenarios/nuscenes/scene-0051-easy-00.yaml --base_path configs/sim/nuscenes_base.yaml --camera_path configs/sim/nuscenes_camera.yaml --kinematic_path configs/sim/kinematic.yaml --ad uniad --ad_cuda 0
/datasets/nuscenes-full/hugsim/outputs/nusc_uniad/scene-0051_easy_00/output.txt
/opt/sentinel-stack/UniAD_SIM/tools/e2e.sh 0 /datasets/nuscenes-full/hugsim/outputs/nusc_uniad/scene-0051_easy_00
Ready for simulation
ego pose [0.0, 1.6640371887634754e-35, 0.0]
ego pose [0.0, -0.004573309013340653, 0.4375]
ego pose [0.0072294779551777474, -0.009026493423765214, 0.9139233894460701]
ego pose [0.019556597114728746, -0.014143042553789438, 1.4412896532823263]
ego pose [0.04921259694327375, -0.019745638399902288, 2.0090818638586443]
ego pose [0.10929547766614178, -0.024774778357555937, 2.6114419122232198]
ego pose [0.19199742381444604, -0.029969282955022273, 3.261204183444951]
ego pose [0.29737173660941973, -0.0365556573384085, 3.9381673166894187]
ego pose [0.4144690322010597, -0.04098792708534059, 4.667903067140999]
ego pose [0.523441616061465, -0.046958384905279406, 5.4598275029974985]
ego pose [0.5991368796830534, -0.053849535454624564, 6.312210761417469]
ego pose [0.6275617251415888, -0.06023100627351387, 7.168623894332006]
ego pose [0.6303640896567014, -0.0664303587607238, 8.017221973648462]
ego pose [0.6346666835073189, -0.07234824255067891, 8.839619040952096]
ego pose [0.6629537138326238, -0.07487376100735668, 9.589920230293917]
ego pose [0.7324355361585502, -0.08218806952019313, 10.31272581474197]
ego pose [0.8419085595418774, -0.08743016963885335, 11.001820153127412]
ego pose [0.9721740996893977, -0.08905418991763789, 11.678538108450166]
ego pose [1.103390854241137, -0.0899981901995924, 12.33701099041631]
ego pose [1.2166136532249396, -0.09434104979445121, 12.965804139360488]
ego pose [1.3101709957532202, -0.1023449770363955, 13.607785731945441]
ego pose [1.3604340860234627, -0.10639981945923815, 14.192079683511823]
ego pose [1.3836746275470666, -0.10947858517421932, 14.711057165946753]
ego pose [1.3981817696384156, -0.11467628198432994, 15.229010913404423]
ego pose [1.4151072625453371, -0.11780142439021261, 15.78327531781835]
ego pose [1.4456502549190016, -0.1143442292787695, 16.349721343244234]
ego pose [1.4880265407648896, -0.11073543673535496, 16.919595802037186]
ego pose [1.5418924166576633, -0.10819378373335942, 17.50793336088645]
ego pose [1.5985220908483178, -0.11601396159073588, 18.140682808714857]
ego pose [1.6414099233004393, -0.11959457010685268, 18.815888512266227]
ego pose [1.6488486314839366, -0.12584794143083483, 19.545203459456364]
ego pose [1.6072208455968382, -0.13637279758564028, 20.283200777114455]
ego pose [1.5260008554619113, -0.1490994684886348, 21.023834711902403]
ego pose [1.4172583854886973, -0.1585341158007611, 21.741488915702263]
ego pose [1.2824065195452465, -0.1728493335071693, 22.49063892490911]
ego pose [1.1415853055021623, -0.1881858177770339, 23.269495458896976]
ego pose [1.0244166888596806, -0.2056766373038846, 24.043325986080387]
ego pose [0.9334681957033156, -0.2229724257147728, 24.830141060832783]
ego pose [0.8971979300058448, -0.2318929178265709, 25.56631067117649]
ego pose [0.9096199416418437, -0.23881135399952946, 26.26576735695972]
ego pose [0.9673582453035467, -0.2443406335956594, 26.91747585715576]
ego pose [1.0547268811195476, -0.24650317019059828, 27.59112080123546]
ego pose [1.154566701886303, -0.2474602076410797, 28.27190144830455]
ego pose [1.2669136204401212, -0.25113885375672595, 28.99494336203214]
ego pose [1.370968588876624, -0.2547981557529391, 29.754819980773966]
ego pose [1.4548928506356986, -0.26053091285046376, 30.56240758402141]
ego pose [1.5141101658958067, -0.2661827035770008, 31.380518772279327]
ego pose [1.5449729854950147, -0.2777089808502515, 32.185889328458515]
ego pose [1.544156244247928, -0.2894484065813861, 32.98481292182492]
ego pose [1.510627048715955, -0.30162399330951845, 33.77765548329158]
ego pose [1.4609298034718212, -0.3124695430343207, 34.38166563354842]
ego pose [1.414965184333242, -0.3176014591465916, 34.79768531476279]
ego pose [1.3794011080606696, -0.32129436070910916, 35.071878078998076]
ego pose [1.353655058068537, -0.32320699525538654, 35.252683328914166]
ego pose [1.298963787169338, -0.32850115546721986, 35.61538061265195]
ego pose [1.2221960960679947, -0.3419547816953143, 36.112641606018514]
ego pose [1.1422928634945744, -0.34866087945100616, 36.682434525563586]
ego pose [1.0737563660060376, -0.3558811554039795, 37.27293655757786]
ego pose [1.0088278533046788, -0.37425987568271857, 37.88136378035874]
ego pose [0.9390204688318955, -0.39020564399228136, 38.49109708660062]
ego pose [0.8679659418658169, -0.40544318821311315, 39.130980497775326]
ego pose [0.8002358973812734, -0.41634547024606916, 39.817909568486165]
ego pose [0.7257314191649938, -0.42803242152643434, 40.55231095097667]
ego pose [0.6496020705671754, -0.44370960827889544, 41.33009524329031]
ego pose [0.6007193293764387, -0.45511117907214677, 42.084065144120565]
ego pose [0.575768866791451, -0.46358064528730064, 42.810388890300125]
ego pose [0.5555823649863085, -0.47341976438126376, 43.51616385742424]
ego pose [0.5280828523341622, -0.48378966397031853, 44.176206522878054]
ego pose [0.4886245431953808, -0.49252867666140326, 44.82252019199272]
ego pose [0.4261159845725117, -0.5033069869563468, 45.476166075733445]
ego pose [0.3571557192770154, -0.5148734466583406, 46.12652006433231]
ego pose [0.2937472507724324, -0.5261574609037059, 46.78982559804417]
ego pose [0.25274733118888215, -0.5368515721250746, 47.47391637012104]
ego pose [0.23007026457399588, -0.5448679107283124, 48.1629189465497]
ego pose [0.20720592738620125, -0.5529272459732938, 48.89725090290771]
ego pose [0.17263145867592322, -0.5649797610783801, 49.679490876244564]
ego pose [0.12923903135274573, -0.5793894329750886, 50.5411948278434]
ego pose [0.07581064549592349, -0.5951472673656847, 51.43236580029261]
ego pose [0.018257113503805072, -0.6117140559093762, 52.32570136561059]
ego pose [-0.013430086588925125, -0.6248455644420797, 53.216001271158255]
ego pose [0.00489769605187548, -0.6326456026178607, 54.07303914035257]
ego pose [0.05983699873341834, -0.640733311467971, 54.83660524131586]
ego pose [0.11357770443828874, -0.646249570156144, 55.41214168475054]
ego pose [0.15572031274661863, -0.6494605176807522, 55.8004012698064]
ego pose [0.18617411192304203, -0.6519676210944496, 56.056991742298706]
ego pose [0.20744261108151152, -0.6530245445111191, 56.22661568466024]
ego pose [0.22200311484940596, -0.6543822929869011, 56.338776368664604]
ego pose [0.2318510739777389, -0.654968596514384, 56.41295982182118]
ego pose [0.26686940620440325, -0.6575746408145422, 56.672946325915234]
ego pose [0.31981733361352965, -0.6587775708302478, 57.07435639576916]
ego pose [0.38480862410875394, -0.6605382290920423, 57.578096224398294]
ego pose [0.4461251118061203, -0.6666239851269485, 58.14799035085322]
ego pose [0.5053849688295438, -0.6737335174658537, 58.789404606266075]
ego pose [0.5462303626278582, -0.6782163985990769, 59.46367895530784]
ego pose [0.5584607758124334, -0.6874027373811816, 60.191778825873335]
ego pose [0.5562723241070174, -0.6974776604855389, 60.942867986892985]
ego pose [0.5317405164744193, -0.7111286972960417, 61.67024418325538]
ego pose [0.49731526903562234, -0.7306711732062305, 62.407215029595996]
ego pose [0.4757755897329118, -0.7416850152758908, 63.070310729366]
ego pose [0.4701304102369013, -0.751487927275941, 63.688430555845834]
ego pose [0.4677179947542442, -0.7580203442182588, 64.30191658221227]
ego pose [0.46697349923923287, -0.7641393088366275, 64.8947311518984]
ego pose [0.4629012010432104, -0.7791946445759189, 65.50532295320595]
ego pose [0.45637647615401655, -0.7922320264125646, 66.13274191266802]
ego pose [0.4499219518963708, -0.8044728877490721, 66.74490863574066]
ego pose [0.4408479301992611, -0.8144536861373555, 67.35020187367539]
ego pose [0.42752592176363124, -0.825684048181732, 67.97798466925035]
ego pose [0.41387939014039254, -0.8380203112081258, 68.63473075109282]
ego pose [0.40385849600577184, -0.8489139947443767, 69.29266595237364]
ego pose [0.3981391426072182, -0.8604284503532944, 69.95276627693644]
ego pose [0.3978642583601745, -0.8710924048399555, 70.5917638131748]
ego pose [0.39954510166086205, -0.8832175772738926, 71.19773284253426]
ego pose [0.3989785654143675, -0.8953120200346335, 71.78221503104122]
ego pose [0.39397290362501275, -0.9073897349467519, 72.35603752298249]
ego pose [0.3832394259089174, -0.91815098393531, 72.94936776218786]
ego pose [0.36746793096982533, -0.9275412032561356, 73.53415714500828]
ego pose [0.3456466471291327, -0.9323465487093916, 74.13018390384904]
ego pose [0.3310345999527548, -0.9677354386965626, 74.73123742441993]
ego pose [0.331962680362412, -0.9687683174435092, 75.33860946567346]
ego pose [0.3433522397309127, -0.9724971021364059, 75.95997670059218]
ego pose [0.3625593076623441, -0.9829795038610999, 76.58284547214058]
ego pose [0.38682422779434905, -0.9916038165852189, 77.21612169598323]
ego pose [0.4155623267108821, -0.9938393804210366, 77.85502650896319]
ego pose [0.44519391454685847, -0.9959023432282188, 78.46439584422619]
ego pose [0.4797512212985696, -1.0018313928097011, 79.06023011715291]
ego pose [0.5228061618652782, -1.0073269844373383, 79.64674622089913]
ego pose [0.5494609988033485, -1.0110952713953398, 80.04645272208516]
ego pose [0.565920544300622, -1.0134303065429109, 80.31117162185258]
ego pose [0.5762992478620808, -1.0150807413172391, 80.48647104542215]
ego pose [0.5829434800642583, -1.016168081175343, 80.60254447924231]
ego pose [0.5872430333194708, -1.016768377948792, 80.67940117880387]
ego pose [0.5900460755251521, -1.017284073522997, 80.73028910912292]
ego pose [0.5918826416129729, -1.0173901962512157, 80.76397922344518]
ego pose [0.5930901153618406, -1.017814031194406, 80.7862833658655]
ego pose [0.5938858207716226, -1.0178602830401322, 80.80104945684411]
ego pose [0.5944109880207095, -1.0178908890482012, 80.81082505996552]
ego pose [0.6049730984104208, -1.0198570578285406, 81.00783182981762]
ego pose [0.6227897367386442, -1.0241240191467464, 81.33721275439784]
ego pose [0.6461298418737843, -1.0320935383769179, 81.75697787499209]
ego pose [0.675349595380434, -1.042238766892498, 82.25388160470904]
ego pose [0.7009520247575586, -1.0469401511041598, 82.83476743711586]
ego pose [0.7299401891908022, -1.0403677558077922, 83.4325013397294]
ego pose [0.7662614558991544, -1.0442772926847903, 84.06452742395868]
ego pose [0.8220979197891053, -1.0515606827641424, 84.67962674758638]
ego pose [0.8853331179620461, -1.057753506492359, 85.31138841315416]
ego pose [0.9414672104405462, -1.0990001609937838, 85.94150738467623]
ego pose [0.9944129693023532, -1.1103414865045724, 86.5519131446489]
ego pose [1.053787748847359, -1.1323944019767356, 87.18462828920255]
ego pose [1.1052874860139221, -1.144694107016933, 87.84945036566]
ego pose [1.1295833667626265, -1.1513423499709166, 88.53979737436322]
ego pose [1.103451822548823, -1.1649831487688278, 89.27888174108953]
ego pose [1.012644261949847, -1.167613290479137, 90.04554637900893]
ego pose [0.8683246372209392, -1.1798458164394674, 90.86803788778982]
ego pose [0.73811278245807, -1.1920445343534356, 91.50236834539803]
ego pose [0.6366193078714847, -1.2010783951795425, 91.95109058872701]
ego pose [0.5653923919327719, -1.2062472033360523, 92.24696065916376]
ego pose [0.516502042120446, -1.2099968439114677, 92.4422371148458]
ego pose [0.4833908800846788, -1.2117917362212605, 92.57120288577997]
ego pose [0.46115094535831436, -1.2136727076035656, 92.65642310663925]
ego pose [0.39086669043646827, -1.2182256310937125, 92.92288394046454]
ego pose [0.27276801310021914, -1.2235468173288127, 93.37064571482348]
ego pose [0.1250054346302829, -1.2348885655852277, 93.9679148134641]
ego pose [-0.021215696323576227, -1.2464731501520199, 94.65864577721541]
ego pose [-0.1391764157472416, -1.2583135701925698, 95.41138062362418]
ego pose [-0.20977855978235777, -1.2696853908244197, 96.21709742575041]
ego pose [-0.22230413153404174, -1.2822064481727269, 97.0398328497574]
ego pose [-0.19505930132670313, -1.2985479481181532, 97.86232465275899]
ego pose [-0.13528356598827063, -1.3202910067357745, 98.68486003066849]
ego pose [-0.06866537045499084, -1.337706832147987, 99.50245282523306]
ego pose [-0.021941375257970713, -1.3518581288285185, 100.13352785643033]
ego pose [0.008643833837893241, -1.3635536748364712, 100.57777861528186]
ego pose [0.027851619937552866, -1.3731121539325586, 100.87200213513142]
ego pose [0.04011423331240929, -1.3779281617154926, 101.06684420227566]
ego pose [0.04803451646985224, -1.3804115652929971, 101.19586893105388]
ego pose [0.053191203577368916, -1.3827883785295634, 101.28130081632493]
ego pose [0.056567064175220484, -1.3829234650995388, 101.33786541398106]
ego pose [0.058785516210186156, -1.3857747741288868, 101.37531885970728]
ego pose [0.06024704344593816, -1.3858330657708402, 101.40011790119685]
ego pose [0.061211546471615336, -1.3858715833000326, 101.41653835384739]
ego pose [0.06184870700201213, -1.3858970500264673, 101.42741000465838]
ego pose [0.062269935717874106, -1.3859138956677501, 101.43460788696207]
ego pose [0.06254857368382608, -1.3859250430427443, 101.4393738580159]
ego pose [0.06273295111327762, -1.3886983094960503, 101.44252958963156]
ego pose [0.06285497058963908, -1.3887031527192164, 101.44461892305492]
ego pose [0.06293573614039, -1.3887063588258122, 101.44600226050825]
ego pose [0.0629892033842036, -1.388708481436654, 101.44691820990984]
ego pose [0.06302459935553924, -1.3887098866970367, 101.44752465520554]
ego pose [0.06304803374433342, -1.3887108170978886, 101.44792619376611]
ego pose [0.06306354867899323, -1.3887114330902959, 101.4481920502785]
ego pose [0.06307382066124265, -1.3887118409263235, 101.44836807242864]
ego pose [0.06308062131952882, -1.3887121109402727, 101.44848461226823]
ego pose [0.06308512334890502, -1.3887122896903203, 101.44856176275557]
ego pose [0.06308810347538632, -1.3887124080147057, 101.4486128331962]
ego pose [0.06309007598596947, -1.3887124863324265, 101.44864663635363]
ego pose [0.06309138141080618, -1.388712538163872, 101.44866900768315]
ego pose [0.06309224523653732, -1.388712572461816, 101.44868381128452]
ego pose [0.06309281678009462, -1.3887125951548, 101.44869360599164]
ego pose [0.06309319492775428, -1.3887126101690594, 101.448700086426]
ego pose [0.06309344517796216, -1.3887126201051854, 101.44870437504564]
ego pose [0.0740161390671432, -1.3946853321844004, 101.63589026058375]
ego pose [0.09639673831025986, -1.4066597211672405, 102.01022611343788]
ego pose [0.13138337789405677, -1.4146314606026464, 102.52821925115438]
ego pose [0.18403352546525267, -1.4259267640258315, 103.15047076213642]
ego pose [0.22018211855139513, -1.4352403500381778, 103.5859479700219]
ego pose [0.24380506777701577, -1.4443227489170203, 103.87434080332804]
ego pose [0.2593104094615276, -1.4490268201076868, 104.06531731647678]
ego pose [0.26951772170545535, -1.4535244864815142, 104.19178277852136]
ego pose [0.27625035000441484, -1.4554295066961784, 104.27552577578042]
ego pose [0.28069664118373033, -1.4572338521963482, 104.33097467100225]
ego pose [0.28363581581445174, -1.4573659408249062, 104.36769197854743]
ego pose [0.28557981705652796, -1.4590557025004591, 104.39200503569357]
ego pose [0.28686610703147053, -1.4591148160232152, 104.40810451048885]
ego pose [0.28771743527523347, -1.4591539477081656, 104.41876527567563]
ego pose [0.2882809773507675, -1.4591798544749792, 104.42582458865222]
ego pose [0.2886540394431918, -1.4591970060760402, 104.43049885106853]
ego pose [0.2889010054387085, -1.4592083610200355, 104.43359365133298]
ego pose [0.28906452455148224, -1.4592158795415253, 104.43564295366131]
ego pose [0.30414078987395365, -1.4639639794669623, 104.62459827515569]
ego pose [0.3357196847697103, -1.4715281058623277, 105.00032937795775]
Complete
MoviePy - Building video /datasets/nuscenes-full/hugsim/outputs/nusc_uniad/scene-0051_easy_00/video.mp4.
MoviePy - Writing video /datasets/nuscenes-full/hugsim/outputs/nusc_uniad/scene-0051_easy_00/video.mp4

frame_index:   0%|          | 0/219 [00:00<?, ?it/s, now=None]frame_index:   4%|▍         | 9/219 [00:00<00:02, 79.23it/s, now=None]frame_index:   9%|▊         | 19/219 [00:00<00:02, 90.08it/s, now=None]frame_index:  16%|█▌        | 35/219 [00:00<00:01, 118.38it/s, now=None]frame_index:  24%|██▎       | 52/219 [00:00<00:01, 135.77it/s, now=None]frame_index:  31%|███       | 67/219 [00:00<00:01, 140.29it/s, now=None]frame_index:  37%|███▋      | 82/219 [00:01<00:03, 42.94it/s, now=None] frame_index:  42%|████▏     | 92/219 [00:02<00:06, 19.63it/s, now=None]frame_index:  45%|████▌     | 99/219 [00:03<00:07, 17.04it/s, now=None]frame_index:  48%|████▊     | 105/219 [00:04<00:08, 13.40it/s, now=None]frame_index:  50%|████▉     | 109/219 [00:04<00:07, 14.23it/s, now=None]frame_index:  52%|█████▏    | 113/219 [00:04<00:07, 13.89it/s, now=None]frame_index:  53%|█████▎    | 116/219 [00:04<00:07, 14.07it/s, now=None]frame_index:  54%|█████▍    | 119/219 [00:05<00:09, 10.33it/s, now=None]frame_index:  56%|█████▌    | 123/219 [00:05<00:07, 12.30it/s, now=None]frame_index:  57%|█████▋    | 125/219 [00:05<00:07, 11.76it/s, now=None]frame_index:  59%|█████▉    | 129/219 [00:06<00:07, 11.72it/s, now=None]frame_index:  60%|█████▉    | 131/219 [00:06<00:07, 12.03it/s, now=None]frame_index:  61%|██████    | 133/219 [00:06<00:07, 10.91it/s, now=None]frame_index:  62%|██████▏   | 135/219 [00:06<00:07, 11.94it/s, now=None]frame_index:  63%|██████▎   | 137/219 [00:07<00:09,  8.74it/s, now=None]frame_index:  64%|██████▍   | 141/219 [00:07<00:06, 12.67it/s, now=None]frame_index:  65%|██████▌   | 143/219 [00:07<00:05, 13.70it/s, now=None]frame_index:  66%|██████▌   | 145/219 [00:07<00:07, 10.44it/s, now=None]frame_index:  68%|██████▊   | 148/219 [00:07<00:05, 13.05it/s, now=None]frame_index:  68%|██████▊   | 150/219 [00:08<00:07,  9.49it/s, now=None]frame_index:  70%|██████▉   | 153/219 [00:08<00:05, 12.25it/s, now=None]frame_index:  71%|███████   | 156/219 [00:08<00:04, 15.01it/s, now=None]frame_index:  73%|███████▎  | 159/219 [00:08<00:05, 11.40it/s, now=None]frame_index:  74%|███████▎  | 161/219 [00:08<00:05, 10.95it/s, now=None]frame_index:  75%|███████▍  | 164/219 [00:09<00:04, 12.76it/s, now=None]frame_index:  76%|███████▌  | 166/219 [00:09<00:05, 10.50it/s, now=None]frame_index:  77%|███████▋  | 169/219 [00:09<00:03, 12.79it/s, now=None]frame_index:  79%|███████▉  | 173/219 [00:09<00:02, 16.17it/s, now=None]frame_index:  81%|████████  | 177/219 [00:10<00:03, 12.03it/s, now=None]frame_index:  82%|████████▏ | 180/219 [00:10<00:02, 14.14it/s, now=None]frame_index:  83%|████████▎ | 182/219 [00:10<00:02, 14.03it/s, now=None]frame_index:  84%|████████▍ | 185/219 [00:10<00:02, 13.29it/s, now=None]frame_index:  86%|████████▌ | 188/219 [00:10<00:02, 14.01it/s, now=None]frame_index:  87%|████████▋ | 190/219 [00:11<00:02, 10.86it/s, now=None]frame_index:  88%|████████▊ | 193/219 [00:11<00:02, 11.51it/s, now=None]frame_index:  89%|████████▉ | 196/219 [00:11<00:01, 14.16it/s, now=None]frame_index:  90%|█████████ | 198/219 [00:11<00:01, 10.99it/s, now=None]frame_index:  91%|█████████▏| 200/219 [00:12<00:02,  8.60it/s, now=None]frame_index:  94%|█████████▎| 205/219 [00:12<00:01, 13.98it/s, now=None]frame_index:  95%|█████████▌| 209/219 [00:12<00:00, 18.07it/s, now=None]frame_index:  97%|█████████▋| 212/219 [00:12<00:00, 13.79it/s, now=None]frame_index:  98%|█████████▊| 215/219 [00:13<00:00, 14.33it/s, now=None]frame_index:  99%|█████████▉| 217/219 [00:13<00:00, 14.97it/s, now=None]                                                                        MoviePy - Done !
MoviePy - video ready /datasets/nuscenes-full/hugsim/outputs/nusc_uniad/scene-0051_easy_00/video.mp4
this pkl file contains 1 experiment records.
current exp has 219 frames
frame 0 / 219
comfortable: [True, True, True, True, True, True]
frame 1 / 219
comfortable: [True, True, True, True, True, True]
frame 2 / 219
comfortable: [True, True, True, True, True, True]
frame 3 / 219
comfortable: [True, True, True, True, True, True]
frame 4 / 219
collision with background detected! @ timestep5
 failed to pass ttc collision check, t=1
comfortable: [True, True, True, True, True, True]
frame 5 / 219
collision with background detected! @ timestep5
collision with background detected! @ timestep5
 failed to pass ttc collision check, t=0.5
comfortable: [True, True, True, True, False, True]
frame 6 / 219
collision with background detected! @ timestep5
collision with background detected! @ timestep4
 failed to pass ttc collision check, t=0.5
comfortable: [True, True, True, True, True, True]
frame 7 / 219
collision with background detected! @ timestep4
collision with background detected! @ timestep3
 failed to pass ttc collision check, t=0.5
comfortable: [True, True, True, True, True, True]
frame 8 / 219
collision with background detected! @ timestep3
 failed to pass ttc collision check, t=0.5
comfortable: [True, True, True, True, True, True]
frame 9 / 219
comfortable: [True, True, True, True, True, True]
frame 10 / 219
comfortable: [True, True, True, True, True, True]
frame 11 / 219
collision with background detected! @ timestep2
 failed to pass ttc collision check, t=0.5
comfortable: [True, False, False, False, False, False]
frame 12 / 219
collision with background detected! @ timestep2
 failed to pass ttc collision check, t=0.5
comfortable: [True, False, False, False, False, False]
frame 13 / 219
collision with background detected! @ timestep3
 failed to pass ttc collision check, t=0.5
comfortable: [True, True, False, False, False, False]
frame 14 / 219
collision with background detected! @ timestep3
collision with background detected! @ timestep3
 failed to pass ttc collision check, t=0.5
comfortable: [True, False, False, False, True, True]
frame 15 / 219
collision with background detected! @ timestep0
collision with background detected! @ timestep0
 failed to pass ttc collision check, t=0.5
comfortable: [True, True, True, True, True, True]
frame 16 / 219
collision with background detected! @ timestep0
collision with background detected! @ timestep0
 failed to pass ttc collision check, t=0.5
comfortable: [True, True, True, True, True, True]
frame 17 / 219
collision with background detected! @ timestep1
collision with background detected! @ timestep0
 failed to pass ttc collision check, t=0.5
comfortable: [True, True, True, True, True, True]
frame 18 / 219
collision with background detected! @ timestep0
collision with background detected! @ timestep0
 failed to pass ttc collision check, t=0.5
comfortable: [True, True, True, True, True, True]
frame 19 / 219
collision with background detected! @ timestep0
collision with background detected! @ timestep2
 failed to pass ttc collision check, t=0.5
comfortable: [True, True, True, True, True, True]
frame 20 / 219
collision with background detected! @ timestep0
collision with background detected! @ timestep0
 failed to pass ttc collision check, t=0.5
comfortable: [True, True, True, True, True, True]
frame 21 / 219
collision with background detected! @ timestep0
collision with background detected! @ timestep3
 failed to pass ttc collision check, t=0.5
comfortable: [True, True, True, True, True, True]
frame 22 / 219
collision with background detected! @ timestep0
collision with background detected! @ timestep2
 failed to pass ttc collision check, t=0.5
comfortable: [True, True, True, True, True, True]
frame 23 / 219
collision with background detected! @ timestep2
comfortable: [True, True, True, True, True, True]
frame 24 / 219
collision with background detected! @ timestep1
collision with background detected! @ timestep0
 failed to pass ttc collision check, t=0.5
comfortable: [True, True, True, True, True, True]
frame 25 / 219
collision with background detected! @ timestep1
collision with background detected! @ timestep0
 failed to pass ttc collision check, t=0.5
comfortable: [True, True, True, True, True, True]
frame 26 / 219
collision with background detected! @ timestep1
collision with background detected! @ timestep0
 failed to pass ttc collision check, t=0.5
comfortable: [True, True, True, True, False, True]
frame 27 / 219
collision with background detected! @ timestep0
collision with background detected! @ timestep5
 failed to pass ttc collision check, t=0.5
comfortable: [True, True, False, False, True, True]
frame 28 / 219
collision with background detected! @ timestep0
collision with background detected! @ timestep0
 failed to pass ttc collision check, t=0.5
comfortable: [True, True, True, True, False, True]
frame 29 / 219
collision with background detected! @ timestep1
 failed to pass ttc collision check, t=0.5
comfortable: [True, True, True, True, False, True]
frame 30 / 219
collision with background detected! @ timestep1
 failed to pass ttc collision check, t=1
comfortable: [True, True, True, True, False, True]
frame 31 / 219
collision with background detected! @ timestep1
 failed to pass ttc collision check, t=0.5
comfortable: [True, True, True, False, False, True]
frame 32 / 219
collision with background detected! @ timestep1
 failed to pass ttc collision check, t=0.5
comfortable: [True, True, True, True, True, True]
frame 33 / 219
comfortable: [True, True, True, True, True, True]
frame 34 / 219
comfortable: [True, True, True, True, True, True]
frame 35 / 219
comfortable: [True, True, True, True, True, True]
frame 36 / 219
comfortable: [True, True, True, True, True, True]
frame 37 / 219
collision with background detected! @ timestep4
collision with background detected! @ timestep4
 failed to pass ttc collision check, t=0.5
comfortable: [True, True, True, True, True, True]
frame 38 / 219
collision with background detected! @ timestep3
collision with background detected! @ timestep1
 failed to pass ttc collision check, t=0.5
comfortable: [True, False, False, False, False, True]
frame 39 / 219
collision with background detected! @ timestep3
collision with background detected! @ timestep1
 failed to pass ttc collision check, t=0.5
comfortable: [True, True, True, True, False, False]
frame 40 / 219
collision with background detected! @ timestep1
collision with background detected! @ timestep2
 failed to pass ttc collision check, t=0.5
comfortable: [True, False, False, False, False, False]
frame 41 / 219
collision with background detected! @ timestep1
collision with background detected! @ timestep2
 failed to pass ttc collision check, t=0.5
comfortable: [True, True, False, False, False, False]
frame 42 / 219
collision with background detected! @ timestep1
collision with background detected! @ timestep0
 failed to pass ttc collision check, t=0.5
comfortable: [True, False, False, False, True, True]
frame 43 / 219
collision with background detected! @ timestep0
comfortable: [True, False, False, False, False, False]
frame 44 / 219
collision with background detected! @ timestep0
comfortable: [True, True, True, False, False, False]
frame 45 / 219
collision with background detected! @ timestep0
comfortable: [True, False, False, False, False, False]
frame 46 / 219
collision with background detected! @ timestep2
 failed to pass ttc collision check, t=1
comfortable: [True, False, False, False, False, False]
frame 47 / 219
collision with background detected! @ timestep2
 failed to pass ttc collision check, t=1
comfortable: [True, False, False, False, False, False]
frame 48 / 219
collision with background detected! @ timestep2
 failed to pass ttc collision check, t=0.5
comfortable: [True, True, False, False, False, False]
frame 49 / 219
comfortable: [True, True, True, True, True, True]
frame 50 / 219
comfortable: [True, True, True, True, True, True]
frame 51 / 219
comfortable: [True, True, True, True, True, True]
frame 52 / 219
comfortable: [True, True, True, True, True, True]
frame 53 / 219
comfortable: [True, False, False, False, False, True]
frame 54 / 219
comfortable: [True, True, True, True, True, True]
frame 55 / 219
comfortable: [True, False, False, False, True, True]
frame 56 / 219
collision with background detected! @ timestep1
 failed to pass ttc collision check, t=0.5
comfortable: [True, True, True, False, True, True]
frame 57 / 219
collision with background detected! @ timestep1
 failed to pass ttc collision check, t=1
comfortable: [True, False, False, False, False, False]
frame 58 / 219
collision with background detected! @ timestep2
 failed to pass ttc collision check, t=1
comfortable: [True, False, False, False, False, False]
frame 59 / 219
collision with background detected! @ timestep2
 failed to pass ttc collision check, t=1
comfortable: [True, False, False, False, False, True]
frame 60 / 219
collision with background detected! @ timestep2
 failed to pass ttc collision check, t=0.5
comfortable: [True, True, True, False, False, False]
frame 61 / 219
collision with background detected! @ timestep2
 failed to pass ttc collision check, t=1
comfortable: [True, False, False, False, False, False]
frame 62 / 219
comfortable: [True, False, False, False, False, True]
frame 63 / 219
collision with background detected! @ timestep1
 failed to pass ttc collision check, t=0.5
comfortable: [True, False, False, False, True, True]
frame 64 / 219
collision with background detected! @ timestep1
 failed to pass ttc collision check, t=0.5
comfortable: [True, True, True, True, True, True]
frame 65 / 219
comfortable: [True, False, False, False, True, True]
frame 66 / 219
comfortable: [True, True, False, False, True, True]
frame 67 / 219
collision with background detected! @ timestep2
 failed to pass ttc collision check, t=0.5
comfortable: [True, False, False, False, False, False]
frame 68 / 219
comfortable: [True, False, False, False, False, True]
frame 69 / 219
comfortable: [True, True, False, False, False, False]
frame 70 / 219
comfortable: [True, False, False, False, False, False]
frame 71 / 219
collision with background detected! @ timestep2
 failed to pass ttc collision check, t=1
comfortable: [True, True, False, False, False, False]
frame 72 / 219
comfortable: [True, False, False, False, True, True]
frame 73 / 219
comfortable: [True, False, False, False, True, True]
frame 74 / 219
comfortable: [True, False, False, False, True, True]
frame 75 / 219
comfortable: [True, False, True, False, True, True]
frame 76 / 219
comfortable: [True, True, True, True, False, True]
frame 77 / 219
comfortable: [True, False, False, False, True, True]
frame 78 / 219
comfortable: [True, False, False, False, True, True]
frame 79 / 219
collision with background detected! @ timestep5
 failed to pass ttc collision check, t=1
comfortable: [True, False, False, False, False, False]
frame 80 / 219
comfortable: [True, True, False, False, False, False]
frame 81 / 219
comfortable: [True, True, True, True, True, True]
frame 82 / 219
comfortable: [True, True, True, True, True, True]
frame 83 / 219
comfortable: [True, True, True, True, True, True]
frame 84 / 219
comfortable: [True, True, True, True, True, True]
frame 85 / 219
comfortable: [True, True, True, True, True, True]
frame 86 / 219
comfortable: [True, True, True, True, True, True]
frame 87 / 219
collision with background detected! @ timestep2
 failed to pass ttc collision check, t=1
comfortable: [True, True, True, True, False, False]
frame 88 / 219
collision with background detected! @ timestep2
 failed to pass ttc collision check, t=0.5
comfortable: [True, True, False, False, False, False]
frame 89 / 219
collision with background detected! @ timestep2
 failed to pass ttc collision check, t=0.5
comfortable: [True, True, True, True, False, False]
frame 90 / 219
collision with background detected! @ timestep2
 failed to pass ttc collision check, t=0.5
comfortable: [True, True, False, False, False, False]
frame 91 / 219
collision with background detected! @ timestep3
 failed to pass ttc collision check, t=0.5
comfortable: [True, False, False, False, False, False]
frame 92 / 219
collision with background detected! @ timestep2
 failed to pass ttc collision check, t=1
comfortable: [True, True, True, False, False, False]
frame 93 / 219
collision with background detected! @ timestep3
 failed to pass ttc collision check, t=0.5
comfortable: [True, False, False, False, False, False]
frame 94 / 219
collision with background detected! @ timestep2
 failed to pass ttc collision check, t=0.5
comfortable: [True, False, False, False, False, False]
frame 95 / 219
collision with background detected! @ timestep2
 failed to pass ttc collision check, t=0.5
comfortable: [True, True, False, False, False, False]
frame 96 / 219
collision with background detected! @ timestep2
 failed to pass ttc collision check, t=0.5
comfortable: [True, True, True, False, False, False]
frame 97 / 219
collision with background detected! @ timestep3
collision with background detected! @ timestep2
 failed to pass ttc collision check, t=0.5
comfortable: [True, True, True, True, False, False]
frame 98 / 219
collision with background detected! @ timestep3
collision with background detected! @ timestep2
 failed to pass ttc collision check, t=0.5
comfortable: [True, True, False, False, False, False]
frame 99 / 219
collision with background detected! @ timestep2
 failed to pass ttc collision check, t=0.5
comfortable: [True, True, True, True, False, False]
frame 100 / 219
collision with background detected! @ timestep2
 failed to pass ttc collision check, t=0.5
comfortable: [True, True, True, True, False, False]
frame 101 / 219
collision with background detected! @ timestep2
 failed to pass ttc collision check, t=0.5
comfortable: [True, True, True, True, False, False]
frame 102 / 219
collision with background detected! @ timestep5
 failed to pass ttc collision check, t=0.5
comfortable: [True, True, False, False, False, False]
frame 103 / 219
collision with background detected! @ timestep2
 failed to pass ttc collision check, t=0.5
comfortable: [True, True, True, True, False, False]
frame 104 / 219
collision with background detected! @ timestep5
collision with background detected! @ timestep4
 failed to pass ttc collision check, t=0.5
comfortable: [True, True, True, True, False, False]
frame 105 / 219
collision with background detected! @ timestep4
collision with background detected! @ timestep3
 failed to pass ttc collision check, t=0.5
comfortable: [True, True, True, False, False, False]
frame 106 / 219
collision with background detected! @ timestep4
collision with background detected! @ timestep2
 failed to pass ttc collision check, t=0.5
comfortable: [True, True, True, True, False, False]
frame 107 / 219
collision with background detected! @ timestep3
collision with background detected! @ timestep2
 failed to pass ttc collision check, t=0.5
comfortable: [True, True, True, True, False, False]
frame 108 / 219
collision with background detected! @ timestep3
collision with background detected! @ timestep2
 failed to pass ttc collision check, t=0.5
comfortable: [True, True, True, True, False, False]
frame 109 / 219
collision with background detected! @ timestep2
collision with background detected! @ timestep2
 failed to pass ttc collision check, t=0.5
comfortable: [True, True, True, True, False, False]
frame 110 / 219
collision with background detected! @ timestep1
collision with background detected! @ timestep2
 failed to pass ttc collision check, t=0.5
comfortable: [True, True, True, True, False, False]
frame 111 / 219
collision with background detected! @ timestep1
collision with background detected! @ timestep0
 failed to pass ttc collision check, t=0.5
comfortable: [True, True, True, False, False, False]
frame 112 / 219
collision with background detected! @ timestep1
collision with background detected! @ timestep0
 failed to pass ttc collision check, t=0.5
comfortable: [True, True, True, False, False, False]
frame 113 / 219
collision with background detected! @ timestep0
collision with background detected! @ timestep2
 failed to pass ttc collision check, t=0.5
comfortable: [True, True, False, False, False, False]
frame 114 / 219
collision with background detected! @ timestep0
collision with background detected! @ timestep2
 failed to pass ttc collision check, t=0.5
comfortable: [True, True, False, False, False, False]
frame 115 / 219
collision with background detected! @ timestep0
collision with background detected! @ timestep2
 failed to pass ttc collision check, t=0.5
comfortable: [True, True, True, False, False, False]
frame 116 / 219
collision with background detected! @ timestep0
collision with background detected! @ timestep2
 failed to pass ttc collision check, t=0.5
comfortable: [True, True, False, False, False, False]
frame 117 / 219
collision with background detected! @ timestep0
collision with background detected! @ timestep2
 failed to pass ttc collision check, t=0.5
comfortable: [True, True, True, False, False, False]
frame 118 / 219
collision with background detected! @ timestep0
collision with background detected! @ timestep2
 failed to pass ttc collision check, t=0.5
comfortable: [True, True, True, False, False, False]
frame 119 / 219
collision with background detected! @ timestep3
collision with background detected! @ timestep2
 failed to pass ttc collision check, t=0.5
comfortable: [True, True, True, True, False, False]
frame 120 / 219
collision with background detected! @ timestep2
collision with background detected! @ timestep2
 failed to pass ttc collision check, t=0.5
comfortable: [True, True, True, True, False, False]
frame 121 / 219
collision with background detected! @ timestep2
collision with background detected! @ timestep2
 failed to pass ttc collision check, t=0.5
comfortable: [True, True, False, False, False, False]
frame 122 / 219
collision with background detected! @ timestep1
 failed to pass ttc collision check, t=1
comfortable: [True, True, False, False, False, False]
frame 123 / 219
collision with background detected! @ timestep4
 failed to pass ttc collision check, t=0.5
comfortable: [True, True, True, True, False, False]
frame 124 / 219
collision with background detected! @ timestep0
collision with background detected! @ timestep1
 failed to pass ttc collision check, t=1
comfortable: [True, True, True, True, False, False]
frame 125 / 219
collision with background detected! @ timestep0
collision with background detected! @ timestep0
 failed to pass ttc collision check, t=0.5
comfortable: [True, True, True, True, True, True]
frame 126 / 219
collision with background detected! @ timestep0
collision with background detected! @ timestep0
 failed to pass ttc collision check, t=0.5
comfortable: [True, True, True, True, True, True]
frame 127 / 219
collision with background detected! @ timestep0
collision with background detected! @ timestep0
 failed to pass ttc collision check, t=0.5
comfortable: [True, True, True, True, True, True]
frame 128 / 219
collision with background detected! @ timestep0
collision with background detected! @ timestep0
 failed to pass ttc collision check, t=0.5
comfortable: [True, True, True, True, True, True]
frame 129 / 219
collision with background detected! @ timestep0
collision with background detected! @ timestep0
 failed to pass ttc collision check, t=0.5
comfortable: [True, True, True, True, True, True]
frame 130 / 219
collision with background detected! @ timestep0
collision with background detected! @ timestep0
 failed to pass ttc collision check, t=0.5
comfortable: [True, True, True, True, True, True]
frame 131 / 219
collision with background detected! @ timestep0
collision with background detected! @ timestep0
 failed to pass ttc collision check, t=0.5
comfortable: [True, True, True, True, True, True]
frame 132 / 219
collision with background detected! @ timestep0
collision with background detected! @ timestep0
 failed to pass ttc collision check, t=0.5
comfortable: [True, True, True, True, True, True]
frame 133 / 219
collision with background detected! @ timestep0
collision with background detected! @ timestep0
 failed to pass ttc collision check, t=0.5
comfortable: [True, True, True, True, True, True]
frame 134 / 219
collision with background detected! @ timestep0
collision with background detected! @ timestep0
 failed to pass ttc collision check, t=0.5
comfortable: [True, True, True, True, True, True]
frame 135 / 219
collision with background detected! @ timestep0
comfortable: [True, True, False, False, True, True]
frame 136 / 219
collision with background detected! @ timestep0
comfortable: [True, True, False, False, True, True]
frame 137 / 219
collision with background detected! @ timestep0
comfortable: [True, True, False, False, True, True]
frame 138 / 219
collision with background detected! @ timestep0
comfortable: [True, True, False, False, True, True]
frame 139 / 219
collision with background detected! @ timestep0
comfortable: [True, True, False, False, True, True]
frame 140 / 219
collision with background detected! @ timestep0
comfortable: [True, True, False, False, False, True]
frame 141 / 219
collision with background detected! @ timestep0
comfortable: [True, True, False, False, True, True]
frame 142 / 219
collision with background detected! @ timestep0
comfortable: [True, True, False, False, False, True]
frame 143 / 219
collision with background detected! @ timestep0
comfortable: [True, True, False, False, False, True]
frame 144 / 219
collision with background detected! @ timestep0
comfortable: [True, True, False, False, True, True]
frame 145 / 219
collision with background detected! @ timestep0
collision with background detected! @ timestep3
 failed to pass ttc collision check, t=0.5
comfortable: [True, True, True, False, False, False]
frame 146 / 219
collision with background detected! @ timestep0
collision with background detected! @ timestep2
 failed to pass ttc collision check, t=0.5
comfortable: [True, True, True, False, False, False]
frame 147 / 219
collision with background detected! @ timestep0
collision with background detected! @ timestep0
 failed to pass ttc collision check, t=0.5
comfortable: [True, True, True, True, True, True]
frame 148 / 219
collision with background detected! @ timestep0
collision with background detected! @ timestep0
 failed to pass ttc collision check, t=0.5
comfortable: [True, True, True, True, True, True]
frame 149 / 219
collision with background detected! @ timestep0
collision with background detected! @ timestep0
 failed to pass ttc collision check, t=0.5
comfortable: [True, True, True, True, True, True]
frame 150 / 219
collision with background detected! @ timestep0
comfortable: [True, True, True, True, True, True]
frame 151 / 219
collision with background detected! @ timestep0
comfortable: [True, True, False, False, False, False]
frame 152 / 219
comfortable: [True, True, True, True, True, True]
frame 153 / 219
comfortable: [True, True, True, True, True, True]
frame 154 / 219
comfortable: [True, True, True, True, True, True]
frame 155 / 219
comfortable: [True, True, True, True, True, True]
frame 156 / 219
comfortable: [True, True, True, True, True, True]
frame 157 / 219
comfortable: [True, True, True, True, True, True]
frame 158 / 219
collision with background detected! @ timestep1
 failed to pass ttc collision check, t=1
comfortable: [True, False, False, False, False, False]
frame 159 / 219
comfortable: [True, False, False, False, True, True]
frame 160 / 219
comfortable: [True, True, True, False, True, True]
frame 161 / 219
comfortable: [True, True, True, True, True, True]
frame 162 / 219
comfortable: [True, False, False, False, True, True]
frame 163 / 219
comfortable: [True, True, True, False, True, True]
frame 164 / 219
comfortable: [True, True, True, True, True, True]
frame 165 / 219
comfortable: [True, True, True, True, True, True]
frame 166 / 219
collision with background detected! @ timestep1
 failed to pass ttc collision check, t=1
comfortable: [True, True, False, False, True, True]
frame 167 / 219
comfortable: [True, True, False, False, False, True]
frame 168 / 219
comfortable: [True, True, True, True, True, True]
frame 169 / 219
comfortable: [True, True, True, True, True, True]
frame 170 / 219
comfortable: [True, True, True, True, True, True]
frame 171 / 219
comfortable: [True, True, True, True, True, True]
frame 172 / 219
comfortable: [True, True, True, True, True, True]
frame 173 / 219
comfortable: [True, True, True, True, True, True]
frame 174 / 219
comfortable: [True, True, True, True, True, True]
frame 175 / 219
comfortable: [True, True, True, True, True, True]
frame 176 / 219
comfortable: [True, True, True, True, True, True]
frame 177 / 219
comfortable: [True, True, True, True, True, True]
frame 178 / 219
comfortable: [True, True, True, True, True, True]
frame 179 / 219
comfortable: [True, True, True, True, True, True]
frame 180 / 219
comfortable: [True, True, True, True, True, True]
frame 181 / 219
comfortable: [True, True, True, True, True, True]
frame 182 / 219
comfortable: [True, True, True, True, True, True]
frame 183 / 219
comfortable: [True, True, True, True, True, True]
frame 184 / 219
comfortable: [True, True, True, True, True, True]
frame 185 / 219
comfortable: [True, True, True, True, True, True]
frame 186 / 219
comfortable: [True, True, True, True, True, True]
frame 187 / 219
comfortable: [True, True, True, True, True, True]
frame 188 / 219
comfortable: [True, True, True, True, True, True]
frame 189 / 219
comfortable: [True, True, True, True, True, True]
frame 190 / 219
comfortable: [True, True, True, True, True, True]
frame 191 / 219
comfortable: [True, True, True, True, True, True]
frame 192 / 219
comfortable: [True, True, True, True, True, True]
frame 193 / 219
comfortable: [True, True, True, True, True, True]
frame 194 / 219
comfortable: [True, True, True, True, True, True]
frame 195 / 219
comfortable: [True, True, True, True, True, True]
frame 196 / 219
comfortable: [True, True, True, True, True, True]
frame 197 / 219
comfortable: [True, True, True, True, True, True]
frame 198 / 219
comfortable: [True, False, True, False, True, True]
frame 199 / 219
comfortable: [True, False, False, False, False, True]
frame 200 / 219
comfortable: [True, False, False, False, False, False]
frame 201 / 219
comfortable: [True, False, True, False, True, True]
frame 202 / 219
comfortable: [True, True, True, True, True, True]
frame 203 / 219
comfortable: [True, True, True, True, True, True]
frame 204 / 219
comfortable: [True, True, True, True, True, True]
frame 205 / 219
comfortable: [True, True, True, True, True, True]
frame 206 / 219
comfortable: [True, True, True, True, True, True]
frame 207 / 219
comfortable: [True, True, True, True, True, True]
frame 208 / 219
comfortable: [True, True, True, True, True, True]
frame 209 / 219
comfortable: [True, True, True, True, True, True]
frame 210 / 219
comfortable: [True, True, True, True, True, True]
frame 211 / 219
comfortable: [True, True, True, True, True, True]
frame 212 / 219
comfortable: [True, True, True, True, True, True]
frame 213 / 219
comfortable: [True, True, True, True, True, True]
frame 214 / 219
comfortable: [True, True, True, True, True, True]
frame 215 / 219
comfortable: [True, True, True, True, True, True]
frame 216 / 219
collision with background detected! @ timestep1
 failed to pass ttc collision check, t=0.5
comfortable: [True, True, True, True, False, False]
frame 217 / 219
collision with background detected! @ timestep1
 failed to pass ttc collision check, t=0.5
comfortable: [True, True, True, True, False, False]
frame 218 / 219
comfortable: [True, True, True, True, True, True]
The score of experiment is (0.4292237442922374, 1.0, 0.4292237442922374, {'nc': 0.6575342465753424, 'dac': 1.0, 'ttc': 0.5296803652968036, 'c': 0.4885844748858447, 'pdms': 0.4292237442922374}, {0.25: {'nc': 1.0, 'dac': 1.0, 'ttc': 1.0, 'c': 1.0, 'pdms': 1.0}, 0.5: {'nc': 1.0, 'dac': 1.0, 'ttc': 1.0, 'c': 1.0, 'pdms': 1.0}, 0.75: {'nc': 1.0, 'dac': 1.0, 'ttc': 1.0, 'c': 1.0, 'pdms': 1.0}, 1.0: {'nc': 1.0, 'dac': 1.0, 'ttc': 1.0, 'c': 1.0, 'pdms': 1.0}, 1.25: {'nc': 1.0, 'dac': 1.0, 'ttc': 0.0, 'c': 1.0, 'pdms': 0.2857142857142857}, 1.5: {'nc': 0.0, 'dac': 1.0, 'ttc': 0.0, 'c': 0.0, 'pdms': 0.0}, 1.75: {'nc': 0.0, 'dac': 1.0, 'ttc': 0.0, 'c': 1.0, 'pdms': 0.0}, 2.0: {'nc': 0.0, 'dac': 1.0, 'ttc': 0.0, 'c': 1.0, 'pdms': 0.0}, 2.25: {'nc': 1.0, 'dac': 1.0, 'ttc': 0.0, 'c': 1.0, 'pdms': 0.2857142857142857}, 2.5: {'nc': 1.0, 'dac': 1.0, 'ttc': 1.0, 'c': 1.0, 'pdms': 1.0}, 2.75: {'nc': 1.0, 'dac': 1.0, 'ttc': 1.0, 'c': 1.0, 'pdms': 1.0}, 3.0: {'nc': 1.0, 'dac': 1.0, 'ttc': 0.0, 'c': 0.0, 'pdms': 0.0}, 3.25: {'nc': 1.0, 'dac': 1.0, 'ttc': 0.0, 'c': 0.0, 'pdms': 0.0}, 3.5: {'nc': 1.0, 'dac': 1.0, 'ttc': 0.0, 'c': 0.0, 'pdms': 0.0}, 3.75: {'nc': 0.0, 'dac': 1.0, 'ttc': 0.0, 'c': 0.0, 'pdms': 0.0}, 4.0: {'nc': 0.0, 'dac': 1.0, 'ttc': 0.0, 'c': 1.0, 'pdms': 0.0}, 4.25: {'nc': 0.0, 'dac': 1.0, 'ttc': 0.0, 'c': 1.0, 'pdms': 0.0}, 4.5: {'nc': 0.0, 'dac': 1.0, 'ttc': 0.0, 'c': 1.0, 'pdms': 0.0}, 4.75: {'nc': 0.0, 'dac': 1.0, 'ttc': 0.0, 'c': 1.0, 'pdms': 0.0}, 5.0: {'nc': 0.0, 'dac': 1.0, 'ttc': 0.0, 'c': 1.0, 'pdms': 0.0}, 5.25: {'nc': 0.0, 'dac': 1.0, 'ttc': 0.0, 'c': 1.0, 'pdms': 0.0}, 5.5: {'nc': 0.0, 'dac': 1.0, 'ttc': 0.0, 'c': 1.0, 'pdms': 0.0}, 5.75: {'nc': 0.0, 'dac': 1.0, 'ttc': 0.0, 'c': 1.0, 'pdms': 0.0}, 6.0: {'nc': 0.0, 'dac': 1.0, 'ttc': 1.0, 'c': 1.0, 'pdms': 0.0}, 6.25: {'nc': 0.0, 'dac': 1.0, 'ttc': 0.0, 'c': 1.0, 'pdms': 0.0}, 6.5: {'nc': 0.0, 'dac': 1.0, 'ttc': 0.0, 'c': 1.0, 'pdms': 0.0}, 6.75: {'nc': 0.0, 'dac': 1.0, 'ttc': 0.0, 'c': 0.0, 'pdms': 0.0}, 7.0: {'nc': 0.0, 'dac': 1.0, 'ttc': 0.0, 'c': 0.0, 'pdms': 0.0}, 7.25: {'nc': 0.0, 'dac': 1.0, 'ttc': 0.0, 'c': 0.0, 'pdms': 0.0}, 7.5: {'nc': 1.0, 'dac': 1.0, 'ttc': 0.0, 'c': 0.0, 'pdms': 0.0}, 7.75: {'nc': 1.0, 'dac': 1.0, 'ttc': 0.0, 'c': 0.0, 'pdms': 0.0}, 8.0: {'nc': 1.0, 'dac': 1.0, 'ttc': 0.0, 'c': 0.0, 'pdms': 0.0}, 8.25: {'nc': 1.0, 'dac': 1.0, 'ttc': 0.0, 'c': 1.0, 'pdms': 0.2857142857142857}, 8.5: {'nc': 1.0, 'dac': 1.0, 'ttc': 1.0, 'c': 1.0, 'pdms': 1.0}, 8.75: {'nc': 1.0, 'dac': 1.0, 'ttc': 1.0, 'c': 1.0, 'pdms': 1.0}, 9.0: {'nc': 1.0, 'dac': 1.0, 'ttc': 1.0, 'c': 1.0, 'pdms': 1.0}, 9.25: {'nc': 1.0, 'dac': 1.0, 'ttc': 1.0, 'c': 1.0, 'pdms': 1.0}, 9.5: {'nc': 0.0, 'dac': 1.0, 'ttc': 0.0, 'c': 1.0, 'pdms': 0.0}, 9.75: {'nc': 0.0, 'dac': 1.0, 'ttc': 0.0, 'c': 0.0, 'pdms': 0.0}, 10.0: {'nc': 0.0, 'dac': 1.0, 'ttc': 0.0, 'c': 0.0, 'pdms': 0.0}, 10.25: {'nc': 0.0, 'dac': 1.0, 'ttc': 0.0, 'c': 0.0, 'pdms': 0.0}, 10.5: {'nc': 0.0, 'dac': 1.0, 'ttc': 0.0, 'c': 0.0, 'pdms': 0.0}, 10.75: {'nc': 0.0, 'dac': 1.0, 'ttc': 0.0, 'c': 0.0, 'pdms': 0.0}, 11.0: {'nc': 0.0, 'dac': 1.0, 'ttc': 1.0, 'c': 0.0, 'pdms': 0.0}, 11.25: {'nc': 0.0, 'dac': 1.0, 'ttc': 1.0, 'c': 0.0, 'pdms': 0.0}, 11.5: {'nc': 0.0, 'dac': 1.0, 'ttc': 1.0, 'c': 0.0, 'pdms': 0.0}, 11.75: {'nc': 1.0, 'dac': 1.0, 'ttc': 0.0, 'c': 0.0, 'pdms': 0.0}, 12.0: {'nc': 1.0, 'dac': 1.0, 'ttc': 0.0, 'c': 0.0, 'pdms': 0.0}, 12.25: {'nc': 1.0, 'dac': 1.0, 'ttc': 0.0, 'c': 0.0, 'pdms': 0.0}, 12.5: {'nc': 1.0, 'dac': 1.0, 'ttc': 1.0, 'c': 1.0, 'pdms': 1.0}, 12.75: {'nc': 1.0, 'dac': 1.0, 'ttc': 1.0, 'c': 1.0, 'pdms': 1.0}, 13.0: {'nc': 1.0, 'dac': 1.0, 'ttc': 1.0, 'c': 1.0, 'pdms': 1.0}, 13.25: {'nc': 1.0, 'dac': 1.0, 'ttc': 1.0, 'c': 1.0, 'pdms': 1.0}, 13.5: {'nc': 1.0, 'dac': 1.0, 'ttc': 1.0, 'c': 0.0, 'pdms': 0.7142857142857143}, 13.75: {'nc': 1.0, 'dac': 1.0, 'ttc': 1.0, 'c': 1.0, 'pdms': 1.0}, 14.0: {'nc': 1.0, 'dac': 1.0, 'ttc': 1.0, 'c': 0.0, 'pdms': 0.7142857142857143}, 14.25: {'nc': 1.0, 'dac': 1.0, 'ttc': 0.0, 'c': 0.0, 'pdms': 0.0}, 14.5: {'nc': 1.0, 'dac': 1.0, 'ttc': 0.0, 'c': 0.0, 'pdms': 0.0}, 14.75: {'nc': 1.0, 'dac': 1.0, 'ttc': 0.0, 'c': 0.0, 'pdms': 0.0}, 15.0: {'nc': 1.0, 'dac': 1.0, 'ttc': 0.0, 'c': 0.0, 'pdms': 0.0}, 15.25: {'nc': 1.0, 'dac': 1.0, 'ttc': 0.0, 'c': 0.0, 'pdms': 0.0}, 15.5: {'nc': 1.0, 'dac': 1.0, 'ttc': 0.0, 'c': 0.0, 'pdms': 0.0}, 15.75: {'nc': 1.0, 'dac': 1.0, 'ttc': 1.0, 'c': 0.0, 'pdms': 0.7142857142857143}, 16.0: {'nc': 1.0, 'dac': 1.0, 'ttc': 0.0, 'c': 0.0, 'pdms': 0.0}, 16.25: {'nc': 1.0, 'dac': 1.0, 'ttc': 0.0, 'c': 1.0, 'pdms': 0.2857142857142857}, 16.5: {'nc': 1.0, 'dac': 1.0, 'ttc': 1.0, 'c': 0.0, 'pdms': 0.7142857142857143}, 16.75: {'nc': 1.0, 'dac': 1.0, 'ttc': 1.0, 'c': 0.0, 'pdms': 0.7142857142857143}, 17.0: {'nc': 1.0, 'dac': 1.0, 'ttc': 0.0, 'c': 0.0, 'pdms': 0.0}, 17.25: {'nc': 1.0, 'dac': 1.0, 'ttc': 1.0, 'c': 0.0, 'pdms': 0.7142857142857143}, 17.5: {'nc': 1.0, 'dac': 1.0, 'ttc': 1.0, 'c': 0.0, 'pdms': 0.7142857142857143}, 17.75: {'nc': 1.0, 'dac': 1.0, 'ttc': 1.0, 'c': 0.0, 'pdms': 0.7142857142857143}, 18.0: {'nc': 1.0, 'dac': 1.0, 'ttc': 0.0, 'c': 0.0, 'pdms': 0.0}, 18.25: {'nc': 1.0, 'dac': 1.0, 'ttc': 1.0, 'c': 0.0, 'pdms': 0.7142857142857143}, 18.5: {'nc': 1.0, 'dac': 1.0, 'ttc': 1.0, 'c': 0.0, 'pdms': 0.7142857142857143}, 18.75: {'nc': 1.0, 'dac': 1.0, 'ttc': 1.0, 'c': 0.0, 'pdms': 0.7142857142857143}, 19.0: {'nc': 1.0, 'dac': 1.0, 'ttc': 1.0, 'c': 0.0, 'pdms': 0.7142857142857143}, 19.25: {'nc': 1.0, 'dac': 1.0, 'ttc': 1.0, 'c': 0.0, 'pdms': 0.7142857142857143}, 19.5: {'nc': 1.0, 'dac': 1.0, 'ttc': 1.0, 'c': 0.0, 'pdms': 0.7142857142857143}, 19.75: {'nc': 1.0, 'dac': 1.0, 'ttc': 1.0, 'c': 0.0, 'pdms': 0.7142857142857143}, 20.0: {'nc': 1.0, 'dac': 1.0, 'ttc': 0.0, 'c': 0.0, 'pdms': 0.0}, 20.25: {'nc': 1.0, 'dac': 1.0, 'ttc': 1.0, 'c': 0.0, 'pdms': 0.7142857142857143}, 20.5: {'nc': 1.0, 'dac': 1.0, 'ttc': 1.0, 'c': 1.0, 'pdms': 1.0}, 20.75: {'nc': 1.0, 'dac': 1.0, 'ttc': 1.0, 'c': 1.0, 'pdms': 1.0}, 21.0: {'nc': 1.0, 'dac': 1.0, 'ttc': 1.0, 'c': 1.0, 'pdms': 1.0}, 21.25: {'nc': 1.0, 'dac': 1.0, 'ttc': 1.0, 'c': 1.0, 'pdms': 1.0}, 21.5: {'nc': 1.0, 'dac': 1.0, 'ttc': 1.0, 'c': 1.0, 'pdms': 1.0}, 21.75: {'nc': 1.0, 'dac': 1.0, 'ttc': 1.0, 'c': 1.0, 'pdms': 1.0}, 22.0: {'nc': 1.0, 'dac': 1.0, 'ttc': 0.0, 'c': 0.0, 'pdms': 0.0}, 22.25: {'nc': 1.0, 'dac': 1.0, 'ttc': 0.0, 'c': 0.0, 'pdms': 0.0}, 22.5: {'nc': 1.0, 'dac': 1.0, 'ttc': 0.0, 'c': 0.0, 'pdms': 0.0}, 22.75: {'nc': 1.0, 'dac': 1.0, 'ttc': 0.0, 'c': 0.0, 'pdms': 0.0}, 23.0: {'nc': 1.0, 'dac': 1.0, 'ttc': 0.0, 'c': 0.0, 'pdms': 0.0}, 23.25: {'nc': 1.0, 'dac': 1.0, 'ttc': 0.0, 'c': 0.0, 'pdms': 0.0}, 23.5: {'nc': 1.0, 'dac': 1.0, 'ttc': 0.0, 'c': 0.0, 'pdms': 0.0}, 23.75: {'nc': 1.0, 'dac': 1.0, 'ttc': 0.0, 'c': 0.0, 'pdms': 0.0}, 24.0: {'nc': 1.0, 'dac': 1.0, 'ttc': 0.0, 'c': 0.0, 'pdms': 0.0}, 24.25: {'nc': 1.0, 'dac': 1.0, 'ttc': 0.0, 'c': 0.0, 'pdms': 0.0}, 24.5: {'nc': 0.0, 'dac': 1.0, 'ttc': 0.0, 'c': 0.0, 'pdms': 0.0}, 24.75: {'nc': 0.0, 'dac': 1.0, 'ttc': 0.0, 'c': 0.0, 'pdms': 0.0}, 25.0: {'nc': 1.0, 'dac': 1.0, 'ttc': 0.0, 'c': 0.0, 'pdms': 0.0}, 25.25: {'nc': 1.0, 'dac': 1.0, 'ttc': 0.0, 'c': 0.0, 'pdms': 0.0}, 25.5: {'nc': 1.0, 'dac': 1.0, 'ttc': 0.0, 'c': 0.0, 'pdms': 0.0}, 25.75: {'nc': 1.0, 'dac': 1.0, 'ttc': 0.0, 'c': 0.0, 'pdms': 0.0}, 26.0: {'nc': 1.0, 'dac': 1.0, 'ttc': 0.0, 'c': 0.0, 'pdms': 0.0}, 26.25: {'nc': 0.0, 'dac': 1.0, 'ttc': 0.0, 'c': 0.0, 'pdms': 0.0}, 26.5: {'nc': 0.0, 'dac': 1.0, 'ttc': 0.0, 'c': 0.0, 'pdms': 0.0}, 26.75: {'nc': 0.0, 'dac': 1.0, 'ttc': 0.0, 'c': 0.0, 'pdms': 0.0}, 27.0: {'nc': 0.0, 'dac': 1.0, 'ttc': 0.0, 'c': 0.0, 'pdms': 0.0}, 27.25: {'nc': 0.0, 'dac': 1.0, 'ttc': 0.0, 'c': 0.0, 'pdms': 0.0}, 27.5: {'nc': 0.0, 'dac': 1.0, 'ttc': 0.0, 'c': 0.0, 'pdms': 0.0}, 27.75: {'nc': 0.0, 'dac': 1.0, 'ttc': 0.0, 'c': 0.0, 'pdms': 0.0}, 28.0: {'nc': 0.0, 'dac': 1.0, 'ttc': 0.0, 'c': 0.0, 'pdms': 0.0}, 28.25: {'nc': 0.0, 'dac': 1.0, 'ttc': 0.0, 'c': 0.0, 'pdms': 0.0}, 28.5: {'nc': 0.0, 'dac': 1.0, 'ttc': 0.0, 'c': 0.0, 'pdms': 0.0}, 28.75: {'nc': 0.0, 'dac': 1.0, 'ttc': 0.0, 'c': 0.0, 'pdms': 0.0}, 29.0: {'nc': 0.0, 'dac': 1.0, 'ttc': 0.0, 'c': 0.0, 'pdms': 0.0}, 29.25: {'nc': 0.0, 'dac': 1.0, 'ttc': 0.0, 'c': 0.0, 'pdms': 0.0}, 29.5: {'nc': 0.0, 'dac': 1.0, 'ttc': 0.0, 'c': 0.0, 'pdms': 0.0}, 29.75: {'nc': 0.0, 'dac': 1.0, 'ttc': 0.0, 'c': 0.0, 'pdms': 0.0}, 30.0: {'nc': 0.0, 'dac': 1.0, 'ttc': 0.0, 'c': 0.0, 'pdms': 0.0}, 30.25: {'nc': 0.0, 'dac': 1.0, 'ttc': 0.0, 'c': 0.0, 'pdms': 0.0}, 30.5: {'nc': 0.0, 'dac': 1.0, 'ttc': 0.0, 'c': 0.0, 'pdms': 0.0}, 30.75: {'nc': 1.0, 'dac': 1.0, 'ttc': 0.0, 'c': 0.0, 'pdms': 0.0}, 31.0: {'nc': 1.0, 'dac': 1.0, 'ttc': 0.0, 'c': 0.0, 'pdms': 0.0}, 31.25: {'nc': 0.0, 'dac': 1.0, 'ttc': 0.0, 'c': 0.0, 'pdms': 0.0}, 31.5: {'nc': 0.0, 'dac': 1.0, 'ttc': 0.0, 'c': 1.0, 'pdms': 0.0}, 31.75: {'nc': 0.0, 'dac': 1.0, 'ttc': 0.0, 'c': 1.0, 'pdms': 0.0}, 32.0: {'nc': 0.0, 'dac': 1.0, 'ttc': 0.0, 'c': 1.0, 'pdms': 0.0}, 32.25: {'nc': 0.0, 'dac': 1.0, 'ttc': 0.0, 'c': 1.0, 'pdms': 0.0}, 32.5: {'nc': 0.0, 'dac': 1.0, 'ttc': 0.0, 'c': 1.0, 'pdms': 0.0}, 32.75: {'nc': 0.0, 'dac': 1.0, 'ttc': 0.0, 'c': 1.0, 'pdms': 0.0}, 33.0: {'nc': 0.0, 'dac': 1.0, 'ttc': 0.0, 'c': 1.0, 'pdms': 0.0}, 33.25: {'nc': 0.0, 'dac': 1.0, 'ttc': 0.0, 'c': 1.0, 'pdms': 0.0}, 33.5: {'nc': 0.0, 'dac': 1.0, 'ttc': 0.0, 'c': 1.0, 'pdms': 0.0}, 33.75: {'nc': 0.0, 'dac': 1.0, 'ttc': 0.0, 'c': 1.0, 'pdms': 0.0}, 34.0: {'nc': 0.0, 'dac': 1.0, 'ttc': 1.0, 'c': 0.0, 'pdms': 0.0}, 34.25: {'nc': 0.0, 'dac': 1.0, 'ttc': 1.0, 'c': 0.0, 'pdms': 0.0}, 34.5: {'nc': 0.0, 'dac': 1.0, 'ttc': 1.0, 'c': 0.0, 'pdms': 0.0}, 34.75: {'nc': 0.0, 'dac': 1.0, 'ttc': 1.0, 'c': 0.0, 'pdms': 0.0}, 35.0: {'nc': 0.0, 'dac': 1.0, 'ttc': 1.0, 'c': 0.0, 'pdms': 0.0}, 35.25: {'nc': 0.0, 'dac': 1.0, 'ttc': 1.0, 'c': 0.0, 'pdms': 0.0}, 35.5: {'nc': 0.0, 'dac': 1.0, 'ttc': 1.0, 'c': 0.0, 'pdms': 0.0}, 35.75: {'nc': 0.0, 'dac': 1.0, 'ttc': 1.0, 'c': 0.0, 'pdms': 0.0}, 36.0: {'nc': 0.0, 'dac': 1.0, 'ttc': 1.0, 'c': 0.0, 'pdms': 0.0}, 36.25: {'nc': 0.0, 'dac': 1.0, 'ttc': 1.0, 'c': 0.0, 'pdms': 0.0}, 36.5: {'nc': 0.0, 'dac': 1.0, 'ttc': 0.0, 'c': 0.0, 'pdms': 0.0}, 36.75: {'nc': 0.0, 'dac': 1.0, 'ttc': 0.0, 'c': 0.0, 'pdms': 0.0}, 37.0: {'nc': 0.0, 'dac': 1.0, 'ttc': 0.0, 'c': 1.0, 'pdms': 0.0}, 37.25: {'nc': 0.0, 'dac': 1.0, 'ttc': 0.0, 'c': 1.0, 'pdms': 0.0}, 37.5: {'nc': 0.0, 'dac': 1.0, 'ttc': 0.0, 'c': 1.0, 'pdms': 0.0}, 37.75: {'nc': 0.0, 'dac': 1.0, 'ttc': 1.0, 'c': 1.0, 'pdms': 0.0}, 38.0: {'nc': 0.0, 'dac': 1.0, 'ttc': 1.0, 'c': 0.0, 'pdms': 0.0}, 38.25: {'nc': 1.0, 'dac': 1.0, 'ttc': 1.0, 'c': 1.0, 'pdms': 1.0}, 38.5: {'nc': 1.0, 'dac': 1.0, 'ttc': 1.0, 'c': 1.0, 'pdms': 1.0}, 38.75: {'nc': 1.0, 'dac': 1.0, 'ttc': 1.0, 'c': 1.0, 'pdms': 1.0}, 39.0: {'nc': 1.0, 'dac': 1.0, 'ttc': 1.0, 'c': 1.0, 'pdms': 1.0}, 39.25: {'nc': 1.0, 'dac': 1.0, 'ttc': 1.0, 'c': 1.0, 'pdms': 1.0}, 39.5: {'nc': 1.0, 'dac': 1.0, 'ttc': 1.0, 'c': 1.0, 'pdms': 1.0}, 39.75: {'nc': 1.0, 'dac': 1.0, 'ttc': 0.0, 'c': 0.0, 'pdms': 0.0}, 40.0: {'nc': 1.0, 'dac': 1.0, 'ttc': 1.0, 'c': 0.0, 'pdms': 0.7142857142857143}, 40.25: {'nc': 1.0, 'dac': 1.0, 'ttc': 1.0, 'c': 0.0, 'pdms': 0.7142857142857143}, 40.5: {'nc': 1.0, 'dac': 1.0, 'ttc': 1.0, 'c': 1.0, 'pdms': 1.0}, 40.75: {'nc': 1.0, 'dac': 1.0, 'ttc': 1.0, 'c': 0.0, 'pdms': 0.7142857142857143}, 41.0: {'nc': 1.0, 'dac': 1.0, 'ttc': 1.0, 'c': 0.0, 'pdms': 0.7142857142857143}, 41.25: {'nc': 1.0, 'dac': 1.0, 'ttc': 1.0, 'c': 1.0, 'pdms': 1.0}, 41.5: {'nc': 1.0, 'dac': 1.0, 'ttc': 1.0, 'c': 1.0, 'pdms': 1.0}, 41.75: {'nc': 1.0, 'dac': 1.0, 'ttc': 0.0, 'c': 0.0, 'pdms': 0.0}, 42.0: {'nc': 1.0, 'dac': 1.0, 'ttc': 1.0, 'c': 0.0, 'pdms': 0.7142857142857143}, 42.25: {'nc': 1.0, 'dac': 1.0, 'ttc': 1.0, 'c': 1.0, 'pdms': 1.0}, 42.5: {'nc': 1.0, 'dac': 1.0, 'ttc': 1.0, 'c': 1.0, 'pdms': 1.0}, 42.75: {'nc': 1.0, 'dac': 1.0, 'ttc': 1.0, 'c': 1.0, 'pdms': 1.0}, 43.0: {'nc': 1.0, 'dac': 1.0, 'ttc': 1.0, 'c': 1.0, 'pdms': 1.0}, 43.25: {'nc': 1.0, 'dac': 1.0, 'ttc': 1.0, 'c': 1.0, 'pdms': 1.0}, 43.5: {'nc': 1.0, 'dac': 1.0, 'ttc': 1.0, 'c': 1.0, 'pdms': 1.0}, 43.75: {'nc': 1.0, 'dac': 1.0, 'ttc': 1.0, 'c': 1.0, 'pdms': 1.0}, 44.0: {'nc': 1.0, 'dac': 1.0, 'ttc': 1.0, 'c': 1.0, 'pdms': 1.0}, 44.25: {'nc': 1.0, 'dac': 1.0, 'ttc': 1.0, 'c': 1.0, 'pdms': 1.0}, 44.5: {'nc': 1.0, 'dac': 1.0, 'ttc': 1.0, 'c': 1.0, 'pdms': 1.0}, 44.75: {'nc': 1.0, 'dac': 1.0, 'ttc': 1.0, 'c': 1.0, 'pdms': 1.0}, 45.0: {'nc': 1.0, 'dac': 1.0, 'ttc': 1.0, 'c': 1.0, 'pdms': 1.0}, 45.25: {'nc': 1.0, 'dac': 1.0, 'ttc': 1.0, 'c': 1.0, 'pdms': 1.0}, 45.5: {'nc': 1.0, 'dac': 1.0, 'ttc': 1.0, 'c': 1.0, 'pdms': 1.0}, 45.75: {'nc': 1.0, 'dac': 1.0, 'ttc': 1.0, 'c': 1.0, 'pdms': 1.0}, 46.0: {'nc': 1.0, 'dac': 1.0, 'ttc': 1.0, 'c': 1.0, 'pdms': 1.0}, 46.25: {'nc': 1.0, 'dac': 1.0, 'ttc': 1.0, 'c': 1.0, 'pdms': 1.0}, 46.5: {'nc': 1.0, 'dac': 1.0, 'ttc': 1.0, 'c': 1.0, 'pdms': 1.0}, 46.75: {'nc': 1.0, 'dac': 1.0, 'ttc': 1.0, 'c': 1.0, 'pdms': 1.0}, 47.0: {'nc': 1.0, 'dac': 1.0, 'ttc': 1.0, 'c': 1.0, 'pdms': 1.0}, 47.25: {'nc': 1.0, 'dac': 1.0, 'ttc': 1.0, 'c': 1.0, 'pdms': 1.0}, 47.5: {'nc': 1.0, 'dac': 1.0, 'ttc': 1.0, 'c': 1.0, 'pdms': 1.0}, 47.75: {'nc': 1.0, 'dac': 1.0, 'ttc': 1.0, 'c': 1.0, 'pdms': 1.0}, 48.0: {'nc': 1.0, 'dac': 1.0, 'ttc': 1.0, 'c': 1.0, 'pdms': 1.0}, 48.25: {'nc': 1.0, 'dac': 1.0, 'ttc': 1.0, 'c': 1.0, 'pdms': 1.0}, 48.5: {'nc': 1.0, 'dac': 1.0, 'ttc': 1.0, 'c': 1.0, 'pdms': 1.0}, 48.75: {'nc': 1.0, 'dac': 1.0, 'ttc': 1.0, 'c': 1.0, 'pdms': 1.0}, 49.0: {'nc': 1.0, 'dac': 1.0, 'ttc': 1.0, 'c': 1.0, 'pdms': 1.0}, 49.25: {'nc': 1.0, 'dac': 1.0, 'ttc': 1.0, 'c': 1.0, 'pdms': 1.0}, 49.5: {'nc': 1.0, 'dac': 1.0, 'ttc': 1.0, 'c': 1.0, 'pdms': 1.0}, 49.75: {'nc': 1.0, 'dac': 1.0, 'ttc': 1.0, 'c': 0.0, 'pdms': 0.7142857142857143}, 50.0: {'nc': 1.0, 'dac': 1.0, 'ttc': 1.0, 'c': 0.0, 'pdms': 0.7142857142857143}, 50.25: {'nc': 1.0, 'dac': 1.0, 'ttc': 1.0, 'c': 0.0, 'pdms': 0.7142857142857143}, 50.5: {'nc': 1.0, 'dac': 1.0, 'ttc': 1.0, 'c': 0.0, 'pdms': 0.7142857142857143}, 50.75: {'nc': 1.0, 'dac': 1.0, 'ttc': 1.0, 'c': 1.0, 'pdms': 1.0}, 51.0: {'nc': 1.0, 'dac': 1.0, 'ttc': 1.0, 'c': 1.0, 'pdms': 1.0}, 51.25: {'nc': 1.0, 'dac': 1.0, 'ttc': 1.0, 'c': 1.0, 'pdms': 1.0}, 51.5: {'nc': 1.0, 'dac': 1.0, 'ttc': 1.0, 'c': 1.0, 'pdms': 1.0}, 51.75: {'nc': 1.0, 'dac': 1.0, 'ttc': 1.0, 'c': 1.0, 'pdms': 1.0}, 52.0: {'nc': 1.0, 'dac': 1.0, 'ttc': 1.0, 'c': 1.0, 'pdms': 1.0}, 52.25: {'nc': 1.0, 'dac': 1.0, 'ttc': 1.0, 'c': 1.0, 'pdms': 1.0}, 52.5: {'nc': 1.0, 'dac': 1.0, 'ttc': 1.0, 'c': 1.0, 'pdms': 1.0}, 52.75: {'nc': 1.0, 'dac': 1.0, 'ttc': 1.0, 'c': 1.0, 'pdms': 1.0}, 53.0: {'nc': 1.0, 'dac': 1.0, 'ttc': 1.0, 'c': 1.0, 'pdms': 1.0}, 53.25: {'nc': 1.0, 'dac': 1.0, 'ttc': 1.0, 'c': 1.0, 'pdms': 1.0}, 53.5: {'nc': 1.0, 'dac': 1.0, 'ttc': 1.0, 'c': 1.0, 'pdms': 1.0}, 53.75: {'nc': 1.0, 'dac': 1.0, 'ttc': 1.0, 'c': 1.0, 'pdms': 1.0}, 54.0: {'nc': 1.0, 'dac': 1.0, 'ttc': 1.0, 'c': 1.0, 'pdms': 1.0}, 54.25: {'nc': 1.0, 'dac': 1.0, 'ttc': 0.0, 'c': 0.0, 'pdms': 0.0}, 54.5: {'nc': 1.0, 'dac': 1.0, 'ttc': 0.0, 'c': 0.0, 'pdms': 0.0}, 54.75: {'nc': 1.0, 'dac': 1.0, 'ttc': 1.0, 'c': 1.0, 'pdms': 1.0}}).
=============================Results=============================
'nc': 0.6575342465753424
'dac': 1.0
'ttc': 0.5296803652968036
'c': 0.4885844748858447
'pdms': 0.4292237442922374
'rc': 1.0
'hdscore': 0.4292237442922374
The AD algorithm is still running, remaining tolerant 100.
The AD algorithm is still running, remaining tolerant 95.
The AD algorithm is still running, remaining tolerant 90.
The AD algorithm is still running, remaining tolerant 85.
The AD algorithm is still running, remaining tolerant 80.
The AD algorithm is still running, remaining tolerant 75.
The AD algorithm is still running, remaining tolerant 70.
The AD algorithm is still running, remaining tolerant 65.
The AD algorithm is still running, remaining tolerant 60.
The AD algorithm is still running, remaining tolerant 55.
The AD algorithm is still running, remaining tolerant 50.
The AD algorithm is still running, remaining tolerant 45.
The AD algorithm is still running, remaining tolerant 40.
The AD algorithm is still running, remaining tolerant 35.
The AD algorithm completed with return code 0.
+ rc=0
+ echo 'I103_SLOT_RC=0 i102_s06_iter48_easy_medium_unique_ttc_object_scene_0051_easy_00_r2 scene-0051-easy-00 on a1'
I103_SLOT_RC=0 i102_s06_iter48_easy_medium_unique_ttc_object_scene_0051_easy_00_r2 scene-0051-easy-00 on a1
+ docker rm -f hugsim_uniad_client
++ python3 -c '
import json, math
try:
    v = json.load(open('\''/datasets/nuscenes-full/hugsim/outputs/nusc_uniad/scene-0051_easy_00/eval.json'\'')).get('\''hdscore'\'')
    print(v if isinstance(v, (int, float)) and math.isfinite(v) else '\''INVALID'\'')
except Exception:
    print('\''MISSING'\'')
'
+ hd=0.4292237442922374
++ python3 -c '
import json
try:
    data = json.load(open('\''/datasets/nuscenes-full/hugsim/outputs/nusc_uniad/scene-0051_easy_00/eval.json'\''))
    print(1 if '\''collision_provenance'\'' in data else 0)
except Exception:
    print(0)
'
+ provenance=1
++ grep -c sent /datasets/nuscenes-full/hugsim/outputs/nusc_uniad/scene-0051_easy_00/output.txt
+ steps=219
+ '[' -n 219 ']'
++ grep -c 'SENTINEL_I48_UNION_PATCH_LOADED enabled=1' /datasets/nuscenes-full/hugsim/outputs/nusc_uniad/scene-0051_easy_00/output.txt
+ marker=1
+ '[' -n 1 ']'
+ decisions=0
+ '[' -s /datasets/nuscenes-full/hugsim/outputs/nusc_uniad/scene-0051_easy_00/sentinel_iter48_decisions.jsonl ']'
++ grep -c 'SENTINEL_I48_DECISION frame=' /datasets/nuscenes-full/hugsim/outputs/nusc_uniad/scene-0051_easy_00/output.txt
+ '[' 219 -gt 0 ']'
+ decisions=1
+ '[' 0 = 0 ']'
+ '[' 0.4292237442922374 '!=' MISSING ']'
+ '[' 0.4292237442922374 '!=' INVALID ']'
+ '[' 1 = 1 ']'
+ '[' 219 -gt 0 ']'
+ '[' 1 -gt 0 ']'
+ '[' 1 = 1 ']'
+ rm -rf /datasets/nuscenes-full/hugsim/iter103_runs/i102_s06_iter48_easy_medium_unique_ttc_object_scene_0051_easy_00_r2__scene-0051-easy-00__on
+ mkdir -p /datasets/nuscenes-full/hugsim/iter103_runs/i102_s06_iter48_easy_medium_unique_ttc_object_scene_0051_easy_00_r2__scene-0051-easy-00__on
+ find /datasets/nuscenes-full/hugsim/outputs/nusc_uniad/scene-0051_easy_00 -type p -delete
+ mv /datasets/nuscenes-full/hugsim/outputs/nusc_uniad/scene-0051_easy_00/data.pkl /datasets/nuscenes-full/hugsim/outputs/nusc_uniad/scene-0051_easy_00/eval.json /datasets/nuscenes-full/hugsim/outputs/nusc_uniad/scene-0051_easy_00/ground.ply /datasets/nuscenes-full/hugsim/outputs/nusc_uniad/scene-0051_easy_00/infos.pkl /datasets/nuscenes-full/hugsim/outputs/nusc_uniad/scene-0051_easy_00/output.txt /datasets/nuscenes-full/hugsim/outputs/nusc_uniad/scene-0051_easy_00/scene.ply /datasets/nuscenes-full/hugsim/outputs/nusc_uniad/scene-0051_easy_00/sentinel_iter48_decisions.jsonl /datasets/nuscenes-full/hugsim/outputs/nusc_uniad/scene-0051_easy_00/uniad /datasets/nuscenes-full/hugsim/outputs/nusc_uniad/scene-0051_easy_00/video.mp4 /datasets/nuscenes-full/hugsim/iter103_runs/i102_s06_iter48_easy_medium_unique_ttc_object_scene_0051_easy_00_r2__scene-0051-easy-00__on/
+ rmdir /datasets/nuscenes-full/hugsim/outputs/nusc_uniad/scene-0051_easy_00
++ date -u +%s
+ printf '{"slot_id":"%s","scenario":"%s","arm":"on","attempt":%s,"rc":%s,"hdscore":%s,"steps":%s,"start_epoch":%s,"end_epoch":%s}\n' i102_s06_iter48_easy_medium_unique_ttc_object_scene_0051_easy_00_r2 scene-0051-easy-00 1 0 0.4292237442922374 219 1784005982 1784006661
+ echo 'I103_SLOT_DONE i102_s06_iter48_easy_medium_unique_ttc_object_scene_0051_easy_00_r2 scene-0051-easy-00 on ok hd=0.4292237442922374 steps=219'
I103_SLOT_DONE i102_s06_iter48_easy_medium_unique_ttc_object_scene_0051_easy_00_r2 scene-0051-easy-00 on ok hd=0.4292237442922374 steps=219
+ return 0
+ IFS='	'
+ read -r slot_id scenario _scenario_sha
+ run_one i102_s07_iter49_hard_extreme_no_fire_scene_0041_extreme_00_r2 scene-0041-extreme-00
+ local slot_id=i102_s07_iter49_hard_extreme_no_fire_scene_0041_extreme_00_r2 scenario=scene-0041-extreme-00
+ local scene=scene-0041
+ local mode_dashed=extreme-00
+ local mode=extreme_00
+ local out_dir=/datasets/nuscenes-full/hugsim/outputs/nusc_uniad/scene-0041_extreme_00
+ local dest=/datasets/nuscenes-full/hugsim/iter103_runs/i102_s07_iter49_hard_extreme_no_fire_scene_0041_extreme_00_r2__scene-0041-extreme-00__on
+ '[' -f /datasets/nuscenes-full/hugsim/iter103_runs/i102_s07_iter49_hard_extreme_no_fire_scene_0041_extreme_00_r2__scene-0041-extreme-00__on/episode_meta.json ']'
+ prep_scene scene-0041
+ local scene=scene-0041
+ '[' '!' -d /datasets/nuscenes-full/hugsim/extracted/scenes/nuscenes/scene-0041 ']'
+ local cfg=/datasets/nuscenes-full/hugsim/extracted/scenes/nuscenes/scene-0041/cfg.yaml
+ '[' '!' -f /datasets/nuscenes-full/hugsim/extracted/scenes/nuscenes/scene-0041/cfg.yaml ']'
+ '[' -f /datasets/nuscenes-full/hugsim/extracted/scenes/nuscenes/scene-0041/cfg.yaml.orig ']'
+ python3 - /datasets/nuscenes-full/hugsim/extracted/scenes/nuscenes/scene-0041/cfg.yaml /datasets/nuscenes-full/hugsim/extracted/scenes/nuscenes/scene-0041
+ local attempt rc steps hd marker decisions provenance
+ for attempt in 1 2
+ disk_guard
+ local avail
++ df --output=avail -BG /datasets/nuscenes-full
++ tail -1
++ tr -dc 0-9
+ avail=119
+ '[' 119 -lt 20 ']'
++ date -u
+ echo 'I103_SLOT_START i102_s07_iter49_hard_extreme_no_fire_scene_0041_extreme_00_r2 scene-0041-extreme-00 on a1 Tue Jul 14 05:24:21 UTC 2026'
I103_SLOT_START i102_s07_iter49_hard_extreme_no_fire_scene_0041_extreme_00_r2 scene-0041-extreme-00 on a1 Tue Jul 14 05:24:21 UTC 2026
+ local t0
++ date -u +%s
+ t0=1784006661
+ docker rm -f hugsim_uniad_client
+ rm -rf /datasets/nuscenes-full/hugsim/outputs/nusc_uniad/scene-0041_extreme_00
+ cd /opt/sentinel-stack/HUGSIM
+ SENTINEL_ENABLED=1
+ timeout 1200 pixi run python -u closed_loop.py --scenario_path /datasets/nuscenes-full/hugsim/extracted/scenarios/nuscenes/scene-0041-extreme-00.yaml --base_path configs/sim/nuscenes_base.yaml --camera_path configs/sim/nuscenes_camera.yaml --kinematic_path configs/sim/kinematic.yaml --ad uniad --ad_cuda 0
/datasets/nuscenes-full/hugsim/outputs/nusc_uniad/scene-0041_extreme_00/output.txt
/opt/sentinel-stack/UniAD_SIM/tools/e2e.sh 0 /datasets/nuscenes-full/hugsim/outputs/nusc_uniad/scene-0041_extreme_00
/opt/sentinel-stack/HUGSIM/submodules/Pplan/Sampling/spline_planner.py:102: UserWarning: To copy construct from a tensor, it is recommended to use sourceTensor.clone().detach() or sourceTensor.clone().detach().requires_grad_(True), rather than torch.tensor(sourceTensor).
  self.acce_grid = torch.tensor(acce_grid).to(self.device)
/opt/sentinel-stack/HUGSIM/submodules/Pplan/Sampling/forward_sampler.py:24: UserWarning: To copy construct from a tensor, it is recommended to use sourceTensor.clone().detach() or sourceTensor.clone().detach().requires_grad_(True), rather than torch.tensor(sourceTensor).
  self.accels = torch.tensor(acce_grid,device=self.device)
/opt/sentinel-stack/HUGSIM/submodules/Pplan/Sampling/forward_sampler.py:26: UserWarning: To copy construct from a tensor, it is recommended to use sourceTensor.clone().detach() or sourceTensor.clone().detach().requires_grad_(True), rather than torch.tensor(sourceTensor).
  self.dhm_grid = torch.tensor(dhm_grid,device=self.device)
Ready for simulation
ego pose [0.0, -1.3877787807814457e-17, 0.0]
ego pose [0.0, -0.005745324539347403, 0.4375]
ego pose [0.0035210849362102047, -0.012973714656126161, 1.062490081489996]
ego pose [0.018009420659333458, -0.01968374068268687, 1.836416860856101]
ego pose [0.056971874118098884, -0.02721949111147578, 2.7143264272673147]
ego pose [0.12729237285429187, -0.034918498230587215, 3.6319215185340603]
ego pose [0.22224312836053456, -0.041427125564883635, 4.562515648055204]
ego pose [0.34056165600345806, -0.04757172219817424, 5.503898051479041]
ego pose [0.4781324096384001, -0.04771676631173768, 6.433830196347635]
ego pose [0.6336410987676392, -0.04848606182781216, 7.336125194208344]
ego pose [0.8057999463237073, -0.05888920129068826, 8.206718865049776]
ego pose [0.9958941320088937, -0.0611890573737184, 9.060963147233558]
ego pose [1.207487616810711, -0.0690974108943642, 9.916381212003111]
ego pose [1.4528605167664057, -0.0737086232892455, 10.754577241633994]
ego pose [1.7108989459387782, -0.07548850478084299, 11.589852063502654]
ego pose [1.9412777697523311, -0.07433640295125703, 12.38479599672727]
ego pose [2.131048407896291, -0.074963449695722, 13.17934400734897]
ego pose [2.2592387798614064, -0.08551234756951187, 13.995159832449593]
ego pose [2.308277943239127, -0.08624378615180858, 14.81207249000078]
ego pose [2.2709692290061945, -0.0977855695451475, 15.619835784208421]
ego pose [2.1429989866928083, -0.1226961618727326, 16.424766465677237]
ego pose [1.9346418542912296, -0.13629557106355533, 17.18832053061454]
ego pose [1.7314425903042086, -0.14602721353385525, 17.75708402611221]
ego pose [1.5705094673316038, -0.15551209041131447, 18.141205406168815]
ego pose [1.4557966664102182, -0.15949042872027647, 18.389347309968805]
Collision with foreground
MoviePy - Building video /datasets/nuscenes-full/hugsim/outputs/nusc_uniad/scene-0041_extreme_00/video.mp4.
MoviePy - Writing video /datasets/nuscenes-full/hugsim/outputs/nusc_uniad/scene-0041_extreme_00/video.mp4

frame_index:   0%|          | 0/25 [00:00<?, ?it/s, now=None]frame_index:  40%|████      | 10/25 [00:00<00:00, 96.66it/s, now=None]frame_index: 100%|██████████| 25/25 [00:00<00:00, 123.23it/s, now=None]                                                                       MoviePy - Done !
MoviePy - video ready /datasets/nuscenes-full/hugsim/outputs/nusc_uniad/scene-0041_extreme_00/video.mp4
this pkl file contains 1 experiment records.
current exp has 25 frames
frame 0 / 25
comfortable: [True, True, True, True, True, True]
frame 1 / 25
comfortable: [True, True, True, True, True, True]
frame 2 / 25
comfortable: [True, True, True, True, True, True]
frame 3 / 25
comfortable: [True, True, True, True, True, True]
frame 4 / 25
comfortable: [True, True, True, True, True, True]
frame 5 / 25
comfortable: [True, True, True, True, True, True]
frame 6 / 25
comfortable: [True, True, True, True, True, True]
frame 7 / 25
comfortable: [True, True, True, True, True, True]
frame 8 / 25
comfortable: [True, True, True, True, True, True]
frame 9 / 25
comfortable: [True, True, True, True, True, True]
frame 10 / 25
collision with obstacle detected! @ timestep5
ego_poly: (20.837747374164383, -3.79860706590787, -0.24655422843987235, 1.648256453871727, 3.6978833436965943), obs_poly: (23.730379104614258, -2.407148838043213, -2.856054028637833, 1.648256453871727, 3.6978833436965943)
 failed to pass ttc collision check, t=1
comfortable: [True, True, True, True, True, True]
frame 11 / 25
collision with obstacle detected! @ timestep5
ego_poly: (19.75497644262088, -3.930097346465005, -0.26089447984391556, 1.648256453871727, 3.6978833436965943), obs_poly: (23.00950050354004, -2.5383100509643555, -2.9289640819351543, 1.648256453871727, 3.6978833436965943)
 failed to pass ttc collision check, t=0.5
comfortable: [True, True, True, True, True, True]
frame 12 / 25
collision with obstacle detected! @ timestep5
ego_poly: (20.41481085491568, -4.307443611093051, -0.29449762580729083, 1.648256453871727, 3.6978833436965943), obs_poly: (22.28541374206543, -2.6262247562408447, -2.9927734891053848, 1.648256453871727, 3.6978833436965943)
 failed to pass ttc collision check, t=0.5
comfortable: [True, True, True, True, True, True]
frame 13 / 25
collision with obstacle detected! @ timestep5
ego_poly: (19.569562527358354, -2.299899508868509, 0.32417182649937326, 1.648256453871727, 3.6978833436965943), obs_poly: (21.561086654663086, -2.6777546405792236, -3.047243546921239, 1.648256453871727, 3.6978833436965943)
collision with obstacle detected! @ timestep4
ego_poly: (19.64628464734291, -2.5514950074673868, 0.1844687262253326, 1.648256453871727, 3.6978833436965943), obs_poly: (23.00950050354004, -2.5383100509643555, -2.9289640819351543, 1.648256453871727, 3.6978833436965943)
 failed to pass ttc collision check, t=0.5
comfortable: [True, True, True, True, True, True]
frame 14 / 25
collision with obstacle detected! @ timestep5
ego_poly: (17.56306245381473, -3.086577822158682, 0.70074087710402, 1.648256453871727, 3.6978833436965943), obs_poly: (20.839481353759766, -2.6997625827789307, -3.092389554966667, 1.648256453871727, 3.6978833436965943)
collision with obstacle detected! @ timestep5
ego_poly: (17.904851485441586, -3.076037284801116, 0.70074087710402, 1.648256453871727, 3.6978833436965943), obs_poly: (20.839481353759766, -2.6997625827789307, -3.092389554966667, 1.648256453871727, 3.6978833436965943)
 failed to pass ttc collision check, t=0.5
comfortable: [True, True, False, True, False, False]
frame 15 / 25
collision with obstacle detected! @ timestep3
ego_poly: (20.530179385642572, -2.410264453673143, 1.2006021118834131, 1.648256453871727, 3.6978833436965943), obs_poly: (23.00950050354004, -2.5383100509643555, -2.9289640819351543, 1.648256453871727, 3.6978833436965943)
 failed to pass ttc collision check, t=1
comfortable: [True, False, True, False, False, False]
frame 16 / 25
collision with obstacle detected! @ timestep4
ego_poly: (20.24560212973419, -1.8184729865979912, 0.39458928105115976, 1.648256453871727, 3.6978833436965943), obs_poly: (20.839481353759766, -2.6997625827789307, -3.092389554966667, 1.648256453871727, 3.6978833436965943)
collision with obstacle detected! @ timestep3
ego_poly: (20.18535920336023, -2.0550179358323692, 0.2387255874147854, 1.648256453871727, 3.6978833436965943), obs_poly: (22.28541374206543, -2.6262247562408447, -2.9927734891053848, 1.648256453871727, 3.6978833436965943)
 failed to pass ttc collision check, t=0.5
comfortable: [True, True, True, True, True, True]
frame 17 / 25
collision with obstacle detected! @ timestep3
ego_poly: (19.004919778478293, -1.438212453665653, 0.24277740839648304, 1.648256453871727, 3.6978833436965943), obs_poly: (21.561086654663086, -2.6777546405792236, -3.047243546921239, 1.648256453871727, 3.6978833436965943)
collision with obstacle detected! @ timestep2
ego_poly: (20.75101685149716, -1.7502937623396542, 0.4673951997731446, 1.648256453871727, 3.6978833436965943), obs_poly: (23.00950050354004, -2.5383100509643555, -2.9289640819351543, 1.648256453871727, 3.6978833436965943)
 failed to pass ttc collision check, t=1
comfortable: [True, True, True, True, False, True]
frame 18 / 25
collision with obstacle detected! @ timestep3
ego_poly: (19.858087787141773, -1.3123031144238386, 0.38954920230044776, 1.648256453871727, 3.6978833436965943), obs_poly: (20.839481353759766, -2.6997625827789307, -3.092389554966667, 1.648256453871727, 3.6978833436965943)
collision with obstacle detected! @ timestep2
ego_poly: (19.94914690827423, -1.4425190987518928, 0.29971921274819663, 1.648256453871727, 3.6978833436965943), obs_poly: (22.28541374206543, -2.6262247562408447, -2.9927734891053848, 1.648256453871727, 3.6978833436965943)
 failed to pass ttc collision check, t=0.5
comfortable: [True, True, True, True, True, True]
frame 19 / 25
comfortable: [True, True, True, True, False, True]
frame 20 / 25
collision with obstacle detected! @ timestep1
ego_poly: (21.06706657128881, -0.47156082636033725, 0.77101234850701, 1.648256453871727, 3.6978833436965943), obs_poly: (22.28541374206543, -2.6262247562408447, -2.9927734891053848, 1.648256453871727, 3.6978833436965943)
 failed to pass ttc collision check, t=1
comfortable: [True, True, True, True, False, False]
frame 21 / 25
comfortable: [True, True, True, True, True, True]
frame 22 / 25
collision with obstacle detected! @ timestep1
ego_poly: (18.141205406168815, -1.5705094673316038, 0.4330247694062544, 1.648256453871727, 3.6978833436965943), obs_poly: (20.839481353759766, -2.6997625827789307, -3.092389554966667, 1.648256453871727, 3.6978833436965943)
collision with obstacle detected! @ timestep1
ego_poly: (18.141205406168815, -1.5705094673316038, 0.4330247694062544, 1.648256453871727, 3.6978833436965943), obs_poly: (20.839481353759766, -2.6997625827789307, -3.092389554966667, 1.648256453871727, 3.6978833436965943)
 failed to pass ttc collision check, t=0.5
comfortable: [True, True, True, True, True, True]
frame 23 / 25
comfortable: [True, True, True, True, True, True]
frame 24 / 25
collision with obstacle detected! @ timestep0
ego_poly: (18.550380128709406, -1.3766646569997576, 0.4722931815205678, 1.648256453871727, 3.6978833436965943), obs_poly: (20.839481353759766, -2.6997625827789307, -3.092389554966667, 1.648256453871727, 3.6978833436965943)
collision with obstacle detected! @ timestep0
ego_poly: (18.550380128709406, -1.3766646569997576, 0.4722931815205678, 1.648256453871727, 3.6978833436965943), obs_poly: (20.839481353759766, -2.6997625827789307, -3.092389554966667, 1.648256453871727, 3.6978833436965943)
 failed to pass ttc collision check, t=0.5
comfortable: [True, True, True, True, True, True]
The score of experiment is (0.5428571428571429, 0.1663258350374915, 0.0902911675917811, {'nc': 0.72, 'dac': 1.0, 'ttc': 0.52, 'c': 0.8, 'pdms': 0.5428571428571429}, {0.25: {'nc': 1.0, 'dac': 1.0, 'ttc': 1.0, 'c': 1.0, 'pdms': 1.0}, 0.5: {'nc': 1.0, 'dac': 1.0, 'ttc': 1.0, 'c': 1.0, 'pdms': 1.0}, 0.75: {'nc': 1.0, 'dac': 1.0, 'ttc': 1.0, 'c': 1.0, 'pdms': 1.0}, 1.0: {'nc': 1.0, 'dac': 1.0, 'ttc': 1.0, 'c': 1.0, 'pdms': 1.0}, 1.25: {'nc': 1.0, 'dac': 1.0, 'ttc': 1.0, 'c': 1.0, 'pdms': 1.0}, 1.5: {'nc': 1.0, 'dac': 1.0, 'ttc': 1.0, 'c': 1.0, 'pdms': 1.0}, 1.75: {'nc': 1.0, 'dac': 1.0, 'ttc': 1.0, 'c': 1.0, 'pdms': 1.0}, 2.0: {'nc': 1.0, 'dac': 1.0, 'ttc': 1.0, 'c': 1.0, 'pdms': 1.0}, 2.25: {'nc': 1.0, 'dac': 1.0, 'ttc': 1.0, 'c': 1.0, 'pdms': 1.0}, 2.5: {'nc': 1.0, 'dac': 1.0, 'ttc': 1.0, 'c': 1.0, 'pdms': 1.0}, 2.75: {'nc': 1.0, 'dac': 1.0, 'ttc': 0.0, 'c': 1.0, 'pdms': 0.2857142857142857}, 3.0: {'nc': 1.0, 'dac': 1.0, 'ttc': 0.0, 'c': 1.0, 'pdms': 0.2857142857142857}, 3.25: {'nc': 1.0, 'dac': 1.0, 'ttc': 0.0, 'c': 1.0, 'pdms': 0.2857142857142857}, 3.5: {'nc': 0.0, 'dac': 1.0, 'ttc': 0.0, 'c': 1.0, 'pdms': 0.0}, 3.75: {'nc': 0.0, 'dac': 1.0, 'ttc': 0.0, 'c': 0.0, 'pdms': 0.0}, 4.0: {'nc': 1.0, 'dac': 1.0, 'ttc': 0.0, 'c': 0.0, 'pdms': 0.0}, 4.25: {'nc': 0.0, 'dac': 1.0, 'ttc': 0.0, 'c': 1.0, 'pdms': 0.0}, 4.5: {'nc': 0.0, 'dac': 1.0, 'ttc': 0.0, 'c': 0.0, 'pdms': 0.0}, 4.75: {'nc': 0.0, 'dac': 1.0, 'ttc': 0.0, 'c': 1.0, 'pdms': 0.0}, 5.0: {'nc': 1.0, 'dac': 1.0, 'ttc': 1.0, 'c': 0.0, 'pdms': 0.7142857142857143}, 5.25: {'nc': 1.0, 'dac': 1.0, 'ttc': 0.0, 'c': 0.0, 'pdms': 0.0}, 5.5: {'nc': 1.0, 'dac': 1.0, 'ttc': 1.0, 'c': 1.0, 'pdms': 1.0}, 5.75: {'nc': 0.0, 'dac': 1.0, 'ttc': 0.0, 'c': 1.0, 'pdms': 0.0}, 6.0: {'nc': 1.0, 'dac': 1.0, 'ttc': 1.0, 'c': 1.0, 'pdms': 1.0}, 6.25: {'nc': 0.0, 'dac': 1.0, 'ttc': 0.0, 'c': 1.0, 'pdms': 0.0}}).
=============================Results=============================
'nc': 0.72
'dac': 1.0
'ttc': 0.52
'c': 0.8
'pdms': 0.5428571428571429
'rc': 0.1663258350374915
'hdscore': 0.0902911675917811
The AD algorithm is still running, remaining tolerant 100.
The AD algorithm is still running, remaining tolerant 95.
The AD algorithm is still running, remaining tolerant 90.
The AD algorithm completed with return code 0.
+ rc=0
+ echo 'I103_SLOT_RC=0 i102_s07_iter49_hard_extreme_no_fire_scene_0041_extreme_00_r2 scene-0041-extreme-00 on a1'
I103_SLOT_RC=0 i102_s07_iter49_hard_extreme_no_fire_scene_0041_extreme_00_r2 scene-0041-extreme-00 on a1
+ docker rm -f hugsim_uniad_client
++ python3 -c '
import json, math
try:
    v = json.load(open('\''/datasets/nuscenes-full/hugsim/outputs/nusc_uniad/scene-0041_extreme_00/eval.json'\'')).get('\''hdscore'\'')
    print(v if isinstance(v, (int, float)) and math.isfinite(v) else '\''INVALID'\'')
except Exception:
    print('\''MISSING'\'')
'
+ hd=0.0902911675917811
++ python3 -c '
import json
try:
    data = json.load(open('\''/datasets/nuscenes-full/hugsim/outputs/nusc_uniad/scene-0041_extreme_00/eval.json'\''))
    print(1 if '\''collision_provenance'\'' in data else 0)
except Exception:
    print(0)
'
+ provenance=1
++ grep -c sent /datasets/nuscenes-full/hugsim/outputs/nusc_uniad/scene-0041_extreme_00/output.txt
+ steps=25
+ '[' -n 25 ']'
++ grep -c 'SENTINEL_I48_UNION_PATCH_LOADED enabled=1' /datasets/nuscenes-full/hugsim/outputs/nusc_uniad/scene-0041_extreme_00/output.txt
+ marker=1
+ '[' -n 1 ']'
+ decisions=0
+ '[' -s /datasets/nuscenes-full/hugsim/outputs/nusc_uniad/scene-0041_extreme_00/sentinel_iter48_decisions.jsonl ']'
++ grep -c 'SENTINEL_I48_DECISION frame=' /datasets/nuscenes-full/hugsim/outputs/nusc_uniad/scene-0041_extreme_00/output.txt
+ '[' 25 -gt 0 ']'
+ decisions=1
+ '[' 0 = 0 ']'
+ '[' 0.0902911675917811 '!=' MISSING ']'
+ '[' 0.0902911675917811 '!=' INVALID ']'
+ '[' 1 = 1 ']'
+ '[' 25 -gt 0 ']'
+ '[' 1 -gt 0 ']'
+ '[' 1 = 1 ']'
+ rm -rf /datasets/nuscenes-full/hugsim/iter103_runs/i102_s07_iter49_hard_extreme_no_fire_scene_0041_extreme_00_r2__scene-0041-extreme-00__on
+ mkdir -p /datasets/nuscenes-full/hugsim/iter103_runs/i102_s07_iter49_hard_extreme_no_fire_scene_0041_extreme_00_r2__scene-0041-extreme-00__on
+ find /datasets/nuscenes-full/hugsim/outputs/nusc_uniad/scene-0041_extreme_00 -type p -delete
+ mv /datasets/nuscenes-full/hugsim/outputs/nusc_uniad/scene-0041_extreme_00/data.pkl /datasets/nuscenes-full/hugsim/outputs/nusc_uniad/scene-0041_extreme_00/eval.json /datasets/nuscenes-full/hugsim/outputs/nusc_uniad/scene-0041_extreme_00/ground.ply /datasets/nuscenes-full/hugsim/outputs/nusc_uniad/scene-0041_extreme_00/infos.pkl /datasets/nuscenes-full/hugsim/outputs/nusc_uniad/scene-0041_extreme_00/output.txt /datasets/nuscenes-full/hugsim/outputs/nusc_uniad/scene-0041_extreme_00/scene.ply /datasets/nuscenes-full/hugsim/outputs/nusc_uniad/scene-0041_extreme_00/sentinel_iter48_decisions.jsonl /datasets/nuscenes-full/hugsim/outputs/nusc_uniad/scene-0041_extreme_00/uniad /datasets/nuscenes-full/hugsim/outputs/nusc_uniad/scene-0041_extreme_00/video.mp4 /datasets/nuscenes-full/hugsim/iter103_runs/i102_s07_iter49_hard_extreme_no_fire_scene_0041_extreme_00_r2__scene-0041-extreme-00__on/
+ rmdir /datasets/nuscenes-full/hugsim/outputs/nusc_uniad/scene-0041_extreme_00
++ date -u +%s
+ printf '{"slot_id":"%s","scenario":"%s","arm":"on","attempt":%s,"rc":%s,"hdscore":%s,"steps":%s,"start_epoch":%s,"end_epoch":%s}\n' i102_s07_iter49_hard_extreme_no_fire_scene_0041_extreme_00_r2 scene-0041-extreme-00 1 0 0.0902911675917811 25 1784006661 1784006810
+ echo 'I103_SLOT_DONE i102_s07_iter49_hard_extreme_no_fire_scene_0041_extreme_00_r2 scene-0041-extreme-00 on ok hd=0.0902911675917811 steps=25'
I103_SLOT_DONE i102_s07_iter49_hard_extreme_no_fire_scene_0041_extreme_00_r2 scene-0041-extreme-00 on ok hd=0.0902911675917811 steps=25
+ return 0
+ IFS='	'
+ read -r slot_id scenario _scenario_sha
+ run_one i102_s08_iter49_hard_extreme_no_fire_scene_0062_hard_00_r1 scene-0062-hard-00
+ local slot_id=i102_s08_iter49_hard_extreme_no_fire_scene_0062_hard_00_r1 scenario=scene-0062-hard-00
+ local scene=scene-0062
+ local mode_dashed=hard-00
+ local mode=hard_00
+ local out_dir=/datasets/nuscenes-full/hugsim/outputs/nusc_uniad/scene-0062_hard_00
+ local dest=/datasets/nuscenes-full/hugsim/iter103_runs/i102_s08_iter49_hard_extreme_no_fire_scene_0062_hard_00_r1__scene-0062-hard-00__on
+ '[' -f /datasets/nuscenes-full/hugsim/iter103_runs/i102_s08_iter49_hard_extreme_no_fire_scene_0062_hard_00_r1__scene-0062-hard-00__on/episode_meta.json ']'
+ prep_scene scene-0062
+ local scene=scene-0062
+ '[' '!' -d /datasets/nuscenes-full/hugsim/extracted/scenes/nuscenes/scene-0062 ']'
+ local cfg=/datasets/nuscenes-full/hugsim/extracted/scenes/nuscenes/scene-0062/cfg.yaml
+ '[' '!' -f /datasets/nuscenes-full/hugsim/extracted/scenes/nuscenes/scene-0062/cfg.yaml ']'
+ '[' -f /datasets/nuscenes-full/hugsim/extracted/scenes/nuscenes/scene-0062/cfg.yaml.orig ']'
+ python3 - /datasets/nuscenes-full/hugsim/extracted/scenes/nuscenes/scene-0062/cfg.yaml /datasets/nuscenes-full/hugsim/extracted/scenes/nuscenes/scene-0062
+ local attempt rc steps hd marker decisions provenance
+ for attempt in 1 2
+ disk_guard
+ local avail
++ df --output=avail -BG /datasets/nuscenes-full
++ tail -1
++ tr -dc 0-9
+ avail=119
+ '[' 119 -lt 20 ']'
++ date -u
+ echo 'I103_SLOT_START i102_s08_iter49_hard_extreme_no_fire_scene_0062_hard_00_r1 scene-0062-hard-00 on a1 Tue Jul 14 05:26:50 UTC 2026'
I103_SLOT_START i102_s08_iter49_hard_extreme_no_fire_scene_0062_hard_00_r1 scene-0062-hard-00 on a1 Tue Jul 14 05:26:50 UTC 2026
+ local t0
++ date -u +%s
+ t0=1784006810
+ docker rm -f hugsim_uniad_client
+ rm -rf /datasets/nuscenes-full/hugsim/outputs/nusc_uniad/scene-0062_hard_00
+ cd /opt/sentinel-stack/HUGSIM
+ SENTINEL_ENABLED=1
+ timeout 1200 pixi run python -u closed_loop.py --scenario_path /datasets/nuscenes-full/hugsim/extracted/scenarios/nuscenes/scene-0062-hard-00.yaml --base_path configs/sim/nuscenes_base.yaml --camera_path configs/sim/nuscenes_camera.yaml --kinematic_path configs/sim/kinematic.yaml --ad uniad --ad_cuda 0
/datasets/nuscenes-full/hugsim/outputs/nusc_uniad/scene-0062_hard_00/output.txt
/opt/sentinel-stack/UniAD_SIM/tools/e2e.sh 0 /datasets/nuscenes-full/hugsim/outputs/nusc_uniad/scene-0062_hard_00
Ready for simulation
ego pose [0.0, 6.938893903907228e-18, 0.0]
ego pose [0.0, 0.004564483471909691, 0.4375]
ego pose [-0.0050977331693019025, 0.012317447594453197, 1.0624792101474534]
ego pose [-0.019547149130771886, 0.021453319740034667, 1.8406205900555461]
ego pose [-0.024268043107728815, 0.03364990298820796, 2.71960635865482]
ego pose [-0.004098371131502854, 0.04548656988225313, 3.644748237018625]
ego pose [0.05317656527808029, 0.052396538801838866, 4.582385033622415]
ego pose [0.15515764518973874, 0.0618422349267749, 5.50942656402529]
ego pose [0.296371352698848, 0.05063912972082468, 6.352911620083783]
ego pose [0.4425845337276646, 0.06608590309090931, 7.079363627658836]
ego pose [0.5846969912559961, 0.057955486052068766, 7.750590971622531]
ego pose [0.728653851853103, 0.06605642576952683, 8.409227836453805]
ego pose [0.8797607721095877, 0.06044501154189003, 9.066330624801257]
ego pose [1.0428261032447803, 0.056728868816206895, 9.729379140892844]
ego pose [1.224430651025727, 0.04667690408534818, 10.410882791031861]
ego pose [1.4273857730234112, 0.03615381447421336, 11.10243251616035]
ego pose [1.6436940333950956, 0.025178225000982147, 11.771156350262206]
ego pose [1.8706005705877287, 0.024777107217596656, 12.422313024167611]
ego pose [2.0988409589695483, 0.019551894033028247, 13.03913732700145]
ego pose [2.325811661559251, 0.01338852456023825, 13.629832397042591]
ego pose [2.562482400380317, 0.01602598202316584, 14.232170524486623]
ego pose [2.781444545973471, 0.019350829366578462, 14.81726134766669]
ego pose [2.991546441946231, 0.01775307084823908, 15.438771269390452]
ego pose [3.1597518257805794, 0.030549472135254007, 16.053547199193925]
ego pose [3.296280753284762, 0.07454672272809747, 16.69233757092444]
ego pose [3.398691343108418, 0.10817828987320458, 17.323949847279298]
ego pose [3.480778180729672, 0.12756210332359774, 17.937765032020266]
ego pose [3.551176960076826, 0.1269760924895936, 18.53953887668559]
ego pose [3.6204496537378135, 0.12054573624326029, 19.147125068181328]
ego pose [3.691255156515815, 0.11131539116505851, 19.75448910834267]
ego pose [3.7633535022102986, 0.10787521697077485, 20.34673468876797]
ego pose [3.837098833669285, 0.08970283423163972, 20.936165550269614]
ego pose [3.9140554430188956, 0.06757483314580433, 21.532130518627856]
ego pose [3.9960565202283918, 0.05427281030436252, 22.139191714004426]
ego pose [4.087398011082147, 0.054870214929116354, 22.774743223516197]
ego pose [4.189936656181145, 0.0607865996473569, 23.423923211939144]
ego pose [4.270943132381398, 0.07085667602159665, 23.886613690052606]
ego pose [4.328079022103579, 0.07572526031344781, 24.192138247902353]
ego pose [4.367421347909147, 0.07835831276536437, 24.39401013019782]
ego pose [4.394124357640222, 0.07784270850780928, 24.527457171741663]
ego pose [4.412086866103697, 0.07763163106208616, 24.615701244574755]
ego pose [4.46741813552132, 0.0766627877505287, 24.88450666822903]
ego pose [4.549493489287219, 0.07498852927873786, 25.26961950120572]
ego pose [4.650511829727222, 0.08243410482860532, 25.721499835813997]
ego pose [4.764120630237144, 0.07514915992399751, 26.20687519401124]
ego pose [4.885945741308808, 0.06750470407135699, 26.710389065321305]
ego pose [5.02041413640617, 0.055119286848518925, 27.23206744986326]
ego pose [5.1638977598491245, 0.03395348924586311, 27.764026679942987]
ego pose [5.3202902943436605, 0.027404854800464326, 28.30420955937496]
ego pose [5.490229634703987, 0.022206705652592668, 28.854067388753627]
ego pose [5.6722148861014245, 0.044438044334917645, 29.414497796935844]
ego pose [5.869786107151977, 0.04731904147412322, 29.99782201643875]
ego pose [6.088613466658227, 0.04427221752553881, 30.57423976435684]
ego pose [6.350368259761525, 0.03293574662105024, 31.155701113129254]
ego pose [6.667223938647851, 0.02251873817676954, 31.720507832301205]
ego pose [7.051227285013152, 0.015966080451524978, 32.249125251454615]
ego pose [7.484482216367278, 0.003422283639465784, 32.70647502595971]
ego pose [7.91764324850016, -0.007002249338864008, 33.04483275977782]
ego pose [8.372095294926572, -0.017531033717899658, 33.32969532697352]
ego pose [8.876378771609668, -0.030083978818583657, 33.59417647592807]
ego pose [9.427178000587253, -0.040831776386587526, 33.81168271109316]
Collision with background
MoviePy - Building video /datasets/nuscenes-full/hugsim/outputs/nusc_uniad/scene-0062_hard_00/video.mp4.
MoviePy - Writing video /datasets/nuscenes-full/hugsim/outputs/nusc_uniad/scene-0062_hard_00/video.mp4

frame_index:   0%|          | 0/61 [00:00<?, ?it/s, now=None]frame_index:  15%|█▍        | 9/61 [00:00<00:00, 85.15it/s, now=None]frame_index:  36%|███▌      | 22/61 [00:00<00:00, 107.57it/s, now=None]frame_index:  59%|█████▉    | 36/61 [00:00<00:00, 119.25it/s, now=None]frame_index:  79%|███████▊  | 48/61 [00:00<00:00, 109.68it/s, now=None]frame_index: 100%|██████████| 61/61 [00:00<00:00, 116.02it/s, now=None]                                                                       MoviePy - Done !
MoviePy - video ready /datasets/nuscenes-full/hugsim/outputs/nusc_uniad/scene-0062_hard_00/video.mp4
this pkl file contains 1 experiment records.
current exp has 61 frames
frame 0 / 61
comfortable: [True, True, True, True, True, True]
frame 1 / 61
comfortable: [True, True, True, True, True, True]
frame 2 / 61
comfortable: [True, True, True, True, True, True]
frame 3 / 61
comfortable: [True, True, True, True, True, True]
frame 4 / 61
comfortable: [True, True, True, True, True, True]
frame 5 / 61
comfortable: [True, True, True, True, True, True]
frame 6 / 61
comfortable: [True, True, True, True, True, True]
frame 7 / 61
comfortable: [True, True, True, True, False, True]
frame 8 / 61
comfortable: [True, True, True, True, False, True]
frame 9 / 61
comfortable: [True, True, True, True, True, True]
frame 10 / 61
comfortable: [True, True, True, True, True, True]
frame 11 / 61
comfortable: [True, True, True, True, True, True]
frame 12 / 61
comfortable: [True, True, True, True, True, True]
frame 13 / 61
comfortable: [True, True, True, True, True, True]
frame 14 / 61
comfortable: [True, True, True, True, True, True]
frame 15 / 61
comfortable: [True, True, True, True, True, True]
frame 16 / 61
comfortable: [True, True, True, True, True, True]
frame 17 / 61
comfortable: [True, True, True, True, True, True]
frame 18 / 61
comfortable: [True, True, True, True, True, True]
frame 19 / 61
comfortable: [True, True, True, True, True, True]
frame 20 / 61
comfortable: [True, True, True, True, True, True]
frame 21 / 61
comfortable: [True, True, True, True, True, True]
frame 22 / 61
comfortable: [True, True, True, True, True, True]
frame 23 / 61
comfortable: [True, True, True, True, True, True]
frame 24 / 61
comfortable: [True, True, True, True, True, True]
frame 25 / 61
comfortable: [True, True, True, True, True, True]
frame 26 / 61
comfortable: [True, True, True, True, True, True]
frame 27 / 61
comfortable: [True, True, True, True, True, True]
frame 28 / 61
comfortable: [True, True, True, True, True, True]
frame 29 / 61
comfortable: [True, True, True, True, True, True]
frame 30 / 61
comfortable: [True, True, True, True, True, True]
frame 31 / 61
comfortable: [True, True, True, True, True, True]
frame 32 / 61
comfortable: [True, True, True, True, True, True]
frame 33 / 61
comfortable: [True, True, True, True, True, True]
frame 34 / 61
comfortable: [True, True, True, True, True, True]
frame 35 / 61
comfortable: [True, True, True, True, True, True]
frame 36 / 61
comfortable: [True, True, True, True, True, True]
frame 37 / 61
comfortable: [True, True, True, True, True, True]
frame 38 / 61
comfortable: [True, True, True, True, True, True]
frame 39 / 61
comfortable: [True, True, True, True, True, True]
frame 40 / 61
comfortable: [True, True, True, True, True, True]
frame 41 / 61
comfortable: [True, True, True, True, True, True]
frame 42 / 61
comfortable: [True, True, True, True, True, True]
frame 43 / 61
comfortable: [True, True, True, True, True, True]
frame 44 / 61
comfortable: [True, True, True, True, True, True]
frame 45 / 61
comfortable: [True, True, True, True, True, True]
frame 46 / 61
comfortable: [True, True, True, True, True, True]
frame 47 / 61
comfortable: [True, True, True, True, True, True]
frame 48 / 61
comfortable: [True, True, True, True, True, True]
frame 49 / 61
comfortable: [True, True, True, True, True, True]
frame 50 / 61
comfortable: [True, True, True, True, True, True]
frame 51 / 61
comfortable: [True, True, True, True, True, True]
frame 52 / 61
comfortable: [True, True, True, True, True, True]
frame 53 / 61
collision with background detected! @ timestep5
 failed to pass ttc collision check, t=1
comfortable: [True, True, True, True, True, True]
frame 54 / 61
collision with background detected! @ timestep4
 failed to pass ttc collision check, t=1
comfortable: [True, True, True, True, True, True]
frame 55 / 61
comfortable: [True, True, True, True, True, True]
frame 56 / 61
comfortable: [True, True, True, True, True, True]
frame 57 / 61
comfortable: [True, True, True, True, True, True]
frame 58 / 61
comfortable: [True, True, True, True, True, True]
frame 59 / 61
collision with background detected! @ timestep1
collision with background detected! @ timestep2
 failed to pass ttc collision check, t=0.5
comfortable: [True, True, True, True, True, True]
frame 60 / 61
collision with background detected! @ timestep5
 failed to pass ttc collision check, t=1
comfortable: [True, True, True, True, False, True]
The score of experiment is (0.9180327868852459, 0.2988341660718534, 0.274339562295472, {'nc': 0.9836065573770492, 'dac': 0.9508196721311475, 'ttc': 0.9344262295081968, 'c': 0.9508196721311475, 'pdms': 0.9180327868852459}, {0.25: {'nc': 1.0, 'dac': 1.0, 'ttc': 1.0, 'c': 1.0, 'pdms': 1.0}, 0.5: {'nc': 1.0, 'dac': 1.0, 'ttc': 1.0, 'c': 1.0, 'pdms': 1.0}, 0.75: {'nc': 1.0, 'dac': 1.0, 'ttc': 1.0, 'c': 1.0, 'pdms': 1.0}, 1.0: {'nc': 1.0, 'dac': 1.0, 'ttc': 1.0, 'c': 1.0, 'pdms': 1.0}, 1.25: {'nc': 1.0, 'dac': 1.0, 'ttc': 1.0, 'c': 1.0, 'pdms': 1.0}, 1.5: {'nc': 1.0, 'dac': 1.0, 'ttc': 1.0, 'c': 1.0, 'pdms': 1.0}, 1.75: {'nc': 1.0, 'dac': 1.0, 'ttc': 1.0, 'c': 1.0, 'pdms': 1.0}, 2.0: {'nc': 1.0, 'dac': 1.0, 'ttc': 1.0, 'c': 0.0, 'pdms': 0.7142857142857143}, 2.25: {'nc': 1.0, 'dac': 1.0, 'ttc': 1.0, 'c': 0.0, 'pdms': 0.7142857142857143}, 2.5: {'nc': 1.0, 'dac': 1.0, 'ttc': 1.0, 'c': 1.0, 'pdms': 1.0}, 2.75: {'nc': 1.0, 'dac': 1.0, 'ttc': 1.0, 'c': 1.0, 'pdms': 1.0}, 3.0: {'nc': 1.0, 'dac': 1.0, 'ttc': 1.0, 'c': 1.0, 'pdms': 1.0}, 3.25: {'nc': 1.0, 'dac': 1.0, 'ttc': 1.0, 'c': 1.0, 'pdms': 1.0}, 3.5: {'nc': 1.0, 'dac': 1.0, 'ttc': 1.0, 'c': 1.0, 'pdms': 1.0}, 3.75: {'nc': 1.0, 'dac': 1.0, 'ttc': 1.0, 'c': 1.0, 'pdms': 1.0}, 4.0: {'nc': 1.0, 'dac': 1.0, 'ttc': 1.0, 'c': 1.0, 'pdms': 1.0}, 4.25: {'nc': 1.0, 'dac': 1.0, 'ttc': 1.0, 'c': 1.0, 'pdms': 1.0}, 4.5: {'nc': 1.0, 'dac': 1.0, 'ttc': 1.0, 'c': 1.0, 'pdms': 1.0}, 4.75: {'nc': 1.0, 'dac': 1.0, 'ttc': 1.0, 'c': 1.0, 'pdms': 1.0}, 5.0: {'nc': 1.0, 'dac': 1.0, 'ttc': 1.0, 'c': 1.0, 'pdms': 1.0}, 5.25: {'nc': 1.0, 'dac': 1.0, 'ttc': 1.0, 'c': 1.0, 'pdms': 1.0}, 5.5: {'nc': 1.0, 'dac': 1.0, 'ttc': 1.0, 'c': 1.0, 'pdms': 1.0}, 5.75: {'nc': 1.0, 'dac': 1.0, 'ttc': 1.0, 'c': 1.0, 'pdms': 1.0}, 6.0: {'nc': 1.0, 'dac': 1.0, 'ttc': 1.0, 'c': 1.0, 'pdms': 1.0}, 6.25: {'nc': 1.0, 'dac': 1.0, 'ttc': 1.0, 'c': 1.0, 'pdms': 1.0}, 6.5: {'nc': 1.0, 'dac': 1.0, 'ttc': 1.0, 'c': 1.0, 'pdms': 1.0}, 6.75: {'nc': 1.0, 'dac': 1.0, 'ttc': 1.0, 'c': 1.0, 'pdms': 1.0}, 7.0: {'nc': 1.0, 'dac': 1.0, 'ttc': 1.0, 'c': 1.0, 'pdms': 1.0}, 7.25: {'nc': 1.0, 'dac': 1.0, 'ttc': 1.0, 'c': 1.0, 'pdms': 1.0}, 7.5: {'nc': 1.0, 'dac': 1.0, 'ttc': 1.0, 'c': 1.0, 'pdms': 1.0}, 7.75: {'nc': 1.0, 'dac': 1.0, 'ttc': 1.0, 'c': 1.0, 'pdms': 1.0}, 8.0: {'nc': 1.0, 'dac': 1.0, 'ttc': 1.0, 'c': 1.0, 'pdms': 1.0}, 8.25: {'nc': 1.0, 'dac': 1.0, 'ttc': 1.0, 'c': 1.0, 'pdms': 1.0}, 8.5: {'nc': 1.0, 'dac': 1.0, 'ttc': 1.0, 'c': 1.0, 'pdms': 1.0}, 8.75: {'nc': 1.0, 'dac': 1.0, 'ttc': 1.0, 'c': 1.0, 'pdms': 1.0}, 9.0: {'nc': 1.0, 'dac': 1.0, 'ttc': 1.0, 'c': 1.0, 'pdms': 1.0}, 9.25: {'nc': 1.0, 'dac': 1.0, 'ttc': 1.0, 'c': 1.0, 'pdms': 1.0}, 9.5: {'nc': 1.0, 'dac': 1.0, 'ttc': 1.0, 'c': 1.0, 'pdms': 1.0}, 9.75: {'nc': 1.0, 'dac': 1.0, 'ttc': 1.0, 'c': 1.0, 'pdms': 1.0}, 10.0: {'nc': 1.0, 'dac': 1.0, 'ttc': 1.0, 'c': 1.0, 'pdms': 1.0}, 10.25: {'nc': 1.0, 'dac': 1.0, 'ttc': 1.0, 'c': 1.0, 'pdms': 1.0}, 10.5: {'nc': 1.0, 'dac': 1.0, 'ttc': 1.0, 'c': 1.0, 'pdms': 1.0}, 10.75: {'nc': 1.0, 'dac': 1.0, 'ttc': 1.0, 'c': 1.0, 'pdms': 1.0}, 11.0: {'nc': 1.0, 'dac': 1.0, 'ttc': 1.0, 'c': 1.0, 'pdms': 1.0}, 11.25: {'nc': 1.0, 'dac': 1.0, 'ttc': 1.0, 'c': 1.0, 'pdms': 1.0}, 11.5: {'nc': 1.0, 'dac': 1.0, 'ttc': 1.0, 'c': 1.0, 'pdms': 1.0}, 11.75: {'nc': 1.0, 'dac': 1.0, 'ttc': 1.0, 'c': 1.0, 'pdms': 1.0}, 12.0: {'nc': 1.0, 'dac': 1.0, 'ttc': 1.0, 'c': 1.0, 'pdms': 1.0}, 12.25: {'nc': 1.0, 'dac': 1.0, 'ttc': 1.0, 'c': 1.0, 'pdms': 1.0}, 12.5: {'nc': 1.0, 'dac': 1.0, 'ttc': 1.0, 'c': 1.0, 'pdms': 1.0}, 12.75: {'nc': 1.0, 'dac': 1.0, 'ttc': 1.0, 'c': 1.0, 'pdms': 1.0}, 13.0: {'nc': 1.0, 'dac': 1.0, 'ttc': 1.0, 'c': 1.0, 'pdms': 1.0}, 13.25: {'nc': 1.0, 'dac': 1.0, 'ttc': 1.0, 'c': 1.0, 'pdms': 1.0}, 13.5: {'nc': 1.0, 'dac': 1.0, 'ttc': 0.0, 'c': 1.0, 'pdms': 0.2857142857142857}, 13.75: {'nc': 1.0, 'dac': 1.0, 'ttc': 0.0, 'c': 1.0, 'pdms': 0.2857142857142857}, 14.0: {'nc': 1.0, 'dac': 1.0, 'ttc': 1.0, 'c': 1.0, 'pdms': 1.0}, 14.25: {'nc': 1.0, 'dac': 1.0, 'ttc': 1.0, 'c': 1.0, 'pdms': 1.0}, 14.5: {'nc': 1.0, 'dac': 1.0, 'ttc': 1.0, 'c': 1.0, 'pdms': 1.0}, 14.75: {'nc': 1.0, 'dac': 0.0, 'ttc': 1.0, 'c': 1.0, 'pdms': 0.0}, 15.0: {'nc': 0.0, 'dac': 0.0, 'ttc': 0.0, 'c': 1.0, 'pdms': 0.0}, 15.25: {'nc': 1.0, 'dac': 0.0, 'ttc': 0.0, 'c': 0.0, 'pdms': 0.0}}).
=============================Results=============================
'nc': 0.9836065573770492
'dac': 0.9508196721311475
'ttc': 0.9344262295081968
'c': 0.9508196721311475
'pdms': 0.9180327868852459
'rc': 0.2988341660718534
'hdscore': 0.274339562295472
The AD algorithm is still running, remaining tolerant 100.
The AD algorithm is still running, remaining tolerant 95.
The AD algorithm is still running, remaining tolerant 90.
The AD algorithm is still running, remaining tolerant 85.
The AD algorithm completed with return code 0.
+ rc=0
+ echo 'I103_SLOT_RC=0 i102_s08_iter49_hard_extreme_no_fire_scene_0062_hard_00_r1 scene-0062-hard-00 on a1'
I103_SLOT_RC=0 i102_s08_iter49_hard_extreme_no_fire_scene_0062_hard_00_r1 scene-0062-hard-00 on a1
+ docker rm -f hugsim_uniad_client
++ python3 -c '
import json, math
try:
    v = json.load(open('\''/datasets/nuscenes-full/hugsim/outputs/nusc_uniad/scene-0062_hard_00/eval.json'\'')).get('\''hdscore'\'')
    print(v if isinstance(v, (int, float)) and math.isfinite(v) else '\''INVALID'\'')
except Exception:
    print('\''MISSING'\'')
'
+ hd=0.274339562295472
++ python3 -c '
import json
try:
    data = json.load(open('\''/datasets/nuscenes-full/hugsim/outputs/nusc_uniad/scene-0062_hard_00/eval.json'\''))
    print(1 if '\''collision_provenance'\'' in data else 0)
except Exception:
    print(0)
'
+ provenance=1
++ grep -c sent /datasets/nuscenes-full/hugsim/outputs/nusc_uniad/scene-0062_hard_00/output.txt
+ steps=61
+ '[' -n 61 ']'
++ grep -c 'SENTINEL_I48_UNION_PATCH_LOADED enabled=1' /datasets/nuscenes-full/hugsim/outputs/nusc_uniad/scene-0062_hard_00/output.txt
+ marker=1
+ '[' -n 1 ']'
+ decisions=0
+ '[' -s /datasets/nuscenes-full/hugsim/outputs/nusc_uniad/scene-0062_hard_00/sentinel_iter48_decisions.jsonl ']'
++ grep -c 'SENTINEL_I48_DECISION frame=' /datasets/nuscenes-full/hugsim/outputs/nusc_uniad/scene-0062_hard_00/output.txt
+ '[' 61 -gt 0 ']'
+ decisions=1
+ '[' 0 = 0 ']'
+ '[' 0.274339562295472 '!=' MISSING ']'
+ '[' 0.274339562295472 '!=' INVALID ']'
+ '[' 1 = 1 ']'
+ '[' 61 -gt 0 ']'
+ '[' 1 -gt 0 ']'
+ '[' 1 = 1 ']'
+ rm -rf /datasets/nuscenes-full/hugsim/iter103_runs/i102_s08_iter49_hard_extreme_no_fire_scene_0062_hard_00_r1__scene-0062-hard-00__on
+ mkdir -p /datasets/nuscenes-full/hugsim/iter103_runs/i102_s08_iter49_hard_extreme_no_fire_scene_0062_hard_00_r1__scene-0062-hard-00__on
+ find /datasets/nuscenes-full/hugsim/outputs/nusc_uniad/scene-0062_hard_00 -type p -delete
+ mv /datasets/nuscenes-full/hugsim/outputs/nusc_uniad/scene-0062_hard_00/data.pkl /datasets/nuscenes-full/hugsim/outputs/nusc_uniad/scene-0062_hard_00/eval.json /datasets/nuscenes-full/hugsim/outputs/nusc_uniad/scene-0062_hard_00/ground.ply /datasets/nuscenes-full/hugsim/outputs/nusc_uniad/scene-0062_hard_00/infos.pkl /datasets/nuscenes-full/hugsim/outputs/nusc_uniad/scene-0062_hard_00/output.txt /datasets/nuscenes-full/hugsim/outputs/nusc_uniad/scene-0062_hard_00/scene.ply /datasets/nuscenes-full/hugsim/outputs/nusc_uniad/scene-0062_hard_00/sentinel_iter48_decisions.jsonl /datasets/nuscenes-full/hugsim/outputs/nusc_uniad/scene-0062_hard_00/uniad /datasets/nuscenes-full/hugsim/outputs/nusc_uniad/scene-0062_hard_00/video.mp4 /datasets/nuscenes-full/hugsim/iter103_runs/i102_s08_iter49_hard_extreme_no_fire_scene_0062_hard_00_r1__scene-0062-hard-00__on/
+ rmdir /datasets/nuscenes-full/hugsim/outputs/nusc_uniad/scene-0062_hard_00
++ date -u +%s
+ printf '{"slot_id":"%s","scenario":"%s","arm":"on","attempt":%s,"rc":%s,"hdscore":%s,"steps":%s,"start_epoch":%s,"end_epoch":%s}\n' i102_s08_iter49_hard_extreme_no_fire_scene_0062_hard_00_r1 scene-0062-hard-00 1 0 0.274339562295472 61 1784006810 1784007057
+ echo 'I103_SLOT_DONE i102_s08_iter49_hard_extreme_no_fire_scene_0062_hard_00_r1 scene-0062-hard-00 on ok hd=0.274339562295472 steps=61'
I103_SLOT_DONE i102_s08_iter49_hard_extreme_no_fire_scene_0062_hard_00_r1 scene-0062-hard-00 on ok hd=0.274339562295472 steps=61
+ return 0
+ IFS='	'
+ read -r slot_id scenario _scenario_sha
+ run_one i102_s09_iter49_hard_extreme_unique_cpa_object_scene_0013_extreme_00_r1 scene-0013-extreme-00
+ local slot_id=i102_s09_iter49_hard_extreme_unique_cpa_object_scene_0013_extreme_00_r1 scenario=scene-0013-extreme-00
+ local scene=scene-0013
+ local mode_dashed=extreme-00
+ local mode=extreme_00
+ local out_dir=/datasets/nuscenes-full/hugsim/outputs/nusc_uniad/scene-0013_extreme_00
+ local dest=/datasets/nuscenes-full/hugsim/iter103_runs/i102_s09_iter49_hard_extreme_unique_cpa_object_scene_0013_extreme_00_r1__scene-0013-extreme-00__on
+ '[' -f /datasets/nuscenes-full/hugsim/iter103_runs/i102_s09_iter49_hard_extreme_unique_cpa_object_scene_0013_extreme_00_r1__scene-0013-extreme-00__on/episode_meta.json ']'
+ prep_scene scene-0013
+ local scene=scene-0013
+ '[' '!' -d /datasets/nuscenes-full/hugsim/extracted/scenes/nuscenes/scene-0013 ']'
+ local cfg=/datasets/nuscenes-full/hugsim/extracted/scenes/nuscenes/scene-0013/cfg.yaml
+ '[' '!' -f /datasets/nuscenes-full/hugsim/extracted/scenes/nuscenes/scene-0013/cfg.yaml ']'
+ '[' -f /datasets/nuscenes-full/hugsim/extracted/scenes/nuscenes/scene-0013/cfg.yaml.orig ']'
+ python3 - /datasets/nuscenes-full/hugsim/extracted/scenes/nuscenes/scene-0013/cfg.yaml /datasets/nuscenes-full/hugsim/extracted/scenes/nuscenes/scene-0013
+ local attempt rc steps hd marker decisions provenance
+ for attempt in 1 2
+ disk_guard
+ local avail
++ df --output=avail -BG /datasets/nuscenes-full
++ tail -1
++ tr -dc 0-9
+ avail=119
+ '[' 119 -lt 20 ']'
++ date -u
+ echo 'I103_SLOT_START i102_s09_iter49_hard_extreme_unique_cpa_object_scene_0013_extreme_00_r1 scene-0013-extreme-00 on a1 Tue Jul 14 05:30:57 UTC 2026'
I103_SLOT_START i102_s09_iter49_hard_extreme_unique_cpa_object_scene_0013_extreme_00_r1 scene-0013-extreme-00 on a1 Tue Jul 14 05:30:57 UTC 2026
+ local t0
++ date -u +%s
+ t0=1784007057
+ docker rm -f hugsim_uniad_client
+ rm -rf /datasets/nuscenes-full/hugsim/outputs/nusc_uniad/scene-0013_extreme_00
+ cd /opt/sentinel-stack/HUGSIM
+ SENTINEL_ENABLED=1
+ timeout 1200 pixi run python -u closed_loop.py --scenario_path /datasets/nuscenes-full/hugsim/extracted/scenarios/nuscenes/scene-0013-extreme-00.yaml --base_path configs/sim/nuscenes_base.yaml --camera_path configs/sim/nuscenes_camera.yaml --kinematic_path configs/sim/kinematic.yaml --ad uniad --ad_cuda 0
/datasets/nuscenes-full/hugsim/outputs/nusc_uniad/scene-0013_extreme_00/output.txt
/opt/sentinel-stack/UniAD_SIM/tools/e2e.sh 0 /datasets/nuscenes-full/hugsim/outputs/nusc_uniad/scene-0013_extreme_00
/opt/sentinel-stack/HUGSIM/submodules/Pplan/Sampling/spline_planner.py:102: UserWarning: To copy construct from a tensor, it is recommended to use sourceTensor.clone().detach() or sourceTensor.clone().detach().requires_grad_(True), rather than torch.tensor(sourceTensor).
  self.acce_grid = torch.tensor(acce_grid).to(self.device)
/opt/sentinel-stack/HUGSIM/submodules/Pplan/Sampling/forward_sampler.py:24: UserWarning: To copy construct from a tensor, it is recommended to use sourceTensor.clone().detach() or sourceTensor.clone().detach().requires_grad_(True), rather than torch.tensor(sourceTensor).
  self.accels = torch.tensor(acce_grid,device=self.device)
/opt/sentinel-stack/HUGSIM/submodules/Pplan/Sampling/forward_sampler.py:26: UserWarning: To copy construct from a tensor, it is recommended to use sourceTensor.clone().detach() or sourceTensor.clone().detach().requires_grad_(True), rather than torch.tensor(sourceTensor).
  self.dhm_grid = torch.tensor(dhm_grid,device=self.device)
Ready for simulation
ego pose [0.0, -5.551115123125783e-17, 0.0]
ego pose [0.0, -0.002826926030539508, 0.4375]
ego pose [0.00801149213795558, -0.00750873589529263, 1.0104037402389654]
ego pose [0.015542394413650839, -0.012835835837221015, 1.693172375227791]
ego pose [0.0017642085289628698, -0.01956297854574346, 2.4626198181411034]
ego pose [-0.06041003943960001, -0.02518990274192221, 3.2812433870415467]
ego pose [-0.17973928218645374, -0.02854189833309374, 4.11781990536008]
ego pose [-0.3372799145090206, -0.039516256164885695, 4.946837254067325]
ego pose [-0.5010124020582094, -0.0473088170900277, 5.745258740457653]
ego pose [-0.6511914383442996, -0.05870306945735318, 6.543200319498745]
ego pose [-0.7795212015023204, -0.06994400643607228, 7.339023049508573]
ego pose [-0.8804162953783676, -0.07920767698107764, 7.949342704421149]
Collision with foreground
MoviePy - Building video /datasets/nuscenes-full/hugsim/outputs/nusc_uniad/scene-0013_extreme_00/video.mp4.
MoviePy - Writing video /datasets/nuscenes-full/hugsim/outputs/nusc_uniad/scene-0013_extreme_00/video.mp4

frame_index:   0%|          | 0/12 [00:00<?, ?it/s, now=None]frame_index:  83%|████████▎ | 10/12 [00:00<00:00, 92.44it/s, now=None]                                                                      MoviePy - Done !
MoviePy - video ready /datasets/nuscenes-full/hugsim/outputs/nusc_uniad/scene-0013_extreme_00/video.mp4
this pkl file contains 1 experiment records.
current exp has 12 frames
frame 0 / 12
collision with obstacle detected! @ timestep5
ego_poly: (9.901354597037866, 0.08714105718326925, 0.05097615152645997, 1.5796819895505905, 4.052261853218078), obs_poly: (11.95699691772461, 0.9109554886817932, -3.0542077381394366, 1.5796819895505905, 4.052261853218078)
collision with obstacle detected! @ timestep5
ego_poly: (12.182270976793738, 0.221050027057671, 0.05097615152645997, 1.5796819895505905, 4.052261853218078), obs_poly: (11.95699691772461, 0.9109554886817932, -3.0542077381394366, 1.5796819895505905, 4.052261853218078)
 failed to pass ttc collision check, t=0.5
comfortable: [True, True, True, True, True, True]
frame 1 / 12
collision with obstacle detected! @ timestep5
ego_poly: (8.638494525854192, 0.455101006040438, 0.12183792225891196, 1.5796819895505905, 4.052261853218078), obs_poly: (10.998957633972168, 0.8618016242980957, -3.079433413195055, 1.5796819895505905, 4.052261853218078)
collision with obstacle detected! @ timestep5
ego_poly: (10.269101538238488, 0.6964647621852553, 0.12183792225891196, 1.5796819895505905, 4.052261853218078), obs_poly: (10.998957633972168, 0.8618016242980957, -3.079433413195055, 1.5796819895505905, 4.052261853218078)
 failed to pass ttc collision check, t=0.5
comfortable: [True, True, True, True, True, True]
frame 2 / 12
collision with obstacle detected! @ timestep5
ego_poly: (9.885954270422454, 0.7287810996630038, 0.200437592119373, 1.5796819895505905, 4.052261853218078), obs_poly: (11.95699691772461, 0.9109554886817932, -3.0542077381394366, 1.5796819895505905, 4.052261853218078)
collision with obstacle detected! @ timestep4
ego_poly: (9.855210789800323, 0.606251946992832, 0.19470054307236037, 1.5796819895505905, 4.052261853218078), obs_poly: (11.95699691772461, 0.9109554886817932, -3.0542077381394366, 1.5796819895505905, 4.052261853218078)
 failed to pass ttc collision check, t=0.5
comfortable: [True, True, True, True, True, True]
frame 3 / 12
collision with obstacle detected! @ timestep4
ego_poly: (9.211156965759166, 0.868563261780273, 0.8136561846722937, 1.5796819895505905, 4.052261853218078), obs_poly: (10.998957633972168, 0.8618016242980957, -3.079433413195055, 1.5796819895505905, 4.052261853218078)
collision with obstacle detected! @ timestep3
ego_poly: (9.562361342420648, 0.6501986859219532, 0.24158620814030463, 1.5796819895505905, 4.052261853218078), obs_poly: (12.864813804626465, 0.9785080552101135, -3.0239800689065923, 1.5796819895505905, 4.052261853218078)
 failed to pass ttc collision check, t=0.5
comfortable: [True, True, True, True, False, False]
frame 4 / 12
collision with obstacle detected! @ timestep3
ego_poly: (8.384289681690493, 0.8569297900777219, 0.202452771186957, 1.5796819895505905, 4.052261853218078), obs_poly: (11.95699691772461, 0.9109554886817932, -3.0542077381394366, 1.5796819895505905, 4.052261853218078)
collision with obstacle detected! @ timestep3
ego_poly: (10.051328812177314, 1.1005283179385672, 0.202452771186957, 1.5796819895505905, 4.052261853218078), obs_poly: (11.95699691772461, 0.9109554886817932, -3.0542077381394366, 1.5796819895505905, 4.052261853218078)
 failed to pass ttc collision check, t=0.5
comfortable: [True, True, True, True, True, True]
frame 5 / 12
collision with obstacle detected! @ timestep3
ego_poly: (9.356689668064638, 1.7144385004988392, 0.009405390850832815, 1.5796819895505905, 4.052261853218078), obs_poly: (10.998957633972168, 0.8618016242980957, -3.079433413195055, 1.5796819895505905, 4.052261853218078)
collision with obstacle detected! @ timestep3
ego_poly: (11.773056792320357, 2.394809781130141, 0.009405390850832815, 1.5796819895505905, 4.052261853218078), obs_poly: (10.998957633972168, 0.8618016242980957, -3.079433413195055, 1.5796819895505905, 4.052261853218078)
 failed to pass ttc collision check, t=0.5
comfortable: [True, False, True, False, False, True]
frame 6 / 12
collision with obstacle detected! @ timestep3
ego_poly: (9.718246921325026, 1.3870303251338454, 0.11414903914210678, 1.5796819895505905, 4.052261853218078), obs_poly: (11.95699691772461, 0.9109554886817932, -3.0542077381394366, 1.5796819895505905, 4.052261853218078)
collision with obstacle detected! @ timestep3
ego_poly: (13.02958197189017, 0.9693198097841373, 0.11414903914210678, 1.5796819895505905, 4.052261853218078), obs_poly: (11.95699691772461, 0.9109554886817932, -3.0542077381394366, 1.5796819895505905, 4.052261853218078)
 failed to pass ttc collision check, t=0.5
comfortable: [True, False, False, False, False, False]
frame 7 / 12
collision with obstacle detected! @ timestep3
ego_poly: (10.182657565458067, 1.4825129506322585, -0.005356517088672801, 1.5796819895505905, 4.052261853218078), obs_poly: (10.998957633972168, 0.8618016242980957, -3.079433413195055, 1.5796819895505905, 4.052261853218078)
collision with obstacle detected! @ timestep2
ego_poly: (7.593778090942422, 1.9140259465960745, 0.0405848595639997, 1.5796819895505905, 4.052261853218078), obs_poly: (10.998957633972168, 0.8618016242980957, -3.079433413195055, 1.5796819895505905, 4.052261853218078)
 failed to pass ttc collision check, t=0.5
comfortable: [True, False, False, False, False, False]
frame 8 / 12
collision with obstacle detected! @ timestep3
ego_poly: (11.239668462146213, 1.4181948277581857, 0.13020023382706805, 1.5796819895505905, 4.052261853218078), obs_poly: (11.95699691772461, 0.9109554886817932, -3.0542077381394366, 1.5796819895505905, 4.052261853218078)
collision with obstacle detected! @ timestep1
ego_poly: (9.531260759045317, 1.2284286068790562, 1.446213358215338, 1.5796819895505905, 4.052261853218078), obs_poly: (11.95699691772461, 0.9109554886817932, -3.0542077381394366, 1.5796819895505905, 4.052261853218078)
 failed to pass ttc collision check, t=0.5
comfortable: [True, False, False, False, False, False]
frame 9 / 12
collision with obstacle detected! @ timestep1
ego_poly: (7.751321174630421, 1.0638163925141573, 0.7784110729506338, 1.5796819895505905, 4.052261853218078), obs_poly: (10.998957633972168, 0.8618016242980957, -3.079433413195055, 1.5796819895505905, 4.052261853218078)
collision with obstacle detected! @ timestep1
ego_poly: (8.16361929975227, 1.348111583525994, 0.7784110729506338, 1.5796819895505905, 4.052261853218078), obs_poly: (10.998957633972168, 0.8618016242980957, -3.079433413195055, 1.5796819895505905, 4.052261853218078)
 failed to pass ttc collision check, t=0.5
comfortable: [True, False, False, False, False, False]
frame 10 / 12
comfortable: [True, True, True, True, True, True]
frame 11 / 12
collision with obstacle detected! @ timestep0
ego_poly: (8.37447654013905, 0.9519088005591165, 0.16849772621676248, 1.5796819895505905, 4.052261853218078), obs_poly: (10.998957633972168, 0.8618016242980957, -3.079433413195055, 1.5796819895505905, 4.052261853218078)
collision with obstacle detected! @ timestep0
ego_poly: (8.37447654013905, 0.9519088005591165, 0.16849772621676248, 1.5796819895505905, 4.052261853218078), obs_poly: (10.998957633972168, 0.8618016242980957, -3.079433413195055, 1.5796819895505905, 4.052261853218078)
 failed to pass ttc collision check, t=0.5
comfortable: [True, True, True, True, True, True]
The score of experiment is (0.08333333333333333, 0.09850905218317359, 0.008209087681931132, {'nc': 0.08333333333333333, 'dac': 1.0, 'ttc': 0.08333333333333333, 'c': 0.5, 'pdms': 0.08333333333333333}, {0.25: {'nc': 0.0, 'dac': 1.0, 'ttc': 0.0, 'c': 1.0, 'pdms': 0.0}, 0.5: {'nc': 0.0, 'dac': 1.0, 'ttc': 0.0, 'c': 1.0, 'pdms': 0.0}, 0.75: {'nc': 0.0, 'dac': 1.0, 'ttc': 0.0, 'c': 1.0, 'pdms': 0.0}, 1.0: {'nc': 0.0, 'dac': 1.0, 'ttc': 0.0, 'c': 0.0, 'pdms': 0.0}, 1.25: {'nc': 0.0, 'dac': 1.0, 'ttc': 0.0, 'c': 1.0, 'pdms': 0.0}, 1.5: {'nc': 0.0, 'dac': 1.0, 'ttc': 0.0, 'c': 0.0, 'pdms': 0.0}, 1.75: {'nc': 0.0, 'dac': 1.0, 'ttc': 0.0, 'c': 0.0, 'pdms': 0.0}, 2.0: {'nc': 0.0, 'dac': 1.0, 'ttc': 0.0, 'c': 0.0, 'pdms': 0.0}, 2.25: {'nc': 0.0, 'dac': 1.0, 'ttc': 0.0, 'c': 0.0, 'pdms': 0.0}, 2.5: {'nc': 0.0, 'dac': 1.0, 'ttc': 0.0, 'c': 0.0, 'pdms': 0.0}, 2.75: {'nc': 1.0, 'dac': 1.0, 'ttc': 1.0, 'c': 1.0, 'pdms': 1.0}, 3.0: {'nc': 0.0, 'dac': 1.0, 'ttc': 0.0, 'c': 1.0, 'pdms': 0.0}}).
=============================Results=============================
'nc': 0.08333333333333333
'dac': 1.0
'ttc': 0.08333333333333333
'c': 0.5
'pdms': 0.08333333333333333
'rc': 0.09850905218317359
'hdscore': 0.008209087681931132
The AD algorithm is still running, remaining tolerant 100.
The AD algorithm is still running, remaining tolerant 95.
The AD algorithm completed with return code 0.
+ rc=0
+ echo 'I103_SLOT_RC=0 i102_s09_iter49_hard_extreme_unique_cpa_object_scene_0013_extreme_00_r1 scene-0013-extreme-00 on a1'
I103_SLOT_RC=0 i102_s09_iter49_hard_extreme_unique_cpa_object_scene_0013_extreme_00_r1 scene-0013-extreme-00 on a1
+ docker rm -f hugsim_uniad_client
++ python3 -c '
import json, math
try:
    v = json.load(open('\''/datasets/nuscenes-full/hugsim/outputs/nusc_uniad/scene-0013_extreme_00/eval.json'\'')).get('\''hdscore'\'')
    print(v if isinstance(v, (int, float)) and math.isfinite(v) else '\''INVALID'\'')
except Exception:
    print('\''MISSING'\'')
'
+ hd=0.008209087681931132
++ python3 -c '
import json
try:
    data = json.load(open('\''/datasets/nuscenes-full/hugsim/outputs/nusc_uniad/scene-0013_extreme_00/eval.json'\''))
    print(1 if '\''collision_provenance'\'' in data else 0)
except Exception:
    print(0)
'
+ provenance=1
++ grep -c sent /datasets/nuscenes-full/hugsim/outputs/nusc_uniad/scene-0013_extreme_00/output.txt
+ steps=12
+ '[' -n 12 ']'
++ grep -c 'SENTINEL_I48_UNION_PATCH_LOADED enabled=1' /datasets/nuscenes-full/hugsim/outputs/nusc_uniad/scene-0013_extreme_00/output.txt
+ marker=1
+ '[' -n 1 ']'
+ decisions=0
+ '[' -s /datasets/nuscenes-full/hugsim/outputs/nusc_uniad/scene-0013_extreme_00/sentinel_iter48_decisions.jsonl ']'
++ grep -c 'SENTINEL_I48_DECISION frame=' /datasets/nuscenes-full/hugsim/outputs/nusc_uniad/scene-0013_extreme_00/output.txt
+ '[' 12 -gt 0 ']'
+ decisions=1
+ '[' 0 = 0 ']'
+ '[' 0.008209087681931132 '!=' MISSING ']'
+ '[' 0.008209087681931132 '!=' INVALID ']'
+ '[' 1 = 1 ']'
+ '[' 12 -gt 0 ']'
+ '[' 1 -gt 0 ']'
+ '[' 1 = 1 ']'
+ rm -rf /datasets/nuscenes-full/hugsim/iter103_runs/i102_s09_iter49_hard_extreme_unique_cpa_object_scene_0013_extreme_00_r1__scene-0013-extreme-00__on
+ mkdir -p /datasets/nuscenes-full/hugsim/iter103_runs/i102_s09_iter49_hard_extreme_unique_cpa_object_scene_0013_extreme_00_r1__scene-0013-extreme-00__on
+ find /datasets/nuscenes-full/hugsim/outputs/nusc_uniad/scene-0013_extreme_00 -type p -delete
+ mv /datasets/nuscenes-full/hugsim/outputs/nusc_uniad/scene-0013_extreme_00/data.pkl /datasets/nuscenes-full/hugsim/outputs/nusc_uniad/scene-0013_extreme_00/eval.json /datasets/nuscenes-full/hugsim/outputs/nusc_uniad/scene-0013_extreme_00/ground.ply /datasets/nuscenes-full/hugsim/outputs/nusc_uniad/scene-0013_extreme_00/infos.pkl /datasets/nuscenes-full/hugsim/outputs/nusc_uniad/scene-0013_extreme_00/output.txt /datasets/nuscenes-full/hugsim/outputs/nusc_uniad/scene-0013_extreme_00/scene.ply /datasets/nuscenes-full/hugsim/outputs/nusc_uniad/scene-0013_extreme_00/sentinel_iter48_decisions.jsonl /datasets/nuscenes-full/hugsim/outputs/nusc_uniad/scene-0013_extreme_00/uniad /datasets/nuscenes-full/hugsim/outputs/nusc_uniad/scene-0013_extreme_00/video.mp4 /datasets/nuscenes-full/hugsim/iter103_runs/i102_s09_iter49_hard_extreme_unique_cpa_object_scene_0013_extreme_00_r1__scene-0013-extreme-00__on/
+ rmdir /datasets/nuscenes-full/hugsim/outputs/nusc_uniad/scene-0013_extreme_00
++ date -u +%s
+ printf '{"slot_id":"%s","scenario":"%s","arm":"on","attempt":%s,"rc":%s,"hdscore":%s,"steps":%s,"start_epoch":%s,"end_epoch":%s}\n' i102_s09_iter49_hard_extreme_unique_cpa_object_scene_0013_extreme_00_r1 scene-0013-extreme-00 1 0 0.008209087681931132 12 1784007057 1784007168
+ echo 'I103_SLOT_DONE i102_s09_iter49_hard_extreme_unique_cpa_object_scene_0013_extreme_00_r1 scene-0013-extreme-00 on ok hd=0.008209087681931132 steps=12'
I103_SLOT_DONE i102_s09_iter49_hard_extreme_unique_cpa_object_scene_0013_extreme_00_r1 scene-0013-extreme-00 on ok hd=0.008209087681931132 steps=12
+ return 0
+ IFS='	'
+ read -r slot_id scenario _scenario_sha
+ run_one i102_s10_iter49_hard_extreme_unique_cpa_object_scene_0013_extreme_00_r2 scene-0013-extreme-00
+ local slot_id=i102_s10_iter49_hard_extreme_unique_cpa_object_scene_0013_extreme_00_r2 scenario=scene-0013-extreme-00
+ local scene=scene-0013
+ local mode_dashed=extreme-00
+ local mode=extreme_00
+ local out_dir=/datasets/nuscenes-full/hugsim/outputs/nusc_uniad/scene-0013_extreme_00
+ local dest=/datasets/nuscenes-full/hugsim/iter103_runs/i102_s10_iter49_hard_extreme_unique_cpa_object_scene_0013_extreme_00_r2__scene-0013-extreme-00__on
+ '[' -f /datasets/nuscenes-full/hugsim/iter103_runs/i102_s10_iter49_hard_extreme_unique_cpa_object_scene_0013_extreme_00_r2__scene-0013-extreme-00__on/episode_meta.json ']'
+ prep_scene scene-0013
+ local scene=scene-0013
+ '[' '!' -d /datasets/nuscenes-full/hugsim/extracted/scenes/nuscenes/scene-0013 ']'
+ local cfg=/datasets/nuscenes-full/hugsim/extracted/scenes/nuscenes/scene-0013/cfg.yaml
+ '[' '!' -f /datasets/nuscenes-full/hugsim/extracted/scenes/nuscenes/scene-0013/cfg.yaml ']'
+ '[' -f /datasets/nuscenes-full/hugsim/extracted/scenes/nuscenes/scene-0013/cfg.yaml.orig ']'
+ python3 - /datasets/nuscenes-full/hugsim/extracted/scenes/nuscenes/scene-0013/cfg.yaml /datasets/nuscenes-full/hugsim/extracted/scenes/nuscenes/scene-0013
+ local attempt rc steps hd marker decisions provenance
+ for attempt in 1 2
+ disk_guard
+ local avail
++ df --output=avail -BG /datasets/nuscenes-full
++ tail -1
++ tr -dc 0-9
+ avail=118
+ '[' 118 -lt 20 ']'
++ date -u
+ echo 'I103_SLOT_START i102_s10_iter49_hard_extreme_unique_cpa_object_scene_0013_extreme_00_r2 scene-0013-extreme-00 on a1 Tue Jul 14 05:32:48 UTC 2026'
I103_SLOT_START i102_s10_iter49_hard_extreme_unique_cpa_object_scene_0013_extreme_00_r2 scene-0013-extreme-00 on a1 Tue Jul 14 05:32:48 UTC 2026
+ local t0
++ date -u +%s
+ t0=1784007168
+ docker rm -f hugsim_uniad_client
+ rm -rf /datasets/nuscenes-full/hugsim/outputs/nusc_uniad/scene-0013_extreme_00
+ cd /opt/sentinel-stack/HUGSIM
+ SENTINEL_ENABLED=1
+ timeout 1200 pixi run python -u closed_loop.py --scenario_path /datasets/nuscenes-full/hugsim/extracted/scenarios/nuscenes/scene-0013-extreme-00.yaml --base_path configs/sim/nuscenes_base.yaml --camera_path configs/sim/nuscenes_camera.yaml --kinematic_path configs/sim/kinematic.yaml --ad uniad --ad_cuda 0
/datasets/nuscenes-full/hugsim/outputs/nusc_uniad/scene-0013_extreme_00/output.txt
/opt/sentinel-stack/UniAD_SIM/tools/e2e.sh 0 /datasets/nuscenes-full/hugsim/outputs/nusc_uniad/scene-0013_extreme_00
/opt/sentinel-stack/HUGSIM/submodules/Pplan/Sampling/spline_planner.py:102: UserWarning: To copy construct from a tensor, it is recommended to use sourceTensor.clone().detach() or sourceTensor.clone().detach().requires_grad_(True), rather than torch.tensor(sourceTensor).
  self.acce_grid = torch.tensor(acce_grid).to(self.device)
/opt/sentinel-stack/HUGSIM/submodules/Pplan/Sampling/forward_sampler.py:24: UserWarning: To copy construct from a tensor, it is recommended to use sourceTensor.clone().detach() or sourceTensor.clone().detach().requires_grad_(True), rather than torch.tensor(sourceTensor).
  self.accels = torch.tensor(acce_grid,device=self.device)
/opt/sentinel-stack/HUGSIM/submodules/Pplan/Sampling/forward_sampler.py:26: UserWarning: To copy construct from a tensor, it is recommended to use sourceTensor.clone().detach() or sourceTensor.clone().detach().requires_grad_(True), rather than torch.tensor(sourceTensor).
  self.dhm_grid = torch.tensor(dhm_grid,device=self.device)
Ready for simulation
ego pose [0.0, -5.551115123125783e-17, 0.0]
ego pose [0.0, -0.002826926030539508, 0.4375]
ego pose [0.008010777713420025, -0.00750875171649402, 1.010354860820365]
ego pose [0.01554003697933522, -0.012835908302748828, 1.6929666155645422]
ego pose [0.001771244142618764, -0.019563078150953907, 2.462177040897611]
ego pose [-0.06034366215467948, -0.02519154589067061, 3.280069993578018]
ego pose [-0.17972921380480691, -0.02854543069707772, 4.115529944080929]
ego pose [-0.33779096449387, -0.03952015329648391, 4.9459422779542015]
ego pose [-0.5009490310324843, -0.0473087873720797, 5.739846249572668]
ego pose [-0.6496523044736547, -0.05866828451193689, 6.527284656767243]
ego pose [-0.7745981029279762, -0.06896803583040509, 7.307626900600363]
ego pose [-0.8710054059915334, -0.07809543296774964, 7.90264928856908]
Collision with foreground
MoviePy - Building video /datasets/nuscenes-full/hugsim/outputs/nusc_uniad/scene-0013_extreme_00/video.mp4.
MoviePy - Writing video /datasets/nuscenes-full/hugsim/outputs/nusc_uniad/scene-0013_extreme_00/video.mp4

frame_index:   0%|          | 0/12 [00:00<?, ?it/s, now=None]frame_index:  67%|██████▋   | 8/12 [00:00<00:00, 78.50it/s, now=None]                                                                     MoviePy - Done !
MoviePy - video ready /datasets/nuscenes-full/hugsim/outputs/nusc_uniad/scene-0013_extreme_00/video.mp4
this pkl file contains 1 experiment records.
current exp has 12 frames
frame 0 / 12
collision with obstacle detected! @ timestep5
ego_poly: (9.901354592339231, 0.08714156747165905, 0.050976205446179985, 1.5796819895505905, 4.052261853218078), obs_poly: (11.95699691772461, 0.9109554886817932, -3.0542077381394366, 1.5796819895505905, 4.052261853218078)
collision with obstacle detected! @ timestep5
ego_poly: (12.182270964874768, 0.22105066033243312, 0.050976205446179985, 1.5796819895505905, 4.052261853218078), obs_poly: (11.95699691772461, 0.9109554886817932, -3.0542077381394366, 1.5796819895505905, 4.052261853218078)
 failed to pass ttc collision check, t=0.5
comfortable: [True, True, True, True, True, True]
frame 1 / 12
collision with obstacle detected! @ timestep5
ego_poly: (8.636835304405293, 0.4555308770872872, 0.12213031114596865, 1.5796819895505905, 4.052261853218078), obs_poly: (10.998957633972168, 0.8618016242980957, -3.079433413195055, 1.5796819895505905, 4.052261853218078)
collision with obstacle detected! @ timestep5
ego_poly: (10.267159136021963, 0.6970716045432792, 0.12213031114596865, 1.5796819895505905, 4.052261853218078), obs_poly: (10.998957633972168, 0.8618016242980957, -3.079433413195055, 1.5796819895505905, 4.052261853218078)
 failed to pass ttc collision check, t=0.5
comfortable: [True, True, True, True, True, True]
frame 2 / 12
collision with obstacle detected! @ timestep5
ego_poly: (9.879795056212627, 0.7306400984235083, 0.20389654706011737, 1.5796819895505905, 4.052261853218078), obs_poly: (11.95699691772461, 0.9109554886817932, -3.0542077381394366, 1.5796819895505905, 4.052261853218078)
collision with obstacle detected! @ timestep4
ego_poly: (9.84808263584407, 0.6075241788058269, 0.19550182317182363, 1.5796819895505905, 4.052261853218078), obs_poly: (11.95699691772461, 0.9109554886817932, -3.0542077381394366, 1.5796819895505905, 4.052261853218078)
 failed to pass ttc collision check, t=0.5
comfortable: [True, True, True, True, True, True]
frame 3 / 12
collision with obstacle detected! @ timestep4
ego_poly: (9.208375617035054, 0.8681895047301614, 0.8129713376436238, 1.5796819895505905, 4.052261853218078), obs_poly: (10.998957633972168, 0.8618016242980957, -3.079433413195055, 1.5796819895505905, 4.052261853218078)
collision with obstacle detected! @ timestep3
ego_poly: (9.557307328581434, 0.6496299773132854, 0.24138212972551093, 1.5796819895505905, 4.052261853218078), obs_poly: (12.864813804626465, 0.9785080552101135, -3.0239800689065923, 1.5796819895505905, 4.052261853218078)
 failed to pass ttc collision check, t=0.5
comfortable: [True, True, True, True, False, False]
frame 4 / 12
collision with obstacle detected! @ timestep3
ego_poly: (8.375290044432228, 0.8570524880285206, 0.20208923959525232, 1.5796819895505905, 4.052261853218078), obs_poly: (11.95699691772461, 0.9109554886817932, -3.0542077381394366, 1.5796819895505905, 4.052261853218078)
collision with obstacle detected! @ timestep3
ego_poly: (10.039676649025079, 1.1010635063728196, 0.20208923959525232, 1.5796819895505905, 4.052261853218078), obs_poly: (11.95699691772461, 0.9109554886817932, -3.0542077381394366, 1.5796819895505905, 4.052261853218078)
 failed to pass ttc collision check, t=0.5
comfortable: [True, True, True, True, True, True]
frame 5 / 12
collision with obstacle detected! @ timestep3
ego_poly: (9.30683298806077, 1.757911621930139, -0.019418979201048424, 1.5796819895505905, 4.052261853218078), obs_poly: (10.998957633972168, 0.8618016242980957, -3.079433413195055, 1.5796819895505905, 4.052261853218078)
collision with obstacle detected! @ timestep3
ego_poly: (11.678671973534275, 2.482471649720484, -0.019418979201048424, 1.5796819895505905, 4.052261853218078), obs_poly: (10.998957633972168, 0.8618016242980957, -3.079433413195055, 1.5796819895505905, 4.052261853218078)
 failed to pass ttc collision check, t=0.5
comfortable: [True, False, True, False, False, True]
frame 6 / 12
collision with obstacle detected! @ timestep3
ego_poly: (9.758436635825916, 1.4304260949848882, 0.10073410237879385, 1.5796819895505905, 4.052261853218078), obs_poly: (11.95699691772461, 0.9109554886817932, -3.0542077381394366, 1.5796819895505905, 4.052261853218078)
collision with obstacle detected! @ timestep3
ego_poly: (13.054180208468447, 1.1676572794527935, 0.10073410237879385, 1.5796819895505905, 4.052261853218078), obs_poly: (11.95699691772461, 0.9109554886817932, -3.0542077381394366, 1.5796819895505905, 4.052261853218078)
 failed to pass ttc collision check, t=0.5
comfortable: [True, False, False, False, False, False]
frame 7 / 12
collision with obstacle detected! @ timestep3
ego_poly: (10.112224810180777, 1.4908693510235456, -0.03773824394182382, 1.5796819895505905, 4.052261853218078), obs_poly: (10.998957633972168, 0.8618016242980957, -3.079433413195055, 1.5796819895505905, 4.052261853218078)
collision with obstacle detected! @ timestep2
ego_poly: (7.577056339606435, 1.881919292017261, 0.05088940411778316, 1.5796819895505905, 4.052261853218078), obs_poly: (10.998957633972168, 0.8618016242980957, -3.079433413195055, 1.5796819895505905, 4.052261853218078)
 failed to pass ttc collision check, t=0.5
comfortable: [True, False, False, False, False, False]
frame 8 / 12
collision with obstacle detected! @ timestep3
ego_poly: (11.138782595807639, 1.4055283731937747, 0.1027955560314546, 1.5796819895505905, 4.052261853218078), obs_poly: (11.95699691772461, 0.9109554886817932, -3.0542077381394366, 1.5796819895505905, 4.052261853218078)
collision with obstacle detected! @ timestep1
ego_poly: (9.3062428791245, 1.1873789750001404, 1.415185162873902, 1.5796819895505905, 4.052261853218078), obs_poly: (11.95699691772461, 0.9109554886817932, -3.0542077381394366, 1.5796819895505905, 4.052261853218078)
 failed to pass ttc collision check, t=0.5
comfortable: [True, False, False, False, False, False]
frame 9 / 12
collision with obstacle detected! @ timestep1
ego_poly: (7.770904410065088, 1.0975025350133625, 0.8090653171658685, 1.5796819895505905, 4.052261853218078), obs_poly: (10.998957633972168, 0.8618016242980957, -3.079433413195055, 1.5796819895505905, 4.052261853218078)
collision with obstacle detected! @ timestep1
ego_poly: (8.234181919529814, 1.420406967098749, 0.8090653171658685, 1.5796819895505905, 4.052261853218078), obs_poly: (10.998957633972168, 0.8618016242980957, -3.079433413195055, 1.5796819895505905, 4.052261853218078)
 failed to pass ttc collision check, t=0.5
comfortable: [True, False, False, False, False, False]
frame 10 / 12
comfortable: [True, True, True, True, True, True]
frame 11 / 12
collision with obstacle detected! @ timestep0
ego_poly: (8.312498184879267, 0.9379601120799874, 0.1628184724421283, 1.5796819895505905, 4.052261853218078), obs_poly: (10.998957633972168, 0.8618016242980957, -3.079433413195055, 1.5796819895505905, 4.052261853218078)
collision with obstacle detected! @ timestep0
ego_poly: (8.312498184879267, 0.9379601120799874, 0.1628184724421283, 1.5796819895505905, 4.052261853218078), obs_poly: (10.998957633972168, 0.8618016242980957, -3.079433413195055, 1.5796819895505905, 4.052261853218078)
 failed to pass ttc collision check, t=0.5
comfortable: [True, True, True, True, True, True]
The score of experiment is (0.08333333333333333, 0.09762158324458645, 0.00813513193704887, {'nc': 0.08333333333333333, 'dac': 1.0, 'ttc': 0.08333333333333333, 'c': 0.5, 'pdms': 0.08333333333333333}, {0.25: {'nc': 0.0, 'dac': 1.0, 'ttc': 0.0, 'c': 1.0, 'pdms': 0.0}, 0.5: {'nc': 0.0, 'dac': 1.0, 'ttc': 0.0, 'c': 1.0, 'pdms': 0.0}, 0.75: {'nc': 0.0, 'dac': 1.0, 'ttc': 0.0, 'c': 1.0, 'pdms': 0.0}, 1.0: {'nc': 0.0, 'dac': 1.0, 'ttc': 0.0, 'c': 0.0, 'pdms': 0.0}, 1.25: {'nc': 0.0, 'dac': 1.0, 'ttc': 0.0, 'c': 1.0, 'pdms': 0.0}, 1.5: {'nc': 0.0, 'dac': 1.0, 'ttc': 0.0, 'c': 0.0, 'pdms': 0.0}, 1.75: {'nc': 0.0, 'dac': 1.0, 'ttc': 0.0, 'c': 0.0, 'pdms': 0.0}, 2.0: {'nc': 0.0, 'dac': 1.0, 'ttc': 0.0, 'c': 0.0, 'pdms': 0.0}, 2.25: {'nc': 0.0, 'dac': 1.0, 'ttc': 0.0, 'c': 0.0, 'pdms': 0.0}, 2.5: {'nc': 0.0, 'dac': 1.0, 'ttc': 0.0, 'c': 0.0, 'pdms': 0.0}, 2.75: {'nc': 1.0, 'dac': 1.0, 'ttc': 1.0, 'c': 1.0, 'pdms': 1.0}, 3.0: {'nc': 0.0, 'dac': 1.0, 'ttc': 0.0, 'c': 1.0, 'pdms': 0.0}}).
=============================Results=============================
'nc': 0.08333333333333333
'dac': 1.0
'ttc': 0.08333333333333333
'c': 0.5
'pdms': 0.08333333333333333
'rc': 0.09762158324458645
'hdscore': 0.00813513193704887
The AD algorithm is still running, remaining tolerant 100.
The AD algorithm is still running, remaining tolerant 95.
The AD algorithm completed with return code 0.
+ rc=0
+ echo 'I103_SLOT_RC=0 i102_s10_iter49_hard_extreme_unique_cpa_object_scene_0013_extreme_00_r2 scene-0013-extreme-00 on a1'
I103_SLOT_RC=0 i102_s10_iter49_hard_extreme_unique_cpa_object_scene_0013_extreme_00_r2 scene-0013-extreme-00 on a1
+ docker rm -f hugsim_uniad_client
++ python3 -c '
import json, math
try:
    v = json.load(open('\''/datasets/nuscenes-full/hugsim/outputs/nusc_uniad/scene-0013_extreme_00/eval.json'\'')).get('\''hdscore'\'')
    print(v if isinstance(v, (int, float)) and math.isfinite(v) else '\''INVALID'\'')
except Exception:
    print('\''MISSING'\'')
'
+ hd=0.00813513193704887
++ python3 -c '
import json
try:
    data = json.load(open('\''/datasets/nuscenes-full/hugsim/outputs/nusc_uniad/scene-0013_extreme_00/eval.json'\''))
    print(1 if '\''collision_provenance'\'' in data else 0)
except Exception:
    print(0)
'
+ provenance=1
++ grep -c sent /datasets/nuscenes-full/hugsim/outputs/nusc_uniad/scene-0013_extreme_00/output.txt
+ steps=12
+ '[' -n 12 ']'
++ grep -c 'SENTINEL_I48_UNION_PATCH_LOADED enabled=1' /datasets/nuscenes-full/hugsim/outputs/nusc_uniad/scene-0013_extreme_00/output.txt
+ marker=1
+ '[' -n 1 ']'
+ decisions=0
+ '[' -s /datasets/nuscenes-full/hugsim/outputs/nusc_uniad/scene-0013_extreme_00/sentinel_iter48_decisions.jsonl ']'
++ grep -c 'SENTINEL_I48_DECISION frame=' /datasets/nuscenes-full/hugsim/outputs/nusc_uniad/scene-0013_extreme_00/output.txt
+ '[' 12 -gt 0 ']'
+ decisions=1
+ '[' 0 = 0 ']'
+ '[' 0.00813513193704887 '!=' MISSING ']'
+ '[' 0.00813513193704887 '!=' INVALID ']'
+ '[' 1 = 1 ']'
+ '[' 12 -gt 0 ']'
+ '[' 1 -gt 0 ']'
+ '[' 1 = 1 ']'
+ rm -rf /datasets/nuscenes-full/hugsim/iter103_runs/i102_s10_iter49_hard_extreme_unique_cpa_object_scene_0013_extreme_00_r2__scene-0013-extreme-00__on
+ mkdir -p /datasets/nuscenes-full/hugsim/iter103_runs/i102_s10_iter49_hard_extreme_unique_cpa_object_scene_0013_extreme_00_r2__scene-0013-extreme-00__on
+ find /datasets/nuscenes-full/hugsim/outputs/nusc_uniad/scene-0013_extreme_00 -type p -delete
+ mv /datasets/nuscenes-full/hugsim/outputs/nusc_uniad/scene-0013_extreme_00/data.pkl /datasets/nuscenes-full/hugsim/outputs/nusc_uniad/scene-0013_extreme_00/eval.json /datasets/nuscenes-full/hugsim/outputs/nusc_uniad/scene-0013_extreme_00/ground.ply /datasets/nuscenes-full/hugsim/outputs/nusc_uniad/scene-0013_extreme_00/infos.pkl /datasets/nuscenes-full/hugsim/outputs/nusc_uniad/scene-0013_extreme_00/output.txt /datasets/nuscenes-full/hugsim/outputs/nusc_uniad/scene-0013_extreme_00/scene.ply /datasets/nuscenes-full/hugsim/outputs/nusc_uniad/scene-0013_extreme_00/sentinel_iter48_decisions.jsonl /datasets/nuscenes-full/hugsim/outputs/nusc_uniad/scene-0013_extreme_00/uniad /datasets/nuscenes-full/hugsim/outputs/nusc_uniad/scene-0013_extreme_00/video.mp4 /datasets/nuscenes-full/hugsim/iter103_runs/i102_s10_iter49_hard_extreme_unique_cpa_object_scene_0013_extreme_00_r2__scene-0013-extreme-00__on/
+ rmdir /datasets/nuscenes-full/hugsim/outputs/nusc_uniad/scene-0013_extreme_00
++ date -u +%s
+ printf '{"slot_id":"%s","scenario":"%s","arm":"on","attempt":%s,"rc":%s,"hdscore":%s,"steps":%s,"start_epoch":%s,"end_epoch":%s}\n' i102_s10_iter49_hard_extreme_unique_cpa_object_scene_0013_extreme_00_r2 scene-0013-extreme-00 1 0 0.00813513193704887 12 1784007168 1784007277
+ echo 'I103_SLOT_DONE i102_s10_iter49_hard_extreme_unique_cpa_object_scene_0013_extreme_00_r2 scene-0013-extreme-00 on ok hd=0.00813513193704887 steps=12'
I103_SLOT_DONE i102_s10_iter49_hard_extreme_unique_cpa_object_scene_0013_extreme_00_r2 scene-0013-extreme-00 on ok hd=0.00813513193704887 steps=12
+ return 0
+ IFS='	'
+ read -r slot_id scenario _scenario_sha
+ run_one i102_s11_iter49_hard_extreme_unique_ttc_object_scene_0038_hard_00_r1 scene-0038-hard-00
+ local slot_id=i102_s11_iter49_hard_extreme_unique_ttc_object_scene_0038_hard_00_r1 scenario=scene-0038-hard-00
+ local scene=scene-0038
+ local mode_dashed=hard-00
+ local mode=hard_00
+ local out_dir=/datasets/nuscenes-full/hugsim/outputs/nusc_uniad/scene-0038_hard_00
+ local dest=/datasets/nuscenes-full/hugsim/iter103_runs/i102_s11_iter49_hard_extreme_unique_ttc_object_scene_0038_hard_00_r1__scene-0038-hard-00__on
+ '[' -f /datasets/nuscenes-full/hugsim/iter103_runs/i102_s11_iter49_hard_extreme_unique_ttc_object_scene_0038_hard_00_r1__scene-0038-hard-00__on/episode_meta.json ']'
+ prep_scene scene-0038
+ local scene=scene-0038
+ '[' '!' -d /datasets/nuscenes-full/hugsim/extracted/scenes/nuscenes/scene-0038 ']'
+ local cfg=/datasets/nuscenes-full/hugsim/extracted/scenes/nuscenes/scene-0038/cfg.yaml
+ '[' '!' -f /datasets/nuscenes-full/hugsim/extracted/scenes/nuscenes/scene-0038/cfg.yaml ']'
+ '[' -f /datasets/nuscenes-full/hugsim/extracted/scenes/nuscenes/scene-0038/cfg.yaml.orig ']'
+ python3 - /datasets/nuscenes-full/hugsim/extracted/scenes/nuscenes/scene-0038/cfg.yaml /datasets/nuscenes-full/hugsim/extracted/scenes/nuscenes/scene-0038
+ local attempt rc steps hd marker decisions provenance
+ for attempt in 1 2
+ disk_guard
+ local avail
++ df --output=avail -BG /datasets/nuscenes-full
++ tail -1
++ tr -dc 0-9
+ avail=118
+ '[' 118 -lt 20 ']'
++ date -u
+ echo 'I103_SLOT_START i102_s11_iter49_hard_extreme_unique_ttc_object_scene_0038_hard_00_r1 scene-0038-hard-00 on a1 Tue Jul 14 05:34:37 UTC 2026'
I103_SLOT_START i102_s11_iter49_hard_extreme_unique_ttc_object_scene_0038_hard_00_r1 scene-0038-hard-00 on a1 Tue Jul 14 05:34:37 UTC 2026
+ local t0
++ date -u +%s
+ t0=1784007277
+ docker rm -f hugsim_uniad_client
+ rm -rf /datasets/nuscenes-full/hugsim/outputs/nusc_uniad/scene-0038_hard_00
+ cd /opt/sentinel-stack/HUGSIM
+ SENTINEL_ENABLED=1
+ timeout 1200 pixi run python -u closed_loop.py --scenario_path /datasets/nuscenes-full/hugsim/extracted/scenarios/nuscenes/scene-0038-hard-00.yaml --base_path configs/sim/nuscenes_base.yaml --camera_path configs/sim/nuscenes_camera.yaml --kinematic_path configs/sim/kinematic.yaml --ad uniad --ad_cuda 0
/datasets/nuscenes-full/hugsim/outputs/nusc_uniad/scene-0038_hard_00/output.txt
/opt/sentinel-stack/UniAD_SIM/tools/e2e.sh 0 /datasets/nuscenes-full/hugsim/outputs/nusc_uniad/scene-0038_hard_00
Ready for simulation
ego pose [0.0, -3.2146299438905488e-34, 0.0]
ego pose [0.0, -0.012187308463684031, 0.4375]
ego pose [-0.00957797440719709, -0.0017491566192105326, 1.0582956565532502]
ego pose [-0.05301116384444265, 0.005867445515288683, 1.8059117144183763]
ego pose [-0.15189019221476152, -0.01324667471950188, 2.62800366362861]
ego pose [-0.3216472807899511, -0.013375690358173679, 3.49979214694184]
ego pose [-0.568639268197301, -0.014355155031326415, 4.398777147868005]
ego pose [-0.89400059016524, -0.020206980064098178, 5.297645613905028]
ego pose [-1.2811823517175944, -0.02508011344282813, 6.1879667374330865]
ego pose [-1.6891058538289163, -0.032255145951590146, 7.060017948165265]
ego pose [-2.0788233236549214, -0.0429331380986211, 7.912192247682928]
ego pose [-2.415932237628371, -0.051300586529853254, 8.742630691295327]
ego pose [-2.6920710845808786, -0.05884794515874751, 9.604855094345908]
ego pose [-2.899939840391842, -0.06459113193140896, 10.45215847421819]
ego pose [-3.079846575865059, -0.07232581698089627, 11.309427561974585]
ego pose [-3.223040994681301, -0.07749352088162394, 12.183453061610555]
ego pose [-3.355473290949482, -0.0826485793275491, 13.056720524245259]
ego pose [-3.498520160471453, -0.08801460737163455, 13.919557643653977]
ego pose [-3.6340820072379043, -0.09801587280394006, 14.773687778921191]
ego pose [-3.756134255501876, -0.10447049899266563, 15.633363278915493]
ego pose [-3.8577269287312617, -0.11141346451690134, 16.484700978577166]
ego pose [-3.940891918413516, -0.1278035953063835, 17.31354443141005]
ego pose [-4.01168721486594, -0.14412485225917865, 18.120099060986284]
ego pose [-4.075398982573172, -0.1505298405133197, 18.910736674506026]
ego pose [-4.112156595515569, -0.14711907825775372, 19.69202677463886]
ego pose [-4.114283780785131, -0.1428589504752084, 20.42962545289777]
ego pose [-4.100265402484624, -0.14228367095478678, 21.141749865037212]
ego pose [-4.078840114190624, -0.141120829749915, 21.80134345804802]
ego pose [-4.056808031961192, -0.13750171232852207, 22.46491948879324]
ego pose [-4.0405604935185595, -0.13462112173456067, 22.941084057829176]
ego pose [-4.029600763878012, -0.13507022330397275, 23.256373224960804]
ego pose [-4.022255778256486, -0.13536882396019922, 23.465146568674722]
ego pose [-4.017353678662919, -0.14484711421555252, 23.603391240809245]
ego pose [-4.005747277712194, -0.1463184295964849, 23.929016018247506]
ego pose [-3.99537566318718, -0.1471278530757127, 24.14414550628699]
ego pose [-3.9873438383710558, -0.14767736758914346, 24.28628583763551]
ego pose [-3.9815218741527394, -0.14804688819061312, 24.38020622875592]
ego pose [-3.9774495630885425, -0.14829388869277926, 24.44227257345116]
ego pose [-3.974660042595212, -0.14845834884092188, 24.4832900320154]
ego pose [-3.972773556538191, -0.14856757367268086, 24.510397815006634]
ego pose [-3.9715079311472996, -0.14863999947453366, 24.52831459749335]
ego pose [-3.9706632039549, -0.14868797245401957, 24.540156909390213]
ego pose [-3.970101330747641, -0.14871972315152043, 24.547983658794323]
ego pose [-3.95605497898227, -0.14951086895661347, 24.742824896879874]
Collision with background
MoviePy - Building video /datasets/nuscenes-full/hugsim/outputs/nusc_uniad/scene-0038_hard_00/video.mp4.
MoviePy - Writing video /datasets/nuscenes-full/hugsim/outputs/nusc_uniad/scene-0038_hard_00/video.mp4

frame_index:   0%|          | 0/44 [00:00<?, ?it/s, now=None]frame_index:  20%|██        | 9/44 [00:00<00:00, 85.60it/s, now=None]frame_index:  48%|████▊     | 21/44 [00:00<00:00, 105.18it/s, now=None]frame_index:  75%|███████▌  | 33/44 [00:00<00:00, 110.36it/s, now=None]                                                                       MoviePy - Done !
MoviePy - video ready /datasets/nuscenes-full/hugsim/outputs/nusc_uniad/scene-0038_hard_00/video.mp4
this pkl file contains 1 experiment records.
current exp has 44 frames
frame 0 / 44
comfortable: [True, True, True, True, True, True]
frame 1 / 44
comfortable: [True, True, True, True, True, True]
frame 2 / 44
comfortable: [True, True, True, True, True, True]
frame 3 / 44
comfortable: [True, True, True, True, True, True]
frame 4 / 44
comfortable: [True, True, True, True, True, True]
frame 5 / 44
comfortable: [True, True, True, True, True, True]
frame 6 / 44
comfortable: [True, True, True, True, True, True]
frame 7 / 44
comfortable: [True, True, True, True, True, True]
frame 8 / 44
comfortable: [True, True, True, True, True, True]
frame 9 / 44
comfortable: [True, True, True, True, True, True]
frame 10 / 44
comfortable: [True, True, True, True, True, True]
frame 11 / 44
comfortable: [True, True, True, True, True, True]
frame 12 / 44
comfortable: [True, True, True, True, True, True]
frame 13 / 44
comfortable: [True, True, True, True, True, True]
frame 14 / 44
comfortable: [True, True, True, True, True, True]
frame 15 / 44
collision with obstacle detected! @ timestep5
ego_poly: (25.662758677938406, 6.4585123289677355, 0.06560109416071948, 1.7945964813232422, 3.9275957107543946), obs_poly: (27.44537353515625, 8.804718017578125, -2.683185233625138, 1.7945964813232422, 3.9275957107543946)
 failed to pass ttc collision check, t=1
comfortable: [True, True, True, False, False, True]
frame 16 / 44
comfortable: [True, False, True, False, False, False]
frame 17 / 44
comfortable: [True, False, True, False, False, True]
frame 18 / 44
comfortable: [True, True, True, True, False, True]
frame 19 / 44
comfortable: [True, True, True, False, False, False]
frame 20 / 44
comfortable: [True, True, True, False, False, False]
frame 21 / 44
comfortable: [True, True, True, False, False, True]
frame 22 / 44
comfortable: [True, False, False, False, False, True]
frame 23 / 44
comfortable: [True, True, True, False, False, False]
frame 24 / 44
collision with obstacle detected! @ timestep1
ego_poly: (25.60499227881889, 7.011131893102531, -0.6777980018477974, 1.7945964813232422, 3.9275957107543946), obs_poly: (26.996994018554688, 8.583457946777344, -2.683185233625138, 1.7945964813232422, 3.9275957107543946)
 failed to pass ttc collision check, t=1
comfortable: [True, True, True, True, False, False]
frame 25 / 44
collision with obstacle detected! @ timestep1
ego_poly: (26.62197771119926, 5.813627341798308, -0.5445370625638877, 1.7945964813232422, 3.9275957107543946), obs_poly: (26.548614501953125, 8.362197875976562, -2.683185233625138, 1.7945964813232422, 3.9275957107543946)
 failed to pass ttc collision check, t=1
comfortable: [True, True, True, False, False, False]
frame 26 / 44
collision with obstacle detected! @ timestep1
ego_poly: (25.054423580965594, 5.310303872416374, -0.7152832891273082, 1.7945964813232422, 3.9275957107543946), obs_poly: (26.100234985351562, 8.140937805175781, -2.683185233625138, 1.7945964813232422, 3.9275957107543946)
 failed to pass ttc collision check, t=0.5
comfortable: [True, True, True, True, False, False]
frame 27 / 44
collision with obstacle detected! @ timestep1
ego_poly: (24.814739214827096, 6.1884189710818704, -0.25655296826389246, 1.7945964813232422, 3.9275957107543946), obs_poly: (25.65185546875, 7.919677734375, -2.683185233625138, 1.7945964813232422, 3.9275957107543946)
 failed to pass ttc collision check, t=0.5
comfortable: [True, True, False, False, False, False]
frame 28 / 44
collision with obstacle detected! @ timestep4
ego_poly: (22.941084057829176, 4.0405604935185595, -0.034746891733711295, 1.7945964813232422, 3.9275957107543946), obs_poly: (22.513198852539062, 6.370857238769531, -2.683185233625138, 1.7945964813232422, 3.9275957107543946)
collision with obstacle detected! @ timestep4
ego_poly: (22.941084057829176, 4.0405604935185595, -0.034746891733711295, 1.7945964813232422, 3.9275957107543946), obs_poly: (22.513198852539062, 6.370857238769531, -2.683185233625138, 1.7945964813232422, 3.9275957107543946)
 failed to pass ttc collision check, t=0.5
comfortable: [True, True, True, True, True, True]
frame 29 / 44
comfortable: [True, True, True, True, True, True]
frame 30 / 44
comfortable: [True, True, True, True, True, True]
frame 31 / 44
comfortable: [True, True, True, True, True, True]
frame 32 / 44
collision with background detected! @ timestep5
 failed to pass ttc collision check, t=0.5
comfortable: [True, True, False, False, False, False]
frame 33 / 44
comfortable: [True, True, True, True, True, True]
frame 34 / 44
comfortable: [True, True, True, True, True, True]
frame 35 / 44
comfortable: [True, True, True, True, True, True]
frame 36 / 44
comfortable: [True, True, True, True, True, True]
frame 37 / 44
comfortable: [True, True, True, True, True, True]
frame 38 / 44
comfortable: [True, True, True, True, True, True]
frame 39 / 44
comfortable: [True, True, True, True, True, True]
frame 40 / 44
comfortable: [True, True, True, True, True, True]
frame 41 / 44
comfortable: [True, True, True, True, True, True]
frame 42 / 44
collision with background detected! @ timestep5
collision with background detected! @ timestep4
 failed to pass ttc collision check, t=0.5
comfortable: [True, True, True, True, True, True]
frame 43 / 44
collision with background detected! @ timestep4
collision with background detected! @ timestep3
 failed to pass ttc collision check, t=0.5
comfortable: [True, False, False, False, True, True]
The score of experiment is (0.7435064935064937, 0.19437340153452684, 0.14451788620586578, {'nc': 0.9318181818181818, 'dac': 1.0, 'ttc': 0.7954545454545454, 'c': 0.6590909090909091, 'pdms': 0.7435064935064937}, {0.25: {'nc': 1.0, 'dac': 1.0, 'ttc': 1.0, 'c': 1.0, 'pdms': 1.0}, 0.5: {'nc': 1.0, 'dac': 1.0, 'ttc': 1.0, 'c': 1.0, 'pdms': 1.0}, 0.75: {'nc': 1.0, 'dac': 1.0, 'ttc': 1.0, 'c': 1.0, 'pdms': 1.0}, 1.0: {'nc': 1.0, 'dac': 1.0, 'ttc': 1.0, 'c': 1.0, 'pdms': 1.0}, 1.25: {'nc': 1.0, 'dac': 1.0, 'ttc': 1.0, 'c': 1.0, 'pdms': 1.0}, 1.5: {'nc': 1.0, 'dac': 1.0, 'ttc': 1.0, 'c': 1.0, 'pdms': 1.0}, 1.75: {'nc': 1.0, 'dac': 1.0, 'ttc': 1.0, 'c': 1.0, 'pdms': 1.0}, 2.0: {'nc': 1.0, 'dac': 1.0, 'ttc': 1.0, 'c': 1.0, 'pdms': 1.0}, 2.25: {'nc': 1.0, 'dac': 1.0, 'ttc': 1.0, 'c': 1.0, 'pdms': 1.0}, 2.5: {'nc': 1.0, 'dac': 1.0, 'ttc': 1.0, 'c': 1.0, 'pdms': 1.0}, 2.75: {'nc': 1.0, 'dac': 1.0, 'ttc': 1.0, 'c': 1.0, 'pdms': 1.0}, 3.0: {'nc': 1.0, 'dac': 1.0, 'ttc': 1.0, 'c': 1.0, 'pdms': 1.0}, 3.25: {'nc': 1.0, 'dac': 1.0, 'ttc': 1.0, 'c': 1.0, 'pdms': 1.0}, 3.5: {'nc': 1.0, 'dac': 1.0, 'ttc': 1.0, 'c': 1.0, 'pdms': 1.0}, 3.75: {'nc': 1.0, 'dac': 1.0, 'ttc': 1.0, 'c': 1.0, 'pdms': 1.0}, 4.0: {'nc': 1.0, 'dac': 1.0, 'ttc': 0.0, 'c': 0.0, 'pdms': 0.0}, 4.25: {'nc': 1.0, 'dac': 1.0, 'ttc': 1.0, 'c': 0.0, 'pdms': 0.7142857142857143}, 4.5: {'nc': 1.0, 'dac': 1.0, 'ttc': 1.0, 'c': 0.0, 'pdms': 0.7142857142857143}, 4.75: {'nc': 1.0, 'dac': 1.0, 'ttc': 1.0, 'c': 0.0, 'pdms': 0.7142857142857143}, 5.0: {'nc': 1.0, 'dac': 1.0, 'ttc': 1.0, 'c': 0.0, 'pdms': 0.7142857142857143}, 5.25: {'nc': 1.0, 'dac': 1.0, 'ttc': 1.0, 'c': 0.0, 'pdms': 0.7142857142857143}, 5.5: {'nc': 1.0, 'dac': 1.0, 'ttc': 1.0, 'c': 0.0, 'pdms': 0.7142857142857143}, 5.75: {'nc': 1.0, 'dac': 1.0, 'ttc': 1.0, 'c': 0.0, 'pdms': 0.7142857142857143}, 6.0: {'nc': 1.0, 'dac': 1.0, 'ttc': 1.0, 'c': 0.0, 'pdms': 0.7142857142857143}, 6.25: {'nc': 1.0, 'dac': 1.0, 'ttc': 0.0, 'c': 0.0, 'pdms': 0.0}, 6.5: {'nc': 1.0, 'dac': 1.0, 'ttc': 0.0, 'c': 0.0, 'pdms': 0.0}, 6.75: {'nc': 1.0, 'dac': 1.0, 'ttc': 0.0, 'c': 0.0, 'pdms': 0.0}, 7.0: {'nc': 1.0, 'dac': 1.0, 'ttc': 0.0, 'c': 0.0, 'pdms': 0.0}, 7.25: {'nc': 0.0, 'dac': 1.0, 'ttc': 0.0, 'c': 1.0, 'pdms': 0.0}, 7.5: {'nc': 1.0, 'dac': 1.0, 'ttc': 1.0, 'c': 1.0, 'pdms': 1.0}, 7.75: {'nc': 1.0, 'dac': 1.0, 'ttc': 1.0, 'c': 1.0, 'pdms': 1.0}, 8.0: {'nc': 1.0, 'dac': 1.0, 'ttc': 1.0, 'c': 1.0, 'pdms': 1.0}, 8.25: {'nc': 1.0, 'dac': 1.0, 'ttc': 0.0, 'c': 0.0, 'pdms': 0.0}, 8.5: {'nc': 1.0, 'dac': 1.0, 'ttc': 1.0, 'c': 1.0, 'pdms': 1.0}, 8.75: {'nc': 1.0, 'dac': 1.0, 'ttc': 1.0, 'c': 1.0, 'pdms': 1.0}, 9.0: {'nc': 1.0, 'dac': 1.0, 'ttc': 1.0, 'c': 1.0, 'pdms': 1.0}, 9.25: {'nc': 1.0, 'dac': 1.0, 'ttc': 1.0, 'c': 1.0, 'pdms': 1.0}, 9.5: {'nc': 1.0, 'dac': 1.0, 'ttc': 1.0, 'c': 1.0, 'pdms': 1.0}, 9.75: {'nc': 1.0, 'dac': 1.0, 'ttc': 1.0, 'c': 1.0, 'pdms': 1.0}, 10.0: {'nc': 1.0, 'dac': 1.0, 'ttc': 1.0, 'c': 1.0, 'pdms': 1.0}, 10.25: {'nc': 1.0, 'dac': 1.0, 'ttc': 1.0, 'c': 1.0, 'pdms': 1.0}, 10.5: {'nc': 1.0, 'dac': 1.0, 'ttc': 1.0, 'c': 1.0, 'pdms': 1.0}, 10.75: {'nc': 0.0, 'dac': 1.0, 'ttc': 0.0, 'c': 1.0, 'pdms': 0.0}, 11.0: {'nc': 0.0, 'dac': 1.0, 'ttc': 0.0, 'c': 0.0, 'pdms': 0.0}}).
=============================Results=============================
'nc': 0.9318181818181818
'dac': 1.0
'ttc': 0.7954545454545454
'c': 0.6590909090909091
'pdms': 0.7435064935064937
'rc': 0.19437340153452684
'hdscore': 0.14451788620586578
The AD algorithm is still running, remaining tolerant 100.
The AD algorithm is still running, remaining tolerant 95.
The AD algorithm is still running, remaining tolerant 90.
The AD algorithm is still running, remaining tolerant 85.
The AD algorithm completed with return code 0.
+ rc=0
+ echo 'I103_SLOT_RC=0 i102_s11_iter49_hard_extreme_unique_ttc_object_scene_0038_hard_00_r1 scene-0038-hard-00 on a1'
I103_SLOT_RC=0 i102_s11_iter49_hard_extreme_unique_ttc_object_scene_0038_hard_00_r1 scene-0038-hard-00 on a1
+ docker rm -f hugsim_uniad_client
++ python3 -c '
import json, math
try:
    v = json.load(open('\''/datasets/nuscenes-full/hugsim/outputs/nusc_uniad/scene-0038_hard_00/eval.json'\'')).get('\''hdscore'\'')
    print(v if isinstance(v, (int, float)) and math.isfinite(v) else '\''INVALID'\'')
except Exception:
    print('\''MISSING'\'')
'
+ hd=0.14451788620586578
++ python3 -c '
import json
try:
    data = json.load(open('\''/datasets/nuscenes-full/hugsim/outputs/nusc_uniad/scene-0038_hard_00/eval.json'\''))
    print(1 if '\''collision_provenance'\'' in data else 0)
except Exception:
    print(0)
'
+ provenance=1
++ grep -c sent /datasets/nuscenes-full/hugsim/outputs/nusc_uniad/scene-0038_hard_00/output.txt
+ steps=44
+ '[' -n 44 ']'
++ grep -c 'SENTINEL_I48_UNION_PATCH_LOADED enabled=1' /datasets/nuscenes-full/hugsim/outputs/nusc_uniad/scene-0038_hard_00/output.txt
+ marker=1
+ '[' -n 1 ']'
+ decisions=0
+ '[' -s /datasets/nuscenes-full/hugsim/outputs/nusc_uniad/scene-0038_hard_00/sentinel_iter48_decisions.jsonl ']'
++ grep -c 'SENTINEL_I48_DECISION frame=' /datasets/nuscenes-full/hugsim/outputs/nusc_uniad/scene-0038_hard_00/output.txt
+ '[' 44 -gt 0 ']'
+ decisions=1
+ '[' 0 = 0 ']'
+ '[' 0.14451788620586578 '!=' MISSING ']'
+ '[' 0.14451788620586578 '!=' INVALID ']'
+ '[' 1 = 1 ']'
+ '[' 44 -gt 0 ']'
+ '[' 1 -gt 0 ']'
+ '[' 1 = 1 ']'
+ rm -rf /datasets/nuscenes-full/hugsim/iter103_runs/i102_s11_iter49_hard_extreme_unique_ttc_object_scene_0038_hard_00_r1__scene-0038-hard-00__on
+ mkdir -p /datasets/nuscenes-full/hugsim/iter103_runs/i102_s11_iter49_hard_extreme_unique_ttc_object_scene_0038_hard_00_r1__scene-0038-hard-00__on
+ find /datasets/nuscenes-full/hugsim/outputs/nusc_uniad/scene-0038_hard_00 -type p -delete
+ mv /datasets/nuscenes-full/hugsim/outputs/nusc_uniad/scene-0038_hard_00/data.pkl /datasets/nuscenes-full/hugsim/outputs/nusc_uniad/scene-0038_hard_00/eval.json /datasets/nuscenes-full/hugsim/outputs/nusc_uniad/scene-0038_hard_00/ground.ply /datasets/nuscenes-full/hugsim/outputs/nusc_uniad/scene-0038_hard_00/infos.pkl /datasets/nuscenes-full/hugsim/outputs/nusc_uniad/scene-0038_hard_00/output.txt /datasets/nuscenes-full/hugsim/outputs/nusc_uniad/scene-0038_hard_00/scene.ply /datasets/nuscenes-full/hugsim/outputs/nusc_uniad/scene-0038_hard_00/sentinel_iter48_decisions.jsonl /datasets/nuscenes-full/hugsim/outputs/nusc_uniad/scene-0038_hard_00/uniad /datasets/nuscenes-full/hugsim/outputs/nusc_uniad/scene-0038_hard_00/video.mp4 /datasets/nuscenes-full/hugsim/iter103_runs/i102_s11_iter49_hard_extreme_unique_ttc_object_scene_0038_hard_00_r1__scene-0038-hard-00__on/
+ rmdir /datasets/nuscenes-full/hugsim/outputs/nusc_uniad/scene-0038_hard_00
++ date -u +%s
+ printf '{"slot_id":"%s","scenario":"%s","arm":"on","attempt":%s,"rc":%s,"hdscore":%s,"steps":%s,"start_epoch":%s,"end_epoch":%s}\n' i102_s11_iter49_hard_extreme_unique_ttc_object_scene_0038_hard_00_r1 scene-0038-hard-00 1 0 0.14451788620586578 44 1784007277 1784007474
+ echo 'I103_SLOT_DONE i102_s11_iter49_hard_extreme_unique_ttc_object_scene_0038_hard_00_r1 scene-0038-hard-00 on ok hd=0.14451788620586578 steps=44'
I103_SLOT_DONE i102_s11_iter49_hard_extreme_unique_ttc_object_scene_0038_hard_00_r1 scene-0038-hard-00 on ok hd=0.14451788620586578 steps=44
+ return 0
+ IFS='	'
+ read -r slot_id scenario _scenario_sha
+ run_one i102_s12_iter49_hard_extreme_unique_ttc_object_scene_0038_hard_00_r2 scene-0038-hard-00
+ local slot_id=i102_s12_iter49_hard_extreme_unique_ttc_object_scene_0038_hard_00_r2 scenario=scene-0038-hard-00
+ local scene=scene-0038
+ local mode_dashed=hard-00
+ local mode=hard_00
+ local out_dir=/datasets/nuscenes-full/hugsim/outputs/nusc_uniad/scene-0038_hard_00
+ local dest=/datasets/nuscenes-full/hugsim/iter103_runs/i102_s12_iter49_hard_extreme_unique_ttc_object_scene_0038_hard_00_r2__scene-0038-hard-00__on
+ '[' -f /datasets/nuscenes-full/hugsim/iter103_runs/i102_s12_iter49_hard_extreme_unique_ttc_object_scene_0038_hard_00_r2__scene-0038-hard-00__on/episode_meta.json ']'
+ prep_scene scene-0038
+ local scene=scene-0038
+ '[' '!' -d /datasets/nuscenes-full/hugsim/extracted/scenes/nuscenes/scene-0038 ']'
+ local cfg=/datasets/nuscenes-full/hugsim/extracted/scenes/nuscenes/scene-0038/cfg.yaml
+ '[' '!' -f /datasets/nuscenes-full/hugsim/extracted/scenes/nuscenes/scene-0038/cfg.yaml ']'
+ '[' -f /datasets/nuscenes-full/hugsim/extracted/scenes/nuscenes/scene-0038/cfg.yaml.orig ']'
+ python3 - /datasets/nuscenes-full/hugsim/extracted/scenes/nuscenes/scene-0038/cfg.yaml /datasets/nuscenes-full/hugsim/extracted/scenes/nuscenes/scene-0038
+ local attempt rc steps hd marker decisions provenance
+ for attempt in 1 2
+ disk_guard
+ local avail
++ df --output=avail -BG /datasets/nuscenes-full
++ tail -1
++ tr -dc 0-9
+ avail=118
+ '[' 118 -lt 20 ']'
++ date -u
+ echo 'I103_SLOT_START i102_s12_iter49_hard_extreme_unique_ttc_object_scene_0038_hard_00_r2 scene-0038-hard-00 on a1 Tue Jul 14 05:37:54 UTC 2026'
I103_SLOT_START i102_s12_iter49_hard_extreme_unique_ttc_object_scene_0038_hard_00_r2 scene-0038-hard-00 on a1 Tue Jul 14 05:37:54 UTC 2026
+ local t0
++ date -u +%s
+ t0=1784007474
+ docker rm -f hugsim_uniad_client
+ rm -rf /datasets/nuscenes-full/hugsim/outputs/nusc_uniad/scene-0038_hard_00
+ cd /opt/sentinel-stack/HUGSIM
+ SENTINEL_ENABLED=1
+ timeout 1200 pixi run python -u closed_loop.py --scenario_path /datasets/nuscenes-full/hugsim/extracted/scenarios/nuscenes/scene-0038-hard-00.yaml --base_path configs/sim/nuscenes_base.yaml --camera_path configs/sim/nuscenes_camera.yaml --kinematic_path configs/sim/kinematic.yaml --ad uniad --ad_cuda 0
/datasets/nuscenes-full/hugsim/outputs/nusc_uniad/scene-0038_hard_00/output.txt
/opt/sentinel-stack/UniAD_SIM/tools/e2e.sh 0 /datasets/nuscenes-full/hugsim/outputs/nusc_uniad/scene-0038_hard_00
Ready for simulation
ego pose [0.0, -3.2146299438905488e-34, 0.0]
ego pose [0.0, -0.012187308463684031, 0.4375]
ego pose [-0.00957874842116686, -0.001749260621787494, 1.058345752964992]
ego pose [-0.0530252867812528, 0.005866687861447617, 1.8061632790942321]
ego pose [-0.15192259216084825, -0.013244871947696486, 2.6285468925016984]
ego pose [-0.3217531381363052, -0.01337475137269014, 3.5002901141672935]
ego pose [-0.5692478378011177, -0.014355035694633665, 4.399713770888805]
ego pose [-0.8957710094553366, -0.0202133910082649, 5.3006766663420395]
ego pose [-1.2832091969474728, -0.02508697035475973, 6.191917133720404]
ego pose [-1.6902779956332585, -0.032271545009689595, 7.063931264921564]
ego pose [-2.0761949671673374, -0.04293290754984754, 7.911049926142819]
ego pose [-2.4150246404242295, -0.051361725518842924, 8.750120461195069]
ego pose [-2.694133472103861, -0.05894224218835174, 9.620749153921327]
ego pose [-2.907535837314935, -0.06470662220720431, 10.480345715207012]
ego pose [-3.066879890198446, -0.07263100004514211, 11.34082085749505]
ego pose [-3.2066644618415525, -0.07818962976371066, 12.226115583339729]
ego pose [-3.3397468223606004, -0.08295114569925406, 13.109746391504595]
ego pose [-3.4834397833942803, -0.08933711180387625, 13.980974755358849]
ego pose [-3.62438629579765, -0.09947590118349936, 14.853988681293572]
ego pose [-3.7512566117144726, -0.10549087411321392, 15.729216217650194]
ego pose [-3.8582248143829347, -0.11330628864661714, 16.60550103444601]
ego pose [-3.9190560779948, -0.13294935556018833, 17.467356883882893]
ego pose [-3.9635065537158667, -0.14677568280338593, 18.30640616000091]
ego pose [-4.01677662735763, -0.15099046806212252, 19.11074662144167]
ego pose [-4.055215786317573, -0.14834515888765035, 19.895921162231744]
ego pose [-4.066938942865584, -0.1436024544770895, 20.64547346595262]
ego pose [-4.070511438790788, -0.1422165657580805, 21.367942507642606]
ego pose [-4.058126271536126, -0.14050032468777066, 22.043244275129467]
ego pose [-4.0418614013234615, -0.13593836092741124, 22.725759413473433]
ego pose [-4.03985726140629, -0.1348942791671027, 23.220964271153466]
ego pose [-4.043059959190331, -0.1440483759201084, 23.54857243799467]
ego pose [-4.047147928530246, -0.14528429543474353, 23.765282477925446]
ego pose [-4.050711998968596, -0.14569294418137732, 23.90863254765246]
ego pose [-4.053445687551127, -0.14595857426307945, 24.003459009660258]
ego pose [-4.055418475274301, -0.1461322289090761, 24.066184288598162]
ego pose [-4.056795537291056, -0.14624620908984282, 24.10767921487446]
ego pose [-4.057737944062236, -0.1463212116562222, 24.135127310331182]
ego pose [-4.058375185491407, -0.14637065785640385, 24.15328570771611]
ego pose [-4.058802787276627, -0.1464032936761405, 24.165298390817235]
ego pose [-4.065966574372256, -0.1469441700457061, 24.36469003237345]
ego pose [-4.079093429597333, -0.14794526303517175, 24.733215823325992]
ego pose [-4.0986546419391425, -0.14932094870990303, 25.24564797777647]
ego pose [-4.112014982713345, -0.15101651513238165, 25.834800625124224]
Collision with background
MoviePy - Building video /datasets/nuscenes-full/hugsim/outputs/nusc_uniad/scene-0038_hard_00/video.mp4.
MoviePy - Writing video /datasets/nuscenes-full/hugsim/outputs/nusc_uniad/scene-0038_hard_00/video.mp4

frame_index:   0%|          | 0/43 [00:00<?, ?it/s, now=None]frame_index:  21%|██        | 9/43 [00:00<00:00, 85.67it/s, now=None]frame_index:  58%|█████▊    | 25/43 [00:00<00:00, 124.75it/s, now=None]frame_index:  98%|█████████▊| 42/43 [00:00<00:00, 141.95it/s, now=None]                                                                       MoviePy - Done !
MoviePy - video ready /datasets/nuscenes-full/hugsim/outputs/nusc_uniad/scene-0038_hard_00/video.mp4
this pkl file contains 1 experiment records.
current exp has 43 frames
frame 0 / 43
comfortable: [True, True, True, True, True, True]
frame 1 / 43
comfortable: [True, True, True, True, True, True]
frame 2 / 43
comfortable: [True, True, True, True, True, True]
frame 3 / 43
comfortable: [True, True, True, True, True, True]
frame 4 / 43
comfortable: [True, True, True, True, True, True]
frame 5 / 43
comfortable: [True, True, True, True, True, True]
frame 6 / 43
comfortable: [True, True, True, True, True, True]
frame 7 / 43
comfortable: [True, True, True, True, True, True]
frame 8 / 43
comfortable: [True, True, True, True, True, True]
frame 9 / 43
comfortable: [True, True, True, True, True, True]
frame 10 / 43
comfortable: [True, True, True, True, True, True]
frame 11 / 43
comfortable: [True, True, True, True, True, True]
frame 12 / 43
comfortable: [True, True, True, True, True, True]
frame 13 / 43
comfortable: [True, True, True, True, True, True]
frame 14 / 43
comfortable: [True, True, True, False, False, True]
frame 15 / 43
comfortable: [True, True, True, False, False, True]
frame 16 / 43
comfortable: [True, False, False, False, False, False]
frame 17 / 43
comfortable: [True, True, True, False, False, True]
frame 18 / 43
comfortable: [True, True, True, True, False, True]
frame 19 / 43
comfortable: [True, True, True, True, False, False]
frame 20 / 43
comfortable: [True, True, True, False, True, True]
frame 21 / 43
comfortable: [True, True, True, False, False, True]
frame 22 / 43
comfortable: [True, True, True, False, False, False]
frame 23 / 43
collision with obstacle detected! @ timestep1
ego_poly: (25.13531299185181, 7.0459441023573905, -0.6599956002392822, 1.7945964813232422, 3.9275957107543946), obs_poly: (27.44537353515625, 8.804718017578125, -2.683185233625138, 1.7945964813232422, 3.9275957107543946)
 failed to pass ttc collision check, t=1
comfortable: [True, True, True, True, False, False]
frame 24 / 43
collision with obstacle detected! @ timestep1
ego_poly: (26.00358097585935, 6.1578817891995845, -0.5551559972900814, 1.7945964813232422, 3.9275957107543946), obs_poly: (26.996994018554688, 8.583457946777344, -2.683185233625138, 1.7945964813232422, 3.9275957107543946)
 failed to pass ttc collision check, t=1
comfortable: [True, True, True, False, False, False]
frame 25 / 43
collision with obstacle detected! @ timestep1
ego_poly: (24.85105191184164, 6.551915513952332, -0.4391634502864732, 1.7945964813232422, 3.9275957107543946), obs_poly: (26.548614501953125, 8.362197875976562, -2.683185233625138, 1.7945964813232422, 3.9275957107543946)
 failed to pass ttc collision check, t=0.5
comfortable: [True, True, True, True, False, True]
frame 26 / 43
collision with obstacle detected! @ timestep1
ego_poly: (24.95114140462652, 6.329123183727709, -0.4492013869507468, 1.7945964813232422, 3.9275957107543946), obs_poly: (26.100234985351562, 8.140937805175781, -2.683185233625138, 1.7945964813232422, 3.9275957107543946)
 failed to pass ttc collision check, t=0.5
comfortable: [True, True, True, True, False, True]
frame 27 / 43
comfortable: [True, True, True, True, False, True]
frame 28 / 43
comfortable: [True, True, True, True, True, True]
frame 29 / 43
comfortable: [True, True, True, True, True, True]
frame 30 / 43
comfortable: [True, True, True, True, True, True]
frame 31 / 43
comfortable: [True, True, True, True, True, True]
frame 32 / 43
comfortable: [True, True, True, True, True, True]
frame 33 / 43
comfortable: [True, True, True, True, True, True]
frame 34 / 43
comfortable: [True, True, True, True, True, True]
frame 35 / 43
comfortable: [True, True, True, True, True, True]
frame 36 / 43
comfortable: [True, True, True, True, True, True]
frame 37 / 43
comfortable: [True, True, True, True, True, True]
frame 38 / 43
comfortable: [True, False, False, False, False, True]
frame 39 / 43
collision with background detected! @ timestep1
 failed to pass ttc collision check, t=0.5
comfortable: [True, True, False, False, False, False]
frame 40 / 43
collision with background detected! @ timestep1
 failed to pass ttc collision check, t=1
comfortable: [True, False, False, False, False, False]
frame 41 / 43
collision with background detected! @ timestep4
collision with background detected! @ timestep4
 failed to pass ttc collision check, t=0.5
comfortable: [True, False, False, False, False, True]
frame 42 / 43
collision with background detected! @ timestep4
collision with background detected! @ timestep3
 failed to pass ttc collision check, t=0.5
comfortable: [True, True, True, False, True, True]
The score of experiment is (0.7408637873754155, 0.20630861040068202, 0.1528465784696083, {'nc': 0.9534883720930233, 'dac': 1.0, 'ttc': 0.813953488372093, 'c': 0.5581395348837209, 'pdms': 0.7408637873754155}, {0.25: {'nc': 1.0, 'dac': 1.0, 'ttc': 1.0, 'c': 1.0, 'pdms': 1.0}, 0.5: {'nc': 1.0, 'dac': 1.0, 'ttc': 1.0, 'c': 1.0, 'pdms': 1.0}, 0.75: {'nc': 1.0, 'dac': 1.0, 'ttc': 1.0, 'c': 1.0, 'pdms': 1.0}, 1.0: {'nc': 1.0, 'dac': 1.0, 'ttc': 1.0, 'c': 1.0, 'pdms': 1.0}, 1.25: {'nc': 1.0, 'dac': 1.0, 'ttc': 1.0, 'c': 1.0, 'pdms': 1.0}, 1.5: {'nc': 1.0, 'dac': 1.0, 'ttc': 1.0, 'c': 1.0, 'pdms': 1.0}, 1.75: {'nc': 1.0, 'dac': 1.0, 'ttc': 1.0, 'c': 1.0, 'pdms': 1.0}, 2.0: {'nc': 1.0, 'dac': 1.0, 'ttc': 1.0, 'c': 1.0, 'pdms': 1.0}, 2.25: {'nc': 1.0, 'dac': 1.0, 'ttc': 1.0, 'c': 1.0, 'pdms': 1.0}, 2.5: {'nc': 1.0, 'dac': 1.0, 'ttc': 1.0, 'c': 1.0, 'pdms': 1.0}, 2.75: {'nc': 1.0, 'dac': 1.0, 'ttc': 1.0, 'c': 1.0, 'pdms': 1.0}, 3.0: {'nc': 1.0, 'dac': 1.0, 'ttc': 1.0, 'c': 1.0, 'pdms': 1.0}, 3.25: {'nc': 1.0, 'dac': 1.0, 'ttc': 1.0, 'c': 1.0, 'pdms': 1.0}, 3.5: {'nc': 1.0, 'dac': 1.0, 'ttc': 1.0, 'c': 1.0, 'pdms': 1.0}, 3.75: {'nc': 1.0, 'dac': 1.0, 'ttc': 1.0, 'c': 0.0, 'pdms': 0.7142857142857143}, 4.0: {'nc': 1.0, 'dac': 1.0, 'ttc': 1.0, 'c': 0.0, 'pdms': 0.7142857142857143}, 4.25: {'nc': 1.0, 'dac': 1.0, 'ttc': 1.0, 'c': 0.0, 'pdms': 0.7142857142857143}, 4.5: {'nc': 1.0, 'dac': 1.0, 'ttc': 1.0, 'c': 0.0, 'pdms': 0.7142857142857143}, 4.75: {'nc': 1.0, 'dac': 1.0, 'ttc': 1.0, 'c': 0.0, 'pdms': 0.7142857142857143}, 5.0: {'nc': 1.0, 'dac': 1.0, 'ttc': 1.0, 'c': 0.0, 'pdms': 0.7142857142857143}, 5.25: {'nc': 1.0, 'dac': 1.0, 'ttc': 1.0, 'c': 0.0, 'pdms': 0.7142857142857143}, 5.5: {'nc': 1.0, 'dac': 1.0, 'ttc': 1.0, 'c': 0.0, 'pdms': 0.7142857142857143}, 5.75: {'nc': 1.0, 'dac': 1.0, 'ttc': 1.0, 'c': 0.0, 'pdms': 0.7142857142857143}, 6.0: {'nc': 1.0, 'dac': 1.0, 'ttc': 0.0, 'c': 0.0, 'pdms': 0.0}, 6.25: {'nc': 1.0, 'dac': 1.0, 'ttc': 0.0, 'c': 0.0, 'pdms': 0.0}, 6.5: {'nc': 1.0, 'dac': 1.0, 'ttc': 0.0, 'c': 0.0, 'pdms': 0.0}, 6.75: {'nc': 1.0, 'dac': 1.0, 'ttc': 0.0, 'c': 0.0, 'pdms': 0.0}, 7.0: {'nc': 1.0, 'dac': 1.0, 'ttc': 1.0, 'c': 0.0, 'pdms': 0.7142857142857143}, 7.25: {'nc': 1.0, 'dac': 1.0, 'ttc': 1.0, 'c': 1.0, 'pdms': 1.0}, 7.5: {'nc': 1.0, 'dac': 1.0, 'ttc': 1.0, 'c': 1.0, 'pdms': 1.0}, 7.75: {'nc': 1.0, 'dac': 1.0, 'ttc': 1.0, 'c': 1.0, 'pdms': 1.0}, 8.0: {'nc': 1.0, 'dac': 1.0, 'ttc': 1.0, 'c': 1.0, 'pdms': 1.0}, 8.25: {'nc': 1.0, 'dac': 1.0, 'ttc': 1.0, 'c': 1.0, 'pdms': 1.0}, 8.5: {'nc': 1.0, 'dac': 1.0, 'ttc': 1.0, 'c': 1.0, 'pdms': 1.0}, 8.75: {'nc': 1.0, 'dac': 1.0, 'ttc': 1.0, 'c': 1.0, 'pdms': 1.0}, 9.0: {'nc': 1.0, 'dac': 1.0, 'ttc': 1.0, 'c': 1.0, 'pdms': 1.0}, 9.25: {'nc': 1.0, 'dac': 1.0, 'ttc': 1.0, 'c': 1.0, 'pdms': 1.0}, 9.5: {'nc': 1.0, 'dac': 1.0, 'ttc': 1.0, 'c': 1.0, 'pdms': 1.0}, 9.75: {'nc': 1.0, 'dac': 1.0, 'ttc': 1.0, 'c': 0.0, 'pdms': 0.7142857142857143}, 10.0: {'nc': 1.0, 'dac': 1.0, 'ttc': 0.0, 'c': 0.0, 'pdms': 0.0}, 10.25: {'nc': 1.0, 'dac': 1.0, 'ttc': 0.0, 'c': 0.0, 'pdms': 0.0}, 10.5: {'nc': 0.0, 'dac': 1.0, 'ttc': 0.0, 'c': 0.0, 'pdms': 0.0}, 10.75: {'nc': 0.0, 'dac': 1.0, 'ttc': 0.0, 'c': 0.0, 'pdms': 0.0}}).
=============================Results=============================
'nc': 0.9534883720930233
'dac': 1.0
'ttc': 0.813953488372093
'c': 0.5581395348837209
'pdms': 0.7408637873754155
'rc': 0.20630861040068202
'hdscore': 0.1528465784696083
The AD algorithm is still running, remaining tolerant 100.
The AD algorithm is still running, remaining tolerant 95.
The AD algorithm is still running, remaining tolerant 90.
The AD algorithm is still running, remaining tolerant 85.
The AD algorithm completed with return code 0.
+ rc=0
+ echo 'I103_SLOT_RC=0 i102_s12_iter49_hard_extreme_unique_ttc_object_scene_0038_hard_00_r2 scene-0038-hard-00 on a1'
I103_SLOT_RC=0 i102_s12_iter49_hard_extreme_unique_ttc_object_scene_0038_hard_00_r2 scene-0038-hard-00 on a1
+ docker rm -f hugsim_uniad_client
++ python3 -c '
import json, math
try:
    v = json.load(open('\''/datasets/nuscenes-full/hugsim/outputs/nusc_uniad/scene-0038_hard_00/eval.json'\'')).get('\''hdscore'\'')
    print(v if isinstance(v, (int, float)) and math.isfinite(v) else '\''INVALID'\'')
except Exception:
    print('\''MISSING'\'')
'
+ hd=0.1528465784696083
++ python3 -c '
import json
try:
    data = json.load(open('\''/datasets/nuscenes-full/hugsim/outputs/nusc_uniad/scene-0038_hard_00/eval.json'\''))
    print(1 if '\''collision_provenance'\'' in data else 0)
except Exception:
    print(0)
'
+ provenance=1
++ grep -c sent /datasets/nuscenes-full/hugsim/outputs/nusc_uniad/scene-0038_hard_00/output.txt
+ steps=43
+ '[' -n 43 ']'
++ grep -c 'SENTINEL_I48_UNION_PATCH_LOADED enabled=1' /datasets/nuscenes-full/hugsim/outputs/nusc_uniad/scene-0038_hard_00/output.txt
+ marker=1
+ '[' -n 1 ']'
+ decisions=0
+ '[' -s /datasets/nuscenes-full/hugsim/outputs/nusc_uniad/scene-0038_hard_00/sentinel_iter48_decisions.jsonl ']'
++ grep -c 'SENTINEL_I48_DECISION frame=' /datasets/nuscenes-full/hugsim/outputs/nusc_uniad/scene-0038_hard_00/output.txt
+ '[' 43 -gt 0 ']'
+ decisions=1
+ '[' 0 = 0 ']'
+ '[' 0.1528465784696083 '!=' MISSING ']'
+ '[' 0.1528465784696083 '!=' INVALID ']'
+ '[' 1 = 1 ']'
+ '[' 43 -gt 0 ']'
+ '[' 1 -gt 0 ']'
+ '[' 1 = 1 ']'
+ rm -rf /datasets/nuscenes-full/hugsim/iter103_runs/i102_s12_iter49_hard_extreme_unique_ttc_object_scene_0038_hard_00_r2__scene-0038-hard-00__on
+ mkdir -p /datasets/nuscenes-full/hugsim/iter103_runs/i102_s12_iter49_hard_extreme_unique_ttc_object_scene_0038_hard_00_r2__scene-0038-hard-00__on
+ find /datasets/nuscenes-full/hugsim/outputs/nusc_uniad/scene-0038_hard_00 -type p -delete
+ mv /datasets/nuscenes-full/hugsim/outputs/nusc_uniad/scene-0038_hard_00/data.pkl /datasets/nuscenes-full/hugsim/outputs/nusc_uniad/scene-0038_hard_00/eval.json /datasets/nuscenes-full/hugsim/outputs/nusc_uniad/scene-0038_hard_00/ground.ply /datasets/nuscenes-full/hugsim/outputs/nusc_uniad/scene-0038_hard_00/infos.pkl /datasets/nuscenes-full/hugsim/outputs/nusc_uniad/scene-0038_hard_00/output.txt /datasets/nuscenes-full/hugsim/outputs/nusc_uniad/scene-0038_hard_00/scene.ply /datasets/nuscenes-full/hugsim/outputs/nusc_uniad/scene-0038_hard_00/sentinel_iter48_decisions.jsonl /datasets/nuscenes-full/hugsim/outputs/nusc_uniad/scene-0038_hard_00/uniad /datasets/nuscenes-full/hugsim/outputs/nusc_uniad/scene-0038_hard_00/video.mp4 /datasets/nuscenes-full/hugsim/iter103_runs/i102_s12_iter49_hard_extreme_unique_ttc_object_scene_0038_hard_00_r2__scene-0038-hard-00__on/
+ rmdir /datasets/nuscenes-full/hugsim/outputs/nusc_uniad/scene-0038_hard_00
++ date -u +%s
+ printf '{"slot_id":"%s","scenario":"%s","arm":"on","attempt":%s,"rc":%s,"hdscore":%s,"steps":%s,"start_epoch":%s,"end_epoch":%s}\n' i102_s12_iter49_hard_extreme_unique_ttc_object_scene_0038_hard_00_r2 scene-0038-hard-00 1 0 0.1528465784696083 43 1784007474 1784007670
+ echo 'I103_SLOT_DONE i102_s12_iter49_hard_extreme_unique_ttc_object_scene_0038_hard_00_r2 scene-0038-hard-00 on ok hd=0.1528465784696083 steps=43'
I103_SLOT_DONE i102_s12_iter49_hard_extreme_unique_ttc_object_scene_0038_hard_00_r2 scene-0038-hard-00 on ok hd=0.1528465784696083 steps=43
+ return 0
+ IFS='	'
+ read -r slot_id scenario _scenario_sha
+ run_one i102_s13_iter49_hard_extreme_both_distinct_objects_scene_0138_extreme_00_r1 scene-0138-extreme-00
+ local slot_id=i102_s13_iter49_hard_extreme_both_distinct_objects_scene_0138_extreme_00_r1 scenario=scene-0138-extreme-00
+ local scene=scene-0138
+ local mode_dashed=extreme-00
+ local mode=extreme_00
+ local out_dir=/datasets/nuscenes-full/hugsim/outputs/nusc_uniad/scene-0138_extreme_00
+ local dest=/datasets/nuscenes-full/hugsim/iter103_runs/i102_s13_iter49_hard_extreme_both_distinct_objects_scene_0138_extreme_00_r1__scene-0138-extreme-00__on
+ '[' -f /datasets/nuscenes-full/hugsim/iter103_runs/i102_s13_iter49_hard_extreme_both_distinct_objects_scene_0138_extreme_00_r1__scene-0138-extreme-00__on/episode_meta.json ']'
+ prep_scene scene-0138
+ local scene=scene-0138
+ '[' '!' -d /datasets/nuscenes-full/hugsim/extracted/scenes/nuscenes/scene-0138 ']'
+ local cfg=/datasets/nuscenes-full/hugsim/extracted/scenes/nuscenes/scene-0138/cfg.yaml
+ '[' '!' -f /datasets/nuscenes-full/hugsim/extracted/scenes/nuscenes/scene-0138/cfg.yaml ']'
+ '[' -f /datasets/nuscenes-full/hugsim/extracted/scenes/nuscenes/scene-0138/cfg.yaml.orig ']'
+ python3 - /datasets/nuscenes-full/hugsim/extracted/scenes/nuscenes/scene-0138/cfg.yaml /datasets/nuscenes-full/hugsim/extracted/scenes/nuscenes/scene-0138
+ local attempt rc steps hd marker decisions provenance
+ for attempt in 1 2
+ disk_guard
+ local avail
++ df --output=avail -BG /datasets/nuscenes-full
++ tail -1
++ tr -dc 0-9
+ avail=118
+ '[' 118 -lt 20 ']'
++ date -u
+ echo 'I103_SLOT_START i102_s13_iter49_hard_extreme_both_distinct_objects_scene_0138_extreme_00_r1 scene-0138-extreme-00 on a1 Tue Jul 14 05:41:10 UTC 2026'
I103_SLOT_START i102_s13_iter49_hard_extreme_both_distinct_objects_scene_0138_extreme_00_r1 scene-0138-extreme-00 on a1 Tue Jul 14 05:41:10 UTC 2026
+ local t0
++ date -u +%s
+ t0=1784007670
+ docker rm -f hugsim_uniad_client
+ rm -rf /datasets/nuscenes-full/hugsim/outputs/nusc_uniad/scene-0138_extreme_00
+ cd /opt/sentinel-stack/HUGSIM
+ SENTINEL_ENABLED=1
+ timeout 1200 pixi run python -u closed_loop.py --scenario_path /datasets/nuscenes-full/hugsim/extracted/scenarios/nuscenes/scene-0138-extreme-00.yaml --base_path configs/sim/nuscenes_base.yaml --camera_path configs/sim/nuscenes_camera.yaml --kinematic_path configs/sim/kinematic.yaml --ad uniad --ad_cuda 0
/datasets/nuscenes-full/hugsim/outputs/nusc_uniad/scene-0138_extreme_00/output.txt
/opt/sentinel-stack/UniAD_SIM/tools/e2e.sh 0 /datasets/nuscenes-full/hugsim/outputs/nusc_uniad/scene-0138_extreme_00
/opt/sentinel-stack/HUGSIM/submodules/Pplan/Sampling/spline_planner.py:102: UserWarning: To copy construct from a tensor, it is recommended to use sourceTensor.clone().detach() or sourceTensor.clone().detach().requires_grad_(True), rather than torch.tensor(sourceTensor).
  self.acce_grid = torch.tensor(acce_grid).to(self.device)
/opt/sentinel-stack/HUGSIM/submodules/Pplan/Sampling/forward_sampler.py:24: UserWarning: To copy construct from a tensor, it is recommended to use sourceTensor.clone().detach() or sourceTensor.clone().detach().requires_grad_(True), rather than torch.tensor(sourceTensor).
  self.accels = torch.tensor(acce_grid,device=self.device)
/opt/sentinel-stack/HUGSIM/submodules/Pplan/Sampling/forward_sampler.py:26: UserWarning: To copy construct from a tensor, it is recommended to use sourceTensor.clone().detach() or sourceTensor.clone().detach().requires_grad_(True), rather than torch.tensor(sourceTensor).
  self.dhm_grid = torch.tensor(dhm_grid,device=self.device)
Ready for simulation
ego pose [0.0, 3.2305941652567715e-34, 0.0]
ego pose [0.0, -0.004393328738689995, 0.4375]
ego pose [0.006575500807658437, -0.011719494948624922, 1.0316419608362595]
ego pose [0.02046021451274813, -0.027823072224835446, 1.7539313805669818]
ego pose [0.05811815428490215, -0.04011624118215796, 2.5521766233020293]
ego pose [0.13300867289085455, -0.048939978071671005, 3.3802512616267757]
ego pose [0.2577992908903282, -0.0651922596594502, 4.211089960687167]
ego pose [0.43523513672027414, -0.07382213271690369, 4.994025869764042]
ego pose [0.6487460702340802, -0.0847025599160402, 5.739224153933627]
ego pose [0.8785998685997924, -0.09584008375868021, 6.471873345194586]
ego pose [1.1099082724903895, -0.11130100093460213, 7.208591048224517]
ego pose [1.3309998670380596, -0.11778082292923955, 7.943612775584485]
ego pose [1.5461487020488685, -0.1262633097324202, 8.718240437866267]
ego pose [1.723077172299291, -0.1382167890226207, 9.515555853333936]
ego pose [1.8397118301858082, -0.1528683668927328, 10.331421795533599]
ego pose [1.883409915954659, -0.167757122316996, 11.117034549109322]
ego pose [1.8863915196358887, -0.18334252705147105, 11.909680262305034]
ego pose [1.8714253216149896, -0.2016466378596331, 12.71543706096234]
ego pose [1.8619792914017277, -0.2218844566220307, 13.545047429187532]
ego pose [1.884530441953343, -0.24002339444377052, 14.382045088504553]
ego pose [1.9386340215352618, -0.2580429354906768, 15.231958044588316]
ego pose [2.0419044382040163, -0.2740602190580254, 16.050408087650414]
ego pose [2.1800745880204486, -0.28763446355856653, 16.87533409387064]
ego pose [2.3338063233148225, -0.29919240403503866, 17.707539830864366]
ego pose [2.4780656301672046, -0.31048662659710186, 18.55704652378571]
ego pose [2.579291811637179, -0.3233057020269545, 19.387792032518593]
ego pose [2.648567693762235, -0.33517343137046735, 20.22716237296701]
ego pose [2.697398732215321, -0.3471322896723535, 21.075786916149458]
ego pose [2.7508697960691286, -0.35590711295107974, 21.911237675309238]
ego pose [2.79190481606058, -0.3698987353839857, 22.559600571024866]
Collision with foreground
MoviePy - Building video /datasets/nuscenes-full/hugsim/outputs/nusc_uniad/scene-0138_extreme_00/video.mp4.
MoviePy - Writing video /datasets/nuscenes-full/hugsim/outputs/nusc_uniad/scene-0138_extreme_00/video.mp4

frame_index:   0%|          | 0/30 [00:00<?, ?it/s, now=None]frame_index:  33%|███▎      | 10/30 [00:00<00:00, 94.82it/s, now=None]frame_index:  67%|██████▋   | 20/30 [00:00<00:00, 97.43it/s, now=None]                                                                      MoviePy - Done !
MoviePy - video ready /datasets/nuscenes-full/hugsim/outputs/nusc_uniad/scene-0138_extreme_00/video.mp4
this pkl file contains 1 experiment records.
current exp has 30 frames
frame 0 / 30
comfortable: [True, True, True, True, True, True]
frame 1 / 30
comfortable: [True, True, True, True, True, True]
frame 2 / 30
comfortable: [True, True, True, True, True, True]
frame 3 / 30
comfortable: [True, True, True, True, True, True]
frame 4 / 30
comfortable: [True, True, True, True, True, True]
frame 5 / 30
comfortable: [True, True, True, True, True, True]
frame 6 / 30
comfortable: [True, True, True, True, True, True]
frame 7 / 30
comfortable: [True, True, True, True, True, True]
frame 8 / 30
comfortable: [True, True, True, True, True, True]
frame 9 / 30
comfortable: [True, True, True, True, True, True]
frame 10 / 30
comfortable: [True, True, True, True, True, True]
frame 11 / 30
comfortable: [True, True, True, True, True, True]
frame 12 / 30
comfortable: [True, True, True, True, True, True]
frame 13 / 30
collision with obstacle detected! @ timestep5
ego_poly: (18.25916441548635, -1.8546287517652473, 0.0704442253593142, 1.6855489701032638, 3.8076619863510133), obs_poly: (20.0, -0.30000001192092896, 4.371138739855951e-08, 1.6855489701032638, 3.8076619863510133)
collision with obstacle detected! @ timestep4
ego_poly: (18.139360058304455, -1.8896350845452483, 0.07322594073935268, 1.6855489701032638, 3.8076619863510133), obs_poly: (20.0, -0.30000001192092896, 4.371138739855951e-08, 1.6855489701032638, 3.8076619863510133)
 failed to pass ttc collision check, t=0.5
comfortable: [True, True, True, True, True, True]
frame 14 / 30
collision with obstacle detected! @ timestep5
ego_poly: (18.687879241437606, -1.9478371564402832, -0.016387404391598182, 1.6855489701032638, 3.8076619863510133), obs_poly: (20.0, -0.30000001192092896, 4.371138739855951e-08, 1.6855489701032638, 3.8076619863510133)
collision with obstacle detected! @ timestep4
ego_poly: (18.489605570781592, -1.8986625483634063, 0.0004739537528999336, 1.6855489701032638, 3.8076619863510133), obs_poly: (20.0, -0.30000001192092896, 4.371138739855951e-08, 1.6855489701032638, 3.8076619863510133)
 failed to pass ttc collision check, t=0.5
comfortable: [True, True, True, True, True, True]
frame 15 / 30
collision with obstacle detected! @ timestep4
ego_poly: (17.67221929511056, -1.9224457718477046, -0.03601796737750313, 1.6855489701032638, 3.8076619863510133), obs_poly: (20.0, -0.30000001192092896, 4.371138739855951e-08, 1.6855489701032638, 3.8076619863510133)
collision with obstacle detected! @ timestep4
ego_poly: (19.126282746538607, -1.9000864915973428, -0.03601796737750313, 1.6855489701032638, 3.8076619863510133), obs_poly: (20.0, -0.30000001192092896, 4.371138739855951e-08, 1.6855489701032638, 3.8076619863510133)
 failed to pass ttc collision check, t=0.5
comfortable: [True, True, True, True, True, True]
frame 16 / 30
collision with obstacle detected! @ timestep5
ego_poly: (20.169833925578665, -2.1005190142161054, -0.11968971249650193, 1.6855489701032638, 3.8076619863510133), obs_poly: (20.0, -0.30000001192092896, 4.371138739855951e-08, 1.6855489701032638, 3.8076619863510133)
collision with obstacle detected! @ timestep2
ego_poly: (17.048297183951384, -1.86377426363739, -0.05735076048568536, 1.6855489701032638, 3.8076619863510133), obs_poly: (20.0, -0.30000001192092896, 4.371138739855951e-08, 1.6855489701032638, 3.8076619863510133)
 failed to pass ttc collision check, t=0.5
comfortable: [True, True, True, True, True, True]
frame 17 / 30
collision with obstacle detected! @ timestep1
ego_poly: (16.584956577243652, -1.8670448472932109, -0.05036054297430494, 1.6855489701032638, 3.8076619863510133), obs_poly: (20.0, -0.30000001192092896, 4.371138739855951e-08, 1.6855489701032638, 3.8076619863510133)
 failed to pass ttc collision check, t=0.5
comfortable: [True, True, True, True, True, True]
frame 18 / 30
collision with obstacle detected! @ timestep2
ego_poly: (19.056113440839674, -2.20508913839245, -0.3482303092362855, 1.6855489701032638, 3.8076619863510133), obs_poly: (20.0, -0.30000001192092896, 4.371138739855951e-08, 1.6855489701032638, 3.8076619863510133)
 failed to pass ttc collision check, t=0.5
comfortable: [True, True, True, False, False, False]
frame 19 / 30
collision with obstacle detected! @ timestep5
ego_poly: (23.332096996058986, -3.179239506642361, -0.19121605536764724, 1.7765449166297913, 3.884681928157806), obs_poly: (25.944660186767578, -2.701629638671875, -3.177284428233734, 1.7765449166297913, 3.884681928157806)
collision with obstacle detected! @ timestep5
ego_poly: (25.154105553954683, -3.5040817133175617, -0.19121605536764724, 1.7765449166297913, 3.884681928157806), obs_poly: (25.944660186767578, -2.701629638671875, -3.177284428233734, 1.7765449166297913, 3.884681928157806)
 failed to pass ttc collision check, t=0.5
comfortable: [True, True, True, True, True, True]
frame 20 / 30
collision with obstacle detected! @ timestep5
ego_poly: (23.875254653533204, -3.363280316947619, -0.17416213820303642, 1.7765449166297913, 3.884681928157806), obs_poly: (27.421669006347656, -2.7399868965148926, -3.171808890171553, 1.7765449166297913, 3.884681928157806)
collision with obstacle detected! @ timestep5
ego_poly: (25.672432009146377, -3.656468482473565, -0.17416213820303642, 1.7765449166297913, 3.884681928157806), obs_poly: (27.421669006347656, -2.7399868965148926, -3.171808890171553, 1.7765449166297913, 3.884681928157806)
 failed to pass ttc collision check, t=0.5
comfortable: [True, True, True, True, True, True]
frame 21 / 30
collision with obstacle detected! @ timestep4
ego_poly: (23.089228739328984, -3.1749603991813165, -0.1122204364826048, 1.7765449166297913, 3.884681928157806), obs_poly: (25.944660186767578, -2.701629638671875, -3.177284428233734, 1.7765449166297913, 3.884681928157806)
collision with obstacle detected! @ timestep4
ego_poly: (24.623794636118102, -3.1260927055819416, -0.1122204364826048, 1.7765449166297913, 3.884681928157806), obs_poly: (25.944660186767578, -2.701629638671875, -3.177284428233734, 1.7765449166297913, 3.884681928157806)
 failed to pass ttc collision check, t=0.5
comfortable: [True, True, True, False, False, False]
frame 22 / 30
collision with obstacle detected! @ timestep5
ego_poly: (25.457582303499414, -3.1741899798352766, -0.04776112793124895, 1.7765449166297913, 3.884681928157806), obs_poly: (27.421669006347656, -2.7399868965148926, -3.171808890171553, 1.7765449166297913, 3.884681928157806)
collision with obstacle detected! @ timestep4
ego_poly: (25.345770279288672, -3.1477710104974523, -0.04573158709940614, 1.7765449166297913, 3.884681928157806), obs_poly: (27.421669006347656, -2.7399868965148926, -3.171808890171553, 1.7765449166297913, 3.884681928157806)
 failed to pass ttc collision check, t=0.5
comfortable: [True, True, True, True, True, True]
frame 23 / 30
collision with obstacle detected! @ timestep3
ego_poly: (23.23630035022402, -2.9631477454512405, 0.0241775380512095, 1.7765449166297913, 3.884681928157806), obs_poly: (25.944660186767578, -2.701629638671875, -3.177284428233734, 1.7765449166297913, 3.884681928157806)
collision with obstacle detected! @ timestep3
ego_poly: (24.816422600320138, -3.147770494503117, 0.0241775380512095, 1.7765449166297913, 3.884681928157806), obs_poly: (25.944660186767578, -2.701629638671875, -3.177284428233734, 1.7765449166297913, 3.884681928157806)
 failed to pass ttc collision check, t=0.5
comfortable: [True, True, True, True, True, True]
frame 24 / 30
collision with obstacle detected! @ timestep4
ego_poly: (26.720054145895723, -2.645357897620876, -0.26293940051357106, 1.7765449166297913, 3.884681928157806), obs_poly: (27.421669006347656, -2.7399868965148926, -3.171808890171553, 1.7765449166297913, 3.884681928157806)
collision with obstacle detected! @ timestep3
ego_poly: (22.52486736735993, -1.8899493462687977, -0.06797123744138314, 1.6855489701032638, 3.8076619863510133), obs_poly: (20.0, -0.30000001192092896, 4.371138739855951e-08, 1.6855489701032638, 3.8076619863510133)
 failed to pass ttc collision check, t=0.5
comfortable: [True, False, False, False, False, False]
frame 25 / 30
collision with obstacle detected! @ timestep2
ego_poly: (23.546236205423597, -2.814200897785158, -0.09053490925415988, 1.7765449166297913, 3.884681928157806), obs_poly: (25.944660186767578, -2.701629638671875, -3.177284428233734, 1.7765449166297913, 3.884681928157806)
collision with obstacle detected! @ timestep2
ego_poly: (25.178776023530638, -2.89181321847967, -0.09053490925415988, 1.7765449166297913, 3.884681928157806), obs_poly: (25.944660186767578, -2.701629638671875, -3.177284428233734, 1.7765449166297913, 3.884681928157806)
 failed to pass ttc collision check, t=0.5
comfortable: [True, True, True, True, True, True]
frame 26 / 30
collision with obstacle detected! @ timestep2
ego_poly: (24.280001254491854, -2.9018604556077228, -0.0812671669958086, 1.7765449166297913, 3.884681928157806), obs_poly: (27.421669006347656, -2.7399868965148926, -3.171808890171553, 1.7765449166297913, 3.884681928157806)
collision with obstacle detected! @ timestep1
ego_poly: (24.300909052071926, -2.8939223821877293, -0.06662425842446477, 1.7765449166297913, 3.884681928157806), obs_poly: (27.421669006347656, -2.7399868965148926, -3.171808890171553, 1.7765449166297913, 3.884681928157806)
 failed to pass ttc collision check, t=0.5
comfortable: [True, True, True, True, True, True]
frame 27 / 30
collision with obstacle detected! @ timestep1
ego_poly: (23.659021593573588, -3.4768498259190967, 0.3645198762130979, 1.7765449166297913, 3.884681928157806), obs_poly: (25.944660186767578, -2.701629638671875, -3.177284428233734, 1.7765449166297913, 3.884681928157806)
collision with obstacle detected! @ timestep1
ego_poly: (25.406805511837938, -4.202829855769065, 0.3645198762130979, 1.7765449166297913, 3.884681928157806), obs_poly: (25.944660186767578, -2.701629638671875, -3.177284428233734, 1.7765449166297913, 3.884681928157806)
 failed to pass ttc collision check, t=0.5
comfortable: [True, True, True, True, False, True]
frame 28 / 30
comfortable: [True, True, True, True, True, True]
frame 29 / 30
collision with obstacle detected! @ timestep0
ego_poly: (23.0208522049464, -2.820869266121097, -0.062372136718824474, 1.7765449166297913, 3.884681928157806), obs_poly: (25.944660186767578, -2.701629638671875, -3.177284428233734, 1.7765449166297913, 3.884681928157806)
collision with obstacle detected! @ timestep0
ego_poly: (23.0208522049464, -2.820869266121097, -0.062372136718824474, 1.7765449166297913, 3.884681928157806), obs_poly: (25.944660186767578, -2.701629638671875, -3.177284428233734, 1.7765449166297913, 3.884681928157806)
 failed to pass ttc collision check, t=0.5
comfortable: [True, True, True, True, True, True]
The score of experiment is (0.4761904761904762, 0.23842455377725089, 0.1135355017986909, {'nc': 0.5333333333333333, 'dac': 1.0, 'ttc': 0.4666666666666667, 'c': 0.8666666666666667, 'pdms': 0.4761904761904762}, {0.25: {'nc': 1.0, 'dac': 1.0, 'ttc': 1.0, 'c': 1.0, 'pdms': 1.0}, 0.5: {'nc': 1.0, 'dac': 1.0, 'ttc': 1.0, 'c': 1.0, 'pdms': 1.0}, 0.75: {'nc': 1.0, 'dac': 1.0, 'ttc': 1.0, 'c': 1.0, 'pdms': 1.0}, 1.0: {'nc': 1.0, 'dac': 1.0, 'ttc': 1.0, 'c': 1.0, 'pdms': 1.0}, 1.25: {'nc': 1.0, 'dac': 1.0, 'ttc': 1.0, 'c': 1.0, 'pdms': 1.0}, 1.5: {'nc': 1.0, 'dac': 1.0, 'ttc': 1.0, 'c': 1.0, 'pdms': 1.0}, 1.75: {'nc': 1.0, 'dac': 1.0, 'ttc': 1.0, 'c': 1.0, 'pdms': 1.0}, 2.0: {'nc': 1.0, 'dac': 1.0, 'ttc': 1.0, 'c': 1.0, 'pdms': 1.0}, 2.25: {'nc': 1.0, 'dac': 1.0, 'ttc': 1.0, 'c': 1.0, 'pdms': 1.0}, 2.5: {'nc': 1.0, 'dac': 1.0, 'ttc': 1.0, 'c': 1.0, 'pdms': 1.0}, 2.75: {'nc': 1.0, 'dac': 1.0, 'ttc': 1.0, 'c': 1.0, 'pdms': 1.0}, 3.0: {'nc': 1.0, 'dac': 1.0, 'ttc': 1.0, 'c': 1.0, 'pdms': 1.0}, 3.25: {'nc': 1.0, 'dac': 1.0, 'ttc': 1.0, 'c': 1.0, 'pdms': 1.0}, 3.5: {'nc': 0.0, 'dac': 1.0, 'ttc': 0.0, 'c': 1.0, 'pdms': 0.0}, 3.75: {'nc': 0.0, 'dac': 1.0, 'ttc': 0.0, 'c': 1.0, 'pdms': 0.0}, 4.0: {'nc': 0.0, 'dac': 1.0, 'ttc': 0.0, 'c': 1.0, 'pdms': 0.0}, 4.25: {'nc': 0.0, 'dac': 1.0, 'ttc': 0.0, 'c': 1.0, 'pdms': 0.0}, 4.5: {'nc': 1.0, 'dac': 1.0, 'ttc': 0.0, 'c': 1.0, 'pdms': 0.2857142857142857}, 4.75: {'nc': 1.0, 'dac': 1.0, 'ttc': 0.0, 'c': 0.0, 'pdms': 0.0}, 5.0: {'nc': 0.0, 'dac': 1.0, 'ttc': 0.0, 'c': 1.0, 'pdms': 0.0}, 5.25: {'nc': 0.0, 'dac': 1.0, 'ttc': 0.0, 'c': 1.0, 'pdms': 0.0}, 5.5: {'nc': 0.0, 'dac': 1.0, 'ttc': 0.0, 'c': 0.0, 'pdms': 0.0}, 5.75: {'nc': 0.0, 'dac': 1.0, 'ttc': 0.0, 'c': 1.0, 'pdms': 0.0}, 6.0: {'nc': 0.0, 'dac': 1.0, 'ttc': 0.0, 'c': 1.0, 'pdms': 0.0}, 6.25: {'nc': 0.0, 'dac': 1.0, 'ttc': 0.0, 'c': 0.0, 'pdms': 0.0}, 6.5: {'nc': 0.0, 'dac': 1.0, 'ttc': 0.0, 'c': 1.0, 'pdms': 0.0}, 6.75: {'nc': 0.0, 'dac': 1.0, 'ttc': 0.0, 'c': 1.0, 'pdms': 0.0}, 7.0: {'nc': 0.0, 'dac': 1.0, 'ttc': 0.0, 'c': 0.0, 'pdms': 0.0}, 7.25: {'nc': 1.0, 'dac': 1.0, 'ttc': 1.0, 'c': 1.0, 'pdms': 1.0}, 7.5: {'nc': 0.0, 'dac': 1.0, 'ttc': 0.0, 'c': 1.0, 'pdms': 0.0}}).
=============================Results=============================
'nc': 0.5333333333333333
'dac': 1.0
'ttc': 0.4666666666666667
'c': 0.8666666666666667
'pdms': 0.4761904761904762
'rc': 0.23842455377725089
'hdscore': 0.1135355017986909
The AD algorithm is still running, remaining tolerant 100.
The AD algorithm is still running, remaining tolerant 95.
The AD algorithm is still running, remaining tolerant 90.
The AD algorithm completed with return code 0.
+ rc=0
+ echo 'I103_SLOT_RC=0 i102_s13_iter49_hard_extreme_both_distinct_objects_scene_0138_extreme_00_r1 scene-0138-extreme-00 on a1'
I103_SLOT_RC=0 i102_s13_iter49_hard_extreme_both_distinct_objects_scene_0138_extreme_00_r1 scene-0138-extreme-00 on a1
+ docker rm -f hugsim_uniad_client
++ python3 -c '
import json, math
try:
    v = json.load(open('\''/datasets/nuscenes-full/hugsim/outputs/nusc_uniad/scene-0138_extreme_00/eval.json'\'')).get('\''hdscore'\'')
    print(v if isinstance(v, (int, float)) and math.isfinite(v) else '\''INVALID'\'')
except Exception:
    print('\''MISSING'\'')
'
+ hd=0.1135355017986909
++ python3 -c '
import json
try:
    data = json.load(open('\''/datasets/nuscenes-full/hugsim/outputs/nusc_uniad/scene-0138_extreme_00/eval.json'\''))
    print(1 if '\''collision_provenance'\'' in data else 0)
except Exception:
    print(0)
'
+ provenance=1
++ grep -c sent /datasets/nuscenes-full/hugsim/outputs/nusc_uniad/scene-0138_extreme_00/output.txt
+ steps=30
+ '[' -n 30 ']'
++ grep -c 'SENTINEL_I48_UNION_PATCH_LOADED enabled=1' /datasets/nuscenes-full/hugsim/outputs/nusc_uniad/scene-0138_extreme_00/output.txt
+ marker=1
+ '[' -n 1 ']'
+ decisions=0
+ '[' -s /datasets/nuscenes-full/hugsim/outputs/nusc_uniad/scene-0138_extreme_00/sentinel_iter48_decisions.jsonl ']'
++ grep -c 'SENTINEL_I48_DECISION frame=' /datasets/nuscenes-full/hugsim/outputs/nusc_uniad/scene-0138_extreme_00/output.txt
+ '[' 30 -gt 0 ']'
+ decisions=1
+ '[' 0 = 0 ']'
+ '[' 0.1135355017986909 '!=' MISSING ']'
+ '[' 0.1135355017986909 '!=' INVALID ']'
+ '[' 1 = 1 ']'
+ '[' 30 -gt 0 ']'
+ '[' 1 -gt 0 ']'
+ '[' 1 = 1 ']'
+ rm -rf /datasets/nuscenes-full/hugsim/iter103_runs/i102_s13_iter49_hard_extreme_both_distinct_objects_scene_0138_extreme_00_r1__scene-0138-extreme-00__on
+ mkdir -p /datasets/nuscenes-full/hugsim/iter103_runs/i102_s13_iter49_hard_extreme_both_distinct_objects_scene_0138_extreme_00_r1__scene-0138-extreme-00__on
+ find /datasets/nuscenes-full/hugsim/outputs/nusc_uniad/scene-0138_extreme_00 -type p -delete
+ mv /datasets/nuscenes-full/hugsim/outputs/nusc_uniad/scene-0138_extreme_00/data.pkl /datasets/nuscenes-full/hugsim/outputs/nusc_uniad/scene-0138_extreme_00/eval.json /datasets/nuscenes-full/hugsim/outputs/nusc_uniad/scene-0138_extreme_00/ground.ply /datasets/nuscenes-full/hugsim/outputs/nusc_uniad/scene-0138_extreme_00/infos.pkl /datasets/nuscenes-full/hugsim/outputs/nusc_uniad/scene-0138_extreme_00/output.txt /datasets/nuscenes-full/hugsim/outputs/nusc_uniad/scene-0138_extreme_00/scene.ply /datasets/nuscenes-full/hugsim/outputs/nusc_uniad/scene-0138_extreme_00/sentinel_iter48_decisions.jsonl /datasets/nuscenes-full/hugsim/outputs/nusc_uniad/scene-0138_extreme_00/uniad /datasets/nuscenes-full/hugsim/outputs/nusc_uniad/scene-0138_extreme_00/video.mp4 /datasets/nuscenes-full/hugsim/iter103_runs/i102_s13_iter49_hard_extreme_both_distinct_objects_scene_0138_extreme_00_r1__scene-0138-extreme-00__on/
+ rmdir /datasets/nuscenes-full/hugsim/outputs/nusc_uniad/scene-0138_extreme_00
++ date -u +%s
+ printf '{"slot_id":"%s","scenario":"%s","arm":"on","attempt":%s,"rc":%s,"hdscore":%s,"steps":%s,"start_epoch":%s,"end_epoch":%s}\n' i102_s13_iter49_hard_extreme_both_distinct_objects_scene_0138_extreme_00_r1 scene-0138-extreme-00 1 0 0.1135355017986909 30 1784007670 1784007827
+ echo 'I103_SLOT_DONE i102_s13_iter49_hard_extreme_both_distinct_objects_scene_0138_extreme_00_r1 scene-0138-extreme-00 on ok hd=0.1135355017986909 steps=30'
I103_SLOT_DONE i102_s13_iter49_hard_extreme_both_distinct_objects_scene_0138_extreme_00_r1 scene-0138-extreme-00 on ok hd=0.1135355017986909 steps=30
+ return 0
+ IFS='	'
+ read -r slot_id scenario _scenario_sha
+ cd /datasets/nuscenes-full/hugsim/iter103_runs
+ find . -path ./prior_launches -prune -o -type f '(' -name data.pkl -o -name infos.pkl -o -name video.mp4 -o -name '*.ply' ')' -print
+ sort
+ xargs -r sha256sum
+ df -B1 /datasets/nuscenes-full
+ tail -1
++ date -u
+ echo 'I103_PROVENANCE_BATCH_DONE Tue Jul 14 05:43:53 UTC 2026'
I103_PROVENANCE_BATCH_DONE Tue Jul 14 05:43:53 UTC 2026
